Age,StudyHours,Attendance,PreviousGPA,AssignmentsCompleted,SleepHours,InternetHours,Scholarship_No,Scholarship_Si,Program_Administracion,Program_Contador Auditor,Program_Ingenieria Civil,Program_Ingenieria Industrial,Program_Ingenieria Informatica
-0.4328753868957137,-0.3059486407865545,-0.12539317416544787,0.5313084226506505,-1.2682259741693027,-0.6463601367943622,-0.6140701700596874,0.0,1.0,0.0,0.0,0.0,1.0,0.0
1.993428389765828,-0.4913081087507554,1.5001904900784162,1.5139640622378931,-0.6695823687659385,-0.42450328343240473,0.5276774107379045,1.0,0.0,0.0,0.0,0.0,0.0,1.0
0.6454818471760826,0.29646963009709876,0.7882934222463529,0.5019754184838677,0.7917220218597093,-0.2647663490117948,0.006990327187354506,1.0,0.0,0.0,1.0,0.0,0.0,0.0
0.9150711556940316,1.8676117871269928,-0.33025563972863187,-0.9353417856885181,0.40567364555471913,-0.743977152273623,-0.16866314678150596,1.0,0.0,0.0,1.0,0.0,0.0,0.0
-0.9720540039316119,-1.283499168264424,-1.5143606906838356,-1.3020043377733101,-1.6481344160598994,-0.619737314390927,-0.705033576222133,1.0,0.0,0.0,0.0,1.0,0.0,0.0
-0.7024646954136627,0.3803227227475708,-1.926134246465835,1.4112985476541524,0.6251763008692861,-1.1344452141906685,-0.3756833125305197,0.0,1.0,0.0,0.0,0.0,1.0,0.0
-0.4328753868957137,1.8676117871269928,1.2553798437304111,1.8366271080725112,1.0994862343811829,0.9243863850082964,-1.0657505316938995,0.0,1.0,0.0,0.0,0.0,0.0,1.0
0.3758925386581335,0.5877487940408431,-1.926134246465835,1.1326350080697098,-0.045611533903201336,0.23219300251898964,0.8601643436075331,0.0,1.0,0.0,0.0,0.0,1.0,0.0
1.993428389765828,-0.8818869876753216,0.33247443636826823,-1.360670346106877,0.41334856357271166,0.019210423291510258,-0.1623898084254751,1.0,0.0,0.0,1.0,0.0,0.0,0.0
0.3758925386581335,-1.8108909878292334,-0.9141136665837065,-0.40734771068641695,-2.0788891898196917,1.1462432383702539,1.7603883976979424,0.0,1.0,1.0,0.0,0.0,0.0,0.0
-1.51123262096751,-0.645774332054256,0.4133951102657251,-0.8180097690213846,-0.2543693039925796,1.2793573503874287,-0.8587303659448857,1.0,0.0,0.0,0.0,0.0,0.0,1.0
0.6454818471760826,-1.614498218200497,-1.193750932077453,0.4433094101503009,-2.0788891898196917,1.7940652501871701,0.47121736553362803,1.0,0.0,0.0,0.0,0.0,0.0,1.0
1.993428389765828,0.8834412786504018,-0.12846611114889575,-0.436680714853201,0.15777379357358315,0.5960382420326,-1.4099999739810856,1.0,0.0,0.0,1.0,0.0,0.0,0.0
1.7238390812478788,0.5612688700459575,-1.2111642416503239,0.487308916400475,0.3834163833025434,-0.3712576386255345,-0.5105600871851804,1.0,0.0,0.0,0.0,1.0,0.0,0.0
-0.9720540039316119,-0.25078213246387565,-0.061885809840861825,0.7659724559849176,0.17772858042036127,-1.5604103726456264,-1.11280056936413,1.0,0.0,0.0,0.0,0.0,1.0,0.0
0.9150711556940316,-1.0407665316446366,0.13170922011634711,0.7073064476513509,-0.66881487696414,0.10795316463629373,0.1795071319781994,1.0,0.0,0.0,0.0,0.0,1.0,0.0
0.6454818471760826,-1.3254257145896595,1.5411629831910536,-1.5220018690241848,-0.9312970731794603,0.019210423291510258,0.028947011433462132,1.0,0.0,0.0,0.0,1.0,0.0,0.0
-0.7024646954136627,-0.5045480707481981,-1.1589243129317115,-0.8913422794383427,-1.1738244825480038,1.4923399296149082,0.8005676292252414,0.0,1.0,0.0,1.0,0.0,0.0,0.0
0.3758925386581335,-0.07204264549839602,-0.5637988504706617,-0.23134968568571657,-0.2175296975062184,0.16119880944316317,1.7980284278341265,1.0,0.0,0.0,1.0,0.0,0.0,0.0
1.4542497727299297,1.0489408036184384,-0.50643736011297,0.2233118788994251,1.0994862343811829,-0.9747082797700586,-1.2319939981287138,1.0,0.0,0.0,0.0,1.0,0.0,0.0
-1.51123262096751,-0.4493815624255192,-1.3668597154783433,1.5286305643212845,-1.38411723624098,0.40080421107407765,0.19519047786827615,1.0,0.0,1.0,0.0,0.0,0.0,0.0
0.3758925386581335,0.44872919306769227,0.9050650276173678,1.8366271080725112,-0.7624488767836405,-0.1760236076670121,0.2547871922505682,1.0,0.0,1.0,0.0,0.0,0.0,0.0
0.10630323014018443,1.8676117871269928,1.5411629831910536,1.6752955851552023,0.750277464562554,1.0220034004875589,0.8287976518273795,1.0,0.0,0.0,0.0,1.0,0.0,0.0
0.3758925386581335,-0.6788742370478634,-0.45419743139435903,-0.4953467231867678,0.12477164609621767,-0.2913891714152299,-0.7081702454001483,1.0,0.0,0.0,0.0,1.0,0.0,0.0
-1.241643312449561,0.33177619542361325,1.3875161340186655,0.09131336014890014,1.0994862343811829,-1.8355128708144544,-1.4099999739810856,0.0,1.0,0.0,0.0,1.0,0.0,0.0
0.3758925386581335,-1.2217126789430235,-1.8196057643729802,-1.2726713336065263,-2.0788891898196917,1.5278370261528222,0.9542644189479942,1.0,0.0,0.0,0.0,0.0,1.0,0.0
-0.7024646954136627,-0.6634276147175133,0.4963644088188149,0.25264488306620914,-1.0034413025485847,0.8178950953945575,-0.4227333502007502,1.0,0.0,0.0,0.0,0.0,1.0,0.0
0.10630323014018443,0.23026982010988434,-0.3138666424835775,0.13531286639907555,1.0994862343811829,-1.8355128708144544,0.9605377573040248,0.0,1.0,0.0,0.0,0.0,0.0,1.0
-0.7024646954136627,0.24130312177441987,0.3191583761066603,-1.199338823189568,0.15777379357358315,-0.5576173954495788,0.5841374559421815,1.0,0.0,0.0,0.0,0.0,0.0,1.0
-0.4328753868957137,-1.1091730019647585,-0.8721168611432542,-1.8446649148588028,-2.0788891898196917,1.7496938795147796,0.4273039970414131,1.0,0.0,0.0,0.0,0.0,1.0,0.0
-0.4328753868957137,-1.851714203988016,-1.841116323257114,-1.0526738023556517,-1.0303035156115556,0.36530711453616443,-0.748946944714348,0.0,1.0,1.0,0.0,0.0,0.0,0.0
0.3758925386581335,1.1967870459232182,-0.5494584778812388,1.4112985476541524,1.0994862343811829,1.3592258175977334,-1.4099999739810856,1.0,0.0,0.0,0.0,1.0,0.0,0.0
-1.241643312449561,0.3339828557565203,0.7381021181833719,-0.6126787398539014,1.0994862343811829,-0.593114491987492,0.3802539593711825,0.0,1.0,0.0,0.0,0.0,1.0,0.0
0.9150711556940316,0.17510331178720548,-1.926134246465835,1.0446359955693603,-0.3257460415599032,0.05470751982942349,0.844480997717456,0.0,1.0,1.0,0.0,0.0,0.0,0.0
0.10630323014018443,-0.01908279750862427,0.04925207772716631,-0.6273452419372928,0.37343898987915436,0.9155121108738183,0.46180735799958217,1.0,0.0,0.0,0.0,1.0,0.0,0.0
1.1846604642119807,0.05594365381021894,-0.7031053270536268,1.6459625809884182,-1.9858308088515413,-1.8355128708144544,0.9417177422359324,1.0,0.0,1.0,0.0,0.0,0.0,0.0
-0.7024646954136627,1.0776273879462313,0.5260694663254771,-0.12868417110197566,1.0994862343811829,1.0663747711599494,-0.8116803282746553,1.0,0.0,0.0,0.0,0.0,0.0,1.0
-0.16328607837776465,-0.6038477857290202,-0.8096338091464831,1.1619680122364926,0.30129476051003,-1.2586850520733646,-1.1284839152542068,1.0,0.0,0.0,1.0,0.0,0.0,0.0
-1.51123262096751,0.8944745803149378,0.33452306102389967,1.0299694934859676,0.9889674149221005,-0.5753659437185358,-0.5513367864993801,0.0,1.0,0.0,1.0,0.0,0.0,0.0
1.1846604642119807,-1.851714203988016,0.39188455138159145,-0.26068268985250065,-1.206826630025368,0.09020461636733672,-1.2539506823748212,1.0,0.0,0.0,0.0,0.0,1.0,0.0
1.1846604642119807,-0.42731495909644773,-1.6505942302833527,0.5899744309842172,-0.7133294014684926,-1.5604103726456264,1.8733084881064954,1.0,0.0,0.0,0.0,0.0,0.0,1.0
-0.9720540039316119,1.099693991275303,0.45027035406709814,1.176634514319885,1.0994862343811829,-0.5664916695840568,-0.14670646253539835,0.0,1.0,0.0,0.0,1.0,0.0,0.0
-0.4328753868957137,-1.2018527359468592,0.27818588299402436,-1.3166708398567015,-0.8944574666931002,-0.5398688471806226,-0.827363674164732,1.0,0.0,1.0,0.0,0.0,0.0,0.0
0.3758925386581335,0.5038957013903711,1.5411629831910536,1.4259650497375438,1.0994862343811829,-1.1166966659217115,-0.7081702454001483,1.0,0.0,0.0,0.0,0.0,0.0,1.0
1.7238390812478788,0.2876429887654703,-1.00630177608714,0.3113108913997759,-0.29120891047894076,0.1700730835776421,-0.36313663581845823,0.0,1.0,0.0,0.0,0.0,0.0,1.0
-0.16328607837776465,1.1372072169347243,0.4769024745903126,0.003314347648550597,1.0994862343811829,-1.4539190830318869,-0.9936071405995461,0.0,1.0,0.0,0.0,1.0,0.0,0.0
0.10630323014018443,0.37811606241466367,0.185997773490591,0.20864537681603373,0.886891005282809,1.6165797674976048,1.5815982545510667,1.0,0.0,0.0,1.0,0.0,0.0,0.0
-0.16328607837776465,-0.01908279750862427,-0.7072025763648911,-0.9500082877719095,1.0994862343811829,-0.2913891714152299,-1.4099999739810856,1.0,0.0,0.0,0.0,0.0,1.0,0.0
-0.7024646954136627,-0.29270867878911144,0.04925207772716631,-1.331337341940093,-0.4086351561542162,-1.2498107779388863,-1.0375205090917612,0.0,1.0,0.0,0.0,1.0,0.0,0.0
0.6454818471760826,1.8676117871269928,1.5411629831910536,-0.8913422794383427,1.0994862343811829,-0.6374858626598833,1.107961208670747,1.0,0.0,0.0,1.0,0.0,0.0,0.0
-1.51123262096751,0.8415147323251659,-0.7256401982655769,-0.08468466485180025,1.0994862343811829,-1.2143136814009732,1.9015385107086336,1.0,0.0,0.0,0.0,0.0,0.0,1.0
0.3758925386581335,-0.14265577615142502,-0.761491129739135,-0.6566782461040755,-1.829262481284507,0.5605411454946868,-0.187483161849598,1.0,0.0,0.0,1.0,0.0,0.0,0.0
-1.241643312449561,0.2523364234389558,0.8671654714881784,0.003314347648550597,0.2337554819517021,-1.010205376307972,0.14500377102003031,1.0,0.0,0.0,0.0,1.0,0.0,0.0
1.7238390812478788,-1.2062660566126733,-1.9015507505982534,-1.2286718273563522,-1.144659794079634,-1.0723252952493203,-1.1033905618300839,0.0,1.0,0.0,0.0,1.0,0.0,0.0
-1.51123262096751,0.09345687946964056,1.2707445286476506,-0.7446772586044264,1.0994862343811829,-0.5132460247771874,-0.5889768166355646,1.0,0.0,0.0,0.0,0.0,1.0,0.0
-1.51123262096751,0.6362953213648007,0.04925207772716631,-0.7446772586044264,-0.15459536975868576,0.34755856626720744,-0.6485735310178563,1.0,0.0,0.0,0.0,0.0,1.0,0.0
-1.241643312449561,-1.1091730019647585,-0.8885058583883085,-0.7886767648546005,-0.21829718930801797,-0.32688626795314313,1.0420911559324242,1.0,0.0,0.0,1.0,0.0,0.0,0.0
1.4542497727299297,-1.851714203988016,-0.13563629744360794,-1.7273328981916691,-1.0333734828187529,0.5250440489567736,-1.4099999739810856,1.0,0.0,0.0,1.0,0.0,0.0,0.0
-1.51123262096751,-0.9414668166638147,1.0187636960049349,-1.4340028565238352,0.15777379357358315,-0.20264643007044725,-0.5513367864993801,1.0,0.0,0.0,1.0,0.0,0.0,0.0
-0.4328753868957137,0.29646963009709876,-0.44600293277183184,-0.6860112502708595,0.4033711701493226,0.05470751982942349,2.033278616185279,1.0,0.0,0.0,0.0,0.0,0.0,1.0
-0.16328607837776465,-0.961326759659979,-1.926134246465835,-1.1700058190227853,-1.401002055880562,0.6492838868394702,0.06345037239163094,1.0,0.0,0.0,0.0,0.0,0.0,1.0
0.3758925386581335,0.9540544093034308,-1.529725375601075,-0.07001816276840887,0.5699168911397449,0.38305566280512066,1.2679313367495304,0.0,1.0,0.0,0.0,0.0,0.0,1.0
-0.7024646954136627,-1.0628331349737083,-1.926134246465835,-0.26068268985250065,-1.5414530556098127,1.0663747711599494,-1.3951007953855128,1.0,0.0,0.0,0.0,1.0,0.0,0.0
0.6454818471760826,0.25674974410477003,0.6039172032394862,-1.8446649148588028,0.15777379357358315,-1.1344452141906685,-0.36940997417448906,1.0,0.0,0.0,0.0,1.0,0.0,0.0
-0.16328607837776465,0.5568555493801429,0.6940566880872882,0.42864290806690825,0.15777379357358315,0.5250440489567736,-0.1623898084254751,0.0,1.0,0.0,0.0,0.0,1.0,0.0
-0.16328607837776465,-1.70497129184969,-0.8106581214742982,-1.8446649148588028,-0.8514779257923457,-0.016286673246402185,-1.4045108029195588,1.0,0.0,0.0,0.0,0.0,0.0,1.0
0.10630323014018443,-0.3898017334370261,-0.2585537767815172,0.35531039764995004,-2.0788891898196917,0.9332606591427761,-0.6673935460859486,1.0,0.0,1.0,0.0,0.0,0.0,0.0
0.3758925386581335,-0.3500818474446974,-1.6096217371707169,-0.5393462294369419,-0.5705759263338442,0.2588158249224248,-0.8995070652590853,0.0,1.0,0.0,0.0,0.0,1.0,0.0
-1.51123262096751,1.1283805756030958,0.4431001677723874,0.3113108913997759,0.23145300654630444,1.6254540416320828,-0.6924868995100715,0.0,1.0,0.0,0.0,1.0,0.0,0.0
-0.7024646954136627,-0.8355471206842712,0.5209479046863978,-0.2166831836023252,0.15777379357358315,1.776316701918214,-0.5513367864993801,1.0,0.0,0.0,0.0,0.0,0.0,1.0
-0.4328753868957137,-1.0429731919775438,-0.0649587468243097,-0.8620092752715599,-1.6512043832670966,1.3858486400011691,-1.0061538173116076,1.0,0.0,0.0,0.0,0.0,1.0,0.0
-0.9720540039316119,-1.851714203988016,-1.5235795016341793,-0.15801717526875841,-1.9060116614644256,-0.43337755756688284,-1.4099999739810856,0.0,1.0,0.0,0.0,0.0,1.0,0.0
0.3758925386581335,-0.8245138190197356,-1.0226907733321944,-1.0380073002722603,1.0994862343811829,-0.76172570054258,0.16068711691010734,1.0,0.0,0.0,0.0,0.0,0.0,1.0
1.1846604642119807,-0.04556272150350995,-0.14587942072176657,-0.24601618776910925,0.7026929728510042,-0.2913891714152299,-0.9685137871754234,1.0,0.0,1.0,0.0,0.0,0.0,0.0
-1.51123262096751,0.8260681099948158,-0.3056721438610503,-0.30468219610267605,0.22301059672651344,1.7940652501871701,-0.965377117997408,1.0,0.0,1.0,0.0,0.0,0.0,0.0
-0.4328753868957137,-0.1007292298261888,-1.7591713370318405,1.4406315518209352,-0.20371484507383364,0.3564328404016863,-0.5701568015674722,1.0,0.0,0.0,0.0,0.0,1.0,0.0
-0.4328753868957137,-0.01908279750862427,-1.505141879733492,-1.6393338856913182,-2.0788891898196917,0.8090208212600795,-0.17179981595952126,0.0,1.0,1.0,0.0,0.0,0.0,0.0
0.9150711556940316,-0.01908279750862427,-0.3732767574969007,0.5606414268174345,-1.0778880073231054,-1.356302067552626,2.258334629707881,0.0,1.0,0.0,0.0,0.0,1.0,0.0
-0.7024646954136627,-1.2857058285973308,-1.4948987564553333,0.01798084973194197,0.16928617060057027,-0.46887465410479606,0.5119940648478281,1.0,0.0,0.0,0.0,0.0,1.0,0.0
-0.16328607837776465,-0.6766675767149564,-1.1589243129317115,0.003314347648550597,-0.5559935820996588,-0.5664916695840568,-0.67994022279801,0.0,1.0,0.0,1.0,0.0,0.0,0.0
0.10630323014018443,-1.2084727169455804,-0.1417821714105037,0.648640439317784,-0.44624225444237586,0.738026628184253,-0.19061983102761332,0.0,1.0,0.0,0.0,0.0,0.0,1.0
-1.51123262096751,-1.851714203988016,-1.926134246465835,0.648640439317784,-2.0788891898196917,0.2676900990569029,-0.5482001173213649,1.0,0.0,0.0,0.0,0.0,0.0,1.0
-0.16328607837776465,1.8676117871269928,0.04925207772716631,1.8366271080725112,1.0994862343811829,0.888889288470384,-0.1623898084254751,1.0,0.0,0.0,0.0,0.0,1.0,0.0
0.9150711556940316,-0.4184883177648193,-0.11105280157602494,-0.6126787398539014,-0.6787922703875291,1.1906146090426462,-1.018700494023669,1.0,0.0,0.0,0.0,1.0,0.0,0.0
-1.241643312449561,-0.01908279750862427,-1.2193587402728512,-1.4340028565238352,-1.2198739906559544,1.2616088021184726,-0.5356534406093034,1.0,0.0,0.0,1.0,0.0,0.0,0.0
-0.7024646954136627,-0.12941581415398198,-0.710275513348339,-0.6273452419372928,-0.5345038116492826,0.16119880944316317,1.029544479220363,1.0,0.0,0.0,1.0,0.0,0.0,0.0
-1.51123262096751,0.7179417536823652,-0.19197347547348326,1.0593024976527516,1.0994862343811829,1.2261117055805602,-0.7959969823845784,1.0,0.0,0.0,0.0,0.0,0.0,1.0
-0.9720540039316119,-0.06983598516548892,-0.3722524451690857,-0.055351660685016194,0.8454464479856525,0.8977635626048621,-0.783450305672517,1.0,0.0,0.0,0.0,1.0,0.0,0.0
-1.51123262096751,-0.24636881179806103,-0.3947873163810358,-0.5100132252701591,-1.3656974329978,-0.5398688471806226,-1.4099999739810856,0.0,1.0,0.0,1.0,0.0,0.0,0.0
-0.4328753868957137,0.09345687946964056,0.4717809129512333,0.8686379705686599,-0.7655188439908366,0.5072955006878174,0.19205380869026087,1.0,0.0,0.0,0.0,0.0,0.0,1.0
-0.7024646954136627,0.4950690600587427,1.429512939459118,0.5899744309842172,0.15777379357358315,0.38305566280512066,0.6217774860783656,1.0,0.0,0.0,0.0,1.0,0.0,0.0
-0.16328607837776465,0.9805343332983169,0.04925207772716631,-0.3926812086030256,-0.5652034837212494,0.3298100179982512,-0.8210903358087013,1.0,0.0,0.0,1.0,0.0,0.0,0.0
0.10630323014018443,0.8371014116593518,0.9050650276173678,-1.8446649148588028,1.0994862343811829,1.6343283157665611,-1.407647472097574,1.0,0.0,0.0,0.0,1.0,0.0,0.0
1.7238390812478788,-0.656807633718792,-1.2920849155477807,-0.7593437606878177,0.5821967599685326,-1.5515360985111484,-0.8116803282746553,0.0,1.0,0.0,0.0,0.0,0.0,1.0
-0.9720540039316119,-0.5972278047302986,-1.0790279513620695,-0.568679233603726,-1.4071419902949553,0.7646494505876881,-0.8179536666306858,0.0,1.0,0.0,0.0,0.0,1.0,0.0
0.6454818471760826,-0.5751612014012271,-1.159948625259528,0.5899744309842172,-0.9243896469632685,0.019210423291510258,2.258334629707881,0.0,1.0,1.0,0.0,0.0,0.0,0.0
-1.241643312449561,-0.20885558613863942,-1.7909250191941344,-0.8326762711047759,0.15777379357358315,-0.1582750593980551,1.3369380586658681,1.0,0.0,0.0,0.0,1.0,0.0,0.0
1.4542497727299297,-1.851714203988016,0.09688260097060694,-1.2286718273563522,-2.0788891898196917,-0.9392111832321454,-0.3913666584205967,0.0,1.0,0.0,1.0,0.0,0.0,0.0
0.9150711556940316,1.3534599295596255,0.7391264305111883,-0.8766757773549513,1.0994862343811829,-0.8770912642907979,2.08660199221154,0.0,1.0,0.0,0.0,0.0,1.0,0.0
-0.16328607837776465,0.7620749603405081,-0.027059190695120198,0.8979709747354425,-0.5728784017392419,1.030877674622037,0.49944738813576656,1.0,0.0,0.0,0.0,1.0,0.0,0.0
-1.241643312449561,0.4531425137335069,-0.1550982316721102,1.4992975601545018,-0.12005823867772221,0.7025295316463398,1.13305456209487,1.0,0.0,0.0,0.0,0.0,1.0,0.0
0.6454818471760826,0.9165411836440088,0.877408594766337,-0.20201668151893384,-0.4339623856135892,-0.8238456194839275,-1.1190739077201608,0.0,1.0,0.0,1.0,0.0,0.0,0.0
1.1846604642119807,-0.21988888780317534,-1.926134246465835,-0.7740102627712091,0.15777379357358315,1.7940652501871701,-0.8085436590966398,0.0,1.0,1.0,0.0,0.0,0.0,0.0
-0.16328607837776465,1.0357008416209958,1.5411629831910536,1.0886355018195344,1.0994862343811829,0.9865063039496448,-0.4321433577347964,1.0,0.0,0.0,0.0,0.0,1.0,0.0
-0.4328753868957137,-0.5839878427328559,1.5411629831910536,0.01798084973194197,1.0994862343811829,-1.0013311021734936,0.15441377855407648,1.0,0.0,0.0,0.0,1.0,0.0,0.0
1.1846604642119807,1.8676117871269928,1.5411629831910536,0.09131336014890014,1.0994862343811829,-0.0429094956498373,0.3865272977272134,1.0,0.0,0.0,1.0,0.0,0.0,0.0
-0.16328607837776465,1.8676117871269928,0.9265755865015015,1.8366271080725112,1.0994862343811829,-1.0190796504424506,0.6594175162145497,1.0,0.0,0.0,1.0,0.0,0.0,0.0
-0.7024646954136627,-1.7513111588407404,-0.8547035515703834,-0.8766757773549513,-0.52682889363129,-0.6374858626598833,0.3426139292349984,0.0,1.0,0.0,0.0,0.0,1.0,0.0
0.10630323014018443,0.5458222477156074,0.11429591054347629,0.4579759122336923,1.0994862343811829,-0.3801319127600126,2.258334629707881,0.0,1.0,0.0,0.0,0.0,0.0,1.0
0.6454818471760826,1.8676117871269928,1.5411629831910536,1.8366271080725112,1.0994862343811829,0.2055701801155553,0.8570276744295178,0.0,1.0,1.0,0.0,0.0,0.0,0.0
-0.16328607837776465,0.022843748816611553,0.4133951102657251,0.17931237264924968,0.08562956420445993,-0.5664916695840568,-1.4099999739810856,0.0,1.0,0.0,0.0,0.0,0.0,1.0
1.993428389765828,-0.36773513010795467,0.5998199539282233,0.3993099039001255,1.0994862343811829,-0.8770912642907979,-0.7803136364945016,1.0,0.0,0.0,1.0,0.0,0.0,0.0
0.6454818471760826,-0.01908279750862427,0.6325979484183321,0.5899744309842172,0.5914066615901221,-0.5487431213151006,-0.1623898084254751,1.0,0.0,0.0,1.0,0.0,0.0,0.0
0.10630323014018443,-0.9635334199928863,-0.607844280566747,-0.5393462294369419,-0.4416373036315806,-0.9658340056355805,1.2867513518176223,1.0,0.0,0.0,0.0,0.0,0.0,1.0
-0.4328753868957137,-1.850610873821562,-1.0708334527395424,-1.4193363544404438,-1.3718373674121933,0.1789473577121202,-1.4099999739810856,0.0,1.0,1.0,0.0,0.0,0.0,0.0
0.3758925386581335,-1.0848997383027799,-0.6262819024674328,-0.20201668151893384,-0.28046402525375214,0.010336149157032147,-0.4603733803369346,0.0,1.0,0.0,0.0,1.0,0.0,0.0
-0.9720540039316119,-0.13824245548561043,-0.377374006808165,0.1646458705658583,-0.2497643531817843,0.3031871955948161,2.258334629707881,0.0,1.0,0.0,0.0,0.0,0.0,1.0
-0.4328753868957137,-0.773760631362871,0.019034864056596493,-0.6566782461040755,0.9851299559131048,0.6404096127049914,-1.3355040810032208,1.0,0.0,0.0,0.0,0.0,1.0,0.0
-0.7024646954136627,-0.6192944080593704,-1.926134246465835,-1.8446649148588028,-1.4493540393939104,-0.3623833644910564,-0.7897236440285477,1.0,0.0,0.0,1.0,0.0,0.0,0.0
0.9150711556940316,-1.3364590162541954,-1.209115616994691,-1.5366683711075775,-1.212199072637963,1.1373689642357758,-1.4099999739810856,0.0,1.0,0.0,0.0,0.0,0.0,1.0
-0.4328753868957137,0.5105156823890928,0.04925207772716631,1.8366271080725112,0.23529046555530014,-0.5664916695840568,-0.9716504563534387,1.0,0.0,0.0,0.0,0.0,1.0,0.0
-0.4328753868957137,-1.2658458856011665,1.3834188847074012,-0.9353417856885181,1.0994862343811829,0.7735237247221662,2.258334629707881,1.0,0.0,0.0,0.0,1.0,0.0,0.0
-1.51123262096751,-1.0186999283155653,-1.2193587402728512,-0.906008781521734,-0.4416373036315806,-1.8355128708144544,-0.36940997417448906,0.0,1.0,0.0,0.0,0.0,0.0,1.0
1.993428389765828,-0.8863003083411358,-1.1957995567330846,-0.8620092752715599,-0.6005081066040124,-0.4600003799703172,-1.4099999739810856,1.0,0.0,0.0,0.0,0.0,0.0,1.0
-0.9720540039316119,-1.4666519758957175,-0.7686613160338458,-1.8446649148588028,-2.0788891898196917,-1.3829248899560604,1.129917892916854,1.0,0.0,0.0,0.0,1.0,0.0,0.0
-1.51123262096751,0.01622376781789023,-0.10080967829786631,0.3259773934831673,-0.8430355159725547,-0.4777489282392742,-0.67994022279801,0.0,1.0,0.0,0.0,1.0,0.0,0.0
0.9150711556940316,0.48182909806129964,1.3475679532338447,0.3113108913997759,0.9690126280753213,0.9776320298151667,0.5621807716960738,1.0,0.0,0.0,0.0,0.0,1.0,0.0
-0.7024646954136627,0.41342262774117816,-0.9868398418586377,0.003314347648550597,0.35655417023957126,1.332602995194299,-1.4099999739810856,1.0,0.0,1.0,0.0,0.0,0.0,0.0
0.10630323014018443,-0.7759672916957782,-1.926134246465835,-0.6713447481874681,0.15777379357358315,-0.5309945730461436,-0.7520836138923632,0.0,1.0,0.0,0.0,0.0,0.0,1.0
0.6454818471760826,-1.4225187692375745,-0.9448430364181839,-1.654000387774711,-1.4792862196640786,-0.5487431213151006,-1.2884540433329903,1.0,0.0,0.0,0.0,1.0,0.0,0.0
-0.7024646954136627,0.8216547893290016,-0.2606024014371501,-1.0086742961054762,0.5069825633922121,0.995380578084123,0.25165052307255287,1.0,0.0,0.0,0.0,0.0,0.0,1.0
-1.241643312449561,1.2541602145788038,0.6745947538587859,0.003314347648550597,1.0994862343811829,1.0220034004875589,0.13559376348598443,1.0,0.0,0.0,1.0,0.0,0.0,0.0
0.10630323014018443,1.1835470839257747,1.5411629831910536,0.6193074351510013,1.0994862343811829,-0.8149713453494495,0.8538910052515025,0.0,1.0,0.0,1.0,0.0,0.0,0.0
-1.51123262096751,-0.17796234147793952,0.082542228381184,-0.5980122377705087,-0.5245264182258924,1.7940652501871701,0.33634059087896756,1.0,0.0,1.0,0.0,0.0,0.0,0.0
0.3758925386581335,-0.784793933027407,-0.4419056834605675,-1.3020043377733101,-0.7962185160628045,0.6847809833773827,0.6437341703244732,1.0,0.0,0.0,1.0,0.0,0.0,0.0
-1.51123262096751,-0.3809750921053977,-1.105660071885284,-1.4340028565238352,-1.707231284798437,-0.3978804610289696,0.041493688145523594,1.0,0.0,1.0,0.0,0.0,0.0,0.0
-1.51123262096751,0.2545430837718629,-1.7141015946079403,1.5872965726548514,-1.665019235699482,0.7469009023187311,-0.8681403734789317,0.0,1.0,0.0,1.0,0.0,0.0,0.0
-1.51123262096751,1.8676117871269928,0.40007905000411864,-0.7006777523542509,1.0994862343811829,-0.33576054208762124,-0.13415978582333687,1.0,0.0,0.0,0.0,0.0,0.0,1.0
0.3758925386581335,1.3335999865634611,1.5411629831910536,1.8366271080725112,0.07488467897927129,-0.60198876612197,1.8356684579703106,1.0,0.0,0.0,0.0,1.0,0.0,0.0
-1.51123262096751,-0.01908279750862427,0.28125881997747226,0.20864537681603373,-1.0625381712871216,1.1728660607736898,0.04776702650155419,1.0,0.0,0.0,0.0,0.0,0.0,1.0
-0.16328607837776465,1.4902728701998693,1.503263427061864,0.47264241431708365,-1.9459212351579835,0.0014618750225540366,0.21714716211438378,1.0,0.0,1.0,0.0,0.0,0.0,0.0
-1.51123262096751,0.15303670845813364,-0.9909370911699006,-1.8446649148588028,0.7356951203283696,1.5899569450941688,-1.093980554296038,1.0,0.0,0.0,0.0,0.0,0.0,1.0
-0.4328753868957137,-0.3809750921053977,-0.3046478315332339,-1.258004831523135,-1.3664649247995984,1.6520768640355172,-1.0375205090917612,1.0,0.0,0.0,0.0,0.0,0.0,1.0
0.10630323014018443,-0.7561073486996138,-0.44395430811619896,0.7953054601517003,0.12093418708722196,-0.22926925247388158,0.6939208771727191,0.0,1.0,0.0,0.0,0.0,0.0,1.0
-0.7024646954136627,0.1066968414670836,0.08459085303681543,0.3259773934831673,-0.5889957295770243,0.06358179396390239,1.1142345470267776,1.0,0.0,0.0,0.0,1.0,0.0,0.0
0.9150711556940316,-0.15368907781596056,0.8016094825079594,-1.067340304439043,1.0994862343811829,-0.8149713453494495,-1.2664973590868829,0.0,1.0,0.0,0.0,0.0,0.0,1.0
-0.7024646954136627,0.18392995311883392,1.041298567216885,-0.30468219610267605,0.23068551474450597,-0.6729829591977966,-1.2445406748407752,1.0,0.0,0.0,0.0,0.0,0.0,1.0
0.3758925386581335,1.6734256778311634,0.5783093950440882,0.003314347648550597,1.0994862343811829,-1.6846502105283232,0.4178939895073669,1.0,0.0,0.0,0.0,0.0,0.0,1.0
1.1846604642119807,0.854754694322609,0.061031669497048864,0.003314347648550597,1.0565066934804284,-0.60198876612197,-0.008693018702722252,1.0,0.0,1.0,0.0,0.0,0.0,0.0
1.7238390812478788,0.6186420387015434,1.119146304130894,0.25264488306620914,1.0994862343811829,0.8977635626048621,-0.3599999666404429,1.0,0.0,0.0,1.0,0.0,0.0,0.0
-0.7024646954136627,1.2166469889193825,1.0464201288559645,-1.0526738023556517,-0.3994252545326256,-1.0013311021734936,-0.23139653034181298,1.0,0.0,0.0,0.0,1.0,0.0,0.0
-1.51123262096751,-1.4644453155628103,-1.4139780825578752,-0.8473427731881673,-2.0788891898196917,-0.167149333532534,0.141867101842015,0.0,1.0,0.0,0.0,0.0,0.0,1.0
-1.51123262096751,-0.18016900181084664,-0.6508653983350158,-0.36334820443624155,-0.5191539756132987,0.7469009023187311,0.3143839066328599,0.0,1.0,0.0,0.0,0.0,1.0,0.0
-0.7024646954136627,1.8676117871269928,1.440780375065093,1.8366271080725112,1.0994862343811829,-1.0811995693837984,2.258334629707881,0.0,1.0,0.0,0.0,0.0,0.0,1.0
-1.51123262096751,0.9871543142970378,0.49431578416318345,1.4112985476541524,1.0994862343811829,-0.8859655384252759,-1.0124271556676383,1.0,0.0,0.0,1.0,0.0,0.0,0.0
0.10630323014018443,-1.851714203988016,-1.1425353156866571,-1.5220018690241848,-2.0526025956080702,-1.3829248899560604,-1.034383839913746,1.0,0.0,0.0,1.0,0.0,0.0,0.0
0.9150711556940316,0.8746146373187734,0.7555154277562427,-1.4340028565238352,1.0994862343811829,0.05470751982942349,-0.5889768166355646,1.0,0.0,0.0,0.0,1.0,0.0,0.0
0.9150711556940316,0.7642816206734157,1.1908481670780087,-1.2140053252729595,1.0994862343811829,-1.791141500142062,-0.9904704714215309,0.0,1.0,0.0,0.0,0.0,1.0,0.0
0.3758925386581335,-0.5310279947430842,1.5411629831910536,-0.7006777523542509,-0.6864671884055205,-0.6641086850633184,-0.28158323719005884,1.0,0.0,0.0,0.0,1.0,0.0,0.0
-1.51123262096751,-0.19561562414119676,0.3283771870570039,-1.492668864857402,0.15777379357358315,0.04583324569494538,2.1367886990597857,1.0,0.0,0.0,0.0,1.0,0.0,0.0
1.993428389765828,0.43990255173606385,1.5411629831910536,0.941970480985618,1.0994862343811829,1.5278370261528222,1.4969081867446514,0.0,1.0,0.0,0.0,0.0,1.0,0.0
0.6454818471760826,-0.09410924882746749,0.7841961729350886,0.7513059539015262,0.15777379357358315,-0.30913771968418613,-0.4666467186929652,1.0,0.0,1.0,0.0,0.0,0.0,0.0
0.6454818471760826,1.5277860958592913,1.1662646712104272,1.3232995351538015,1.0994862343811829,-0.8682169901563197,2.258334629707881,1.0,0.0,0.0,0.0,0.0,0.0,1.0
-0.4328753868957137,-0.03894274050478863,1.03003113161091,0.03264735181533334,-0.14154800912809948,-1.8355128708144544,1.7290217059177884,1.0,0.0,0.0,0.0,0.0,0.0,1.0
-0.7024646954136627,-1.851714203988016,-0.4920969875235471,-1.1700058190227853,0.15777379357358315,1.7940652501871701,-0.47919339540502665,1.0,0.0,0.0,0.0,0.0,0.0,1.0
1.993428389765828,0.16627667045557665,-0.3036235192054189,0.8833044726520513,-1.6573443176814902,-0.3801319127600126,-0.6423001926618257,0.0,1.0,1.0,0.0,0.0,0.0,0.0
-1.241643312449561,-0.2309221894677113,1.5411629831910536,-0.8913422794383427,1.0994862343811829,0.4185527593430339,-1.1190739077201608,0.0,1.0,0.0,1.0,0.0,0.0,0.0
0.3758925386581335,-0.05218270250223166,0.8190227920808303,-0.23134968568571657,1.0994862343811829,-0.7705999746770581,-0.24394320705387446,0.0,1.0,0.0,0.0,1.0,0.0,0.0
0.9150711556940316,0.9496410886376166,0.8241443537199096,0.003314347648550597,1.0994862343811829,-0.5576173954495788,-1.4099999739810856,1.0,0.0,0.0,0.0,0.0,1.0,0.0
-0.9720540039316119,-0.06100934383386009,-0.7399805708549999,-0.3340152002694588,0.19768336726714048,-0.1582750593980551,0.3394772600569828,1.0,0.0,0.0,0.0,0.0,1.0,0.0
1.7238390812478788,0.9937742952957596,-0.3251340780895526,-0.1726836773521498,1.0994862343811829,-1.8355128708144544,1.490634848388621,0.0,1.0,0.0,0.0,0.0,0.0,1.0
0.10630323014018443,-1.851714203988016,-1.926134246465835,-1.2140053252729595,-1.0594682040799244,1.2172374314460803,-0.6579835385519024,1.0,0.0,0.0,0.0,0.0,0.0,1.0
-0.4328753868957137,1.371113212222883,-0.19197347547348326,1.5139640622378931,0.8339340709586655,-0.08728086632222865,-1.2947273816890212,0.0,1.0,0.0,0.0,0.0,0.0,1.0
0.6454818471760826,-1.3805922229123384,-1.92510993413802,-1.067340304439043,-1.63892451443831,1.6343283157665611,-0.2658998912999821,1.0,0.0,0.0,0.0,1.0,0.0,0.0
1.993428389765828,-0.04776938183641745,0.6940566880872882,-0.30468219610267605,0.9436853986159484,-0.2825148972807518,-0.7865869748505323,1.0,0.0,0.0,0.0,0.0,1.0,0.0
-0.16328607837776465,-0.8267204793526428,1.001350386432064,-1.8446649148588028,-0.040239091290606474,1.7940652501871701,0.5653174408740892,1.0,0.0,0.0,1.0,0.0,0.0,0.0
0.9150711556940316,-1.3783855625794315,0.38881161439814355,-1.2140053252729595,1.0994862343811829,0.21444445425003342,-0.4729200570489961,1.0,0.0,0.0,1.0,0.0,0.0,0.0
-0.7024646954136627,-0.3831817524383048,-0.8331929926862497,-0.6126787398539014,-0.23825197615479718,-0.9569597315011024,0.6029574710102733,0.0,1.0,0.0,0.0,0.0,1.0,0.0
-0.16328607837776465,-1.851714203988016,-0.5955525326329555,-0.11401766901858298,-1.9451537433561845,0.21444445425003342,1.387124765514114,1.0,0.0,0.0,0.0,1.0,0.0,0.0
0.3758925386581335,-0.4604148640900551,-0.5084859847686029,-0.6713447481874681,-0.8760376634499191,1.2704830762529506,-0.852457027588855,0.0,1.0,0.0,0.0,0.0,0.0,1.0
-0.7024646954136627,-0.6788742370478634,-0.6826190804973081,-1.463335860690618,-2.0788891898196917,1.731945331245822,-0.1623898084254751,1.0,0.0,0.0,1.0,0.0,0.0,0.0
1.4542497727299297,-0.4714481657545911,1.5411629831910536,0.003314347648550597,0.4877952683472325,0.6759067092429046,1.456131487430452,0.0,1.0,0.0,0.0,1.0,0.0,0.0
-1.51123262096751,1.3159467039002042,-0.3947873163810358,-1.0820068065224344,1.0994862343811829,0.3298100179982512,-0.7207169221122097,1.0,0.0,1.0,0.0,0.0,0.0,0.0
-0.4328753868957137,0.15745002912394823,-1.0964412609349405,0.42864290806690825,0.14626141654659494,-0.5043717506427093,0.18891713951224556,0.0,1.0,0.0,0.0,0.0,0.0,1.0
1.4542497727299297,-0.5089613914140126,1.5411629831910536,0.42864290806690825,1.0994862343811829,-0.44225183170136095,0.2547871922505682,0.0,1.0,0.0,0.0,0.0,1.0,0.0
0.9150711556940316,-0.11838251248944606,0.04925207772716631,-1.067340304439043,-0.7747287456124272,0.6670324351084265,-1.2382673364847445,1.0,0.0,0.0,0.0,1.0,0.0,0.0
1.7238390812478788,-0.01908279750862427,0.04925207772716631,-1.8446649148588028,-1.733326006059609,-0.2736406231462729,-0.5732934707454878,1.0,0.0,0.0,0.0,1.0,0.0,0.0
0.6454818471760826,-1.851714203988016,-1.926134246465835,1.1473015101531012,-2.0788891898196917,1.2971058986563866,1.3745780888020527,0.0,1.0,0.0,0.0,1.0,0.0,0.0
0.9150711556940316,-1.3496989782516384,-1.1394623787032092,-1.8446649148588028,-1.948223710563381,-1.8355128708144544,0.96367442648204,1.0,0.0,1.0,0.0,0.0,0.0,0.0
0.3758925386581335,-0.26622875479422536,1.144754112326292,0.06198035598211609,-0.1653402549838744,-0.0340352215153592,2.258334629707881,1.0,0.0,0.0,1.0,0.0,0.0,0.0
-1.241643312449561,1.8676117871269928,1.5411629831910536,0.34064389556655866,1.0994862343811829,0.7735237247221662,-0.2564898837659359,1.0,0.0,0.0,1.0,0.0,0.0,0.0
-0.16328607837776465,0.24571644244023408,0.24438357617609918,0.06198035598211609,0.5046800879868145,1.7940652501871701,0.36143394430309045,1.0,0.0,0.0,0.0,1.0,0.0,0.0
0.10630323014018443,-0.7406607263692636,1.439756062737278,0.8393049664018758,0.8262591529406729,-0.593114491987492,0.3520239367690443,1.0,0.0,1.0,0.0,0.0,0.0,0.0
1.4542497727299297,-1.746897838174926,0.04925207772716631,-1.463335860690618,-0.37333053327145305,0.7025295316463398,0.8193876442933337,0.0,1.0,1.0,0.0,0.0,0.0,0.0
1.993428389765828,-0.01908279750862427,-0.01886469207259301,-1.8446649148588028,-1.0487233188547358,1.1551175125047337,2.224615436044216,0.0,1.0,0.0,0.0,0.0,1.0,0.0
0.3758925386581335,-1.851714203988016,-0.7819773762954537,-1.0233407981888676,-0.2958138612897361,-1.3651763416871041,-1.4099999739810856,1.0,0.0,0.0,0.0,0.0,1.0,0.0
-0.16328607837776465,1.5410260578567339,-0.22065422065232915,1.1179685059863185,1.0994862343811829,-0.32688626795314313,0.9448544114139478,0.0,1.0,0.0,0.0,0.0,1.0,0.0
0.10630323014018443,-0.6810808973807706,0.29150194325563084,-0.14335067318536704,-1.8123776616449252,1.0841233194289073,-1.3135473967571132,1.0,0.0,0.0,0.0,1.0,0.0,0.0
0.6454818471760826,0.3075029317616347,0.13375784477198,-1.258004831523135,-0.0632638453445829,-1.2143136814009732,-0.06515306390699897,1.0,0.0,0.0,1.0,0.0,0.0,0.0
-0.9720540039316119,1.443933003208819,0.6940566880872882,-0.568679233603726,1.0994862343811829,-1.8355128708144544,-1.2414040056627598,1.0,0.0,0.0,0.0,1.0,0.0,0.0
-0.7024646954136627,-0.3699417904408618,-0.41424925060953804,-0.8620092752715599,1.0994862343811829,1.7940652501871701,0.04776702650155419,0.0,1.0,0.0,0.0,0.0,0.0,1.0
0.10630323014018443,1.8676117871269928,1.314789958743736,0.17931237264924968,1.0994862343811829,0.028084697425989156,-1.4099999739810856,1.0,0.0,0.0,0.0,1.0,0.0,0.0
-1.51123262096751,-0.26622875479422536,0.6069901402229341,-1.697999894024885,-0.6550000245317541,-0.43337755756688284,2.1618820524839086,0.0,1.0,0.0,0.0,0.0,0.0,1.0
0.3758925386581335,0.9121278629781946,1.001350386432064,0.003314347648550597,1.0994862343811829,-1.8355128708144544,-0.8336370125207627,1.0,0.0,1.0,0.0,0.0,0.0,0.0
-1.51123262096751,1.0798340482791386,1.2963523368430485,-0.5833457356871173,1.0994862343811829,-1.8355128708144544,-0.4352800269128117,1.0,0.0,1.0,0.0,0.0,0.0,0.0
-0.9720540039316119,-1.5262318048842107,-1.926134246465835,-1.6833333919414937,-2.022670415337902,0.613786790301557,-0.3066765906141818,1.0,0.0,0.0,0.0,0.0,1.0,0.0
-0.4328753868957137,1.8676117871269928,-0.13870923442705582,1.8366271080725112,1.0994862343811829,0.738026628184253,0.4555340196435513,0.0,1.0,0.0,0.0,0.0,0.0,1.0
-1.51123262096751,0.7797282430037654,-0.40503043965919444,0.5899744309842172,-0.9497168764226415,0.019210423291510258,-1.206900644704591,1.0,0.0,0.0,0.0,1.0,0.0,0.0
-0.7024646954136627,0.5811288130421218,-0.5207777327023929,1.0593024976527516,1.0994862343811829,0.24994155078794664,1.7227483675617579,1.0,0.0,1.0,0.0,0.0,0.0,0.0
1.4542497727299297,-1.283499168264424,-0.23499459324175206,-0.29001569401928334,0.6627833991574468,-0.4866232023737523,-0.7646302906044247,1.0,0.0,0.0,0.0,0.0,0.0,1.0
-0.4328753868957137,1.0202542192906456,-0.07520187010246832,1.6459625809884182,0.6428286123106676,-1.338553519283669,0.781747614157149,0.0,1.0,0.0,0.0,0.0,1.0,0.0
-0.16328607837776465,-1.1819927929506946,-0.5340937929640008,-0.040685158601624825,-1.0372109418277486,0.4185527593430339,-0.1623898084254751,0.0,1.0,0.0,0.0,0.0,0.0,1.0
1.7238390812478788,1.1725137822612388,0.04361835992417805,0.01798084973194197,-0.22904207453320663,-0.5576173954495788,-0.35058995910639673,1.0,0.0,0.0,0.0,0.0,1.0,0.0
-0.4328753868957137,0.5987820957053791,1.5114579256843912,0.5899744309842172,0.7932570054633085,-1.3651763416871041,-0.7301269296462559,1.0,0.0,0.0,0.0,0.0,0.0,1.0
0.10630323014018443,1.8676117871269928,1.5411629831910536,1.1619680122364926,1.0994862343811829,-0.41562900929792584,0.08540705663773858,1.0,0.0,1.0,0.0,0.0,0.0,0.0
1.1846604642119807,-0.01908279750862427,-1.303352351153756,-1.360670346106877,1.0994862343811829,0.6492838868394702,0.4178939895073669,0.0,1.0,0.0,0.0,1.0,0.0,0.0
0.9150711556940316,-0.016876137175717162,1.3967349449690092,-0.6860112502708595,-0.00493446840784444,-1.063451021114842,-0.4697833878709808,1.0,0.0,0.0,0.0,0.0,0.0,1.0
-0.4328753868957137,0.34060283675524206,-0.51668048339113,-0.11401766901858298,0.15777379357358315,1.776316701918214,2.258334629707881,0.0,1.0,0.0,0.0,0.0,0.0,1.0
1.1846604642119807,1.7859653548094279,1.5411629831910536,0.003314347648550597,1.0994862343811829,0.9598834815462105,-1.2915907125110058,0.0,1.0,0.0,0.0,0.0,1.0,0.0
-1.51123262096751,-1.5151985032196749,-1.1066843842130991,0.07664685806550876,-0.8883175322787069,1.7940652501871701,-0.6140701700596874,1.0,0.0,0.0,0.0,0.0,0.0,1.0
1.1846604642119807,-0.901746930671486,-0.6170630915170892,-1.5806678773577516,-2.0788891898196917,-1.027953924576929,-0.6485735310178563,1.0,0.0,0.0,0.0,0.0,1.0,0.0
-0.7024646954136627,-0.5906078237315772,-1.4600721373095917,0.09131336014890014,-1.7878179239873513,-1.338553519283669,1.5659149086609896,0.0,1.0,0.0,0.0,1.0,0.0,0.0
0.9150711556940316,-0.8465804223488071,0.7391264305111883,-0.906008781521734,-0.5559935820996588,0.39192993693959954,-0.44782670362487315,0.0,1.0,1.0,0.0,0.0,0.0,0.0
-0.4328753868957137,-0.6854942180465847,0.6428410716964921,-0.09935116693519162,-0.33035099237069854,0.5782896937636438,0.36143394430309045,1.0,0.0,0.0,0.0,0.0,0.0,1.0
-1.241643312449561,-0.44717490209261207,-0.926405414517498,-1.2873378356899188,1.0994862343811829,0.38305566280512066,-0.8900970577250393,1.0,0.0,0.0,0.0,0.0,0.0,1.0
-0.4328753868957137,1.8676117871269928,0.7442479921502677,1.7632945976555519,1.0994862343811829,1.7940652501871701,-0.4603733803369346,1.0,0.0,0.0,1.0,0.0,0.0,0.0
-1.51123262096751,1.6513590745020916,1.5411629831910536,0.20864537681603373,0.17849607222216085,0.6847809833773827,-0.7458102755363325,1.0,0.0,0.0,0.0,0.0,0.0,1.0
0.9150711556940316,0.9143345233111021,0.7565397400840592,0.648640439317784,0.15777379357358315,-0.22926925247388158,0.5402240874499662,1.0,0.0,1.0,0.0,0.0,0.0,0.0
1.993428389765828,0.0007771454875400869,-1.9240856218102036,-1.8446649148588028,0.7594873661841435,1.7940652501871701,-1.2414040056627598,1.0,0.0,0.0,0.0,1.0,0.0,0.0
0.10630323014018443,-1.283499168264424,-1.5235795016341793,-1.8446649148588028,-2.0788891898196917,0.05470751982942349,-0.3913666584205967,0.0,1.0,0.0,0.0,0.0,0.0,1.0
0.10630323014018443,-1.6806980281877115,1.290206462876153,-0.9206752836051267,-2.0788891898196917,0.9865063039496448,-0.3474532899283814,0.0,1.0,0.0,0.0,0.0,0.0,1.0
-0.16328607837776465,0.468589136063857,0.964475142630691,-0.5100132252701591,0.028067679069521043,-0.3978804610289696,1.776071743588019,1.0,0.0,0.0,0.0,0.0,1.0,0.0
-1.51123262096751,1.4659996065378906,0.18394914883495955,1.601963074738244,1.0994862343811829,0.2055701801155553,1.0734578477125776,0.0,1.0,0.0,0.0,1.0,0.0,0.0
0.10630323014018443,-1.1179996432963872,-0.480829551917572,0.3259773934831673,0.14242395753759923,1.7940652501871701,-1.2288573289506983,0.0,1.0,0.0,0.0,0.0,1.0,0.0
0.3758925386581335,1.1548604995979819,0.14912252968921794,0.780638958068309,1.0994862343811829,-1.3651763416871041,0.33006725252293695,0.0,1.0,0.0,0.0,0.0,0.0,1.0
-0.16328607837776465,0.7157350933494582,0.6479626333355715,0.6193074351510013,-0.030261697867217417,1.0131291263530806,0.03208368061147743,1.0,0.0,0.0,1.0,0.0,0.0,0.0
1.4542497727299297,-0.8598203843462502,-0.7809530639676373,0.03264735181533334,0.15777379357358315,-0.9658340056355805,-0.8242270049867166,1.0,0.0,0.0,0.0,1.0,0.0,0.0
-0.16328607837776465,1.4549663048733548,0.3775441787921685,1.4112985476541524,1.0994862343811829,-1.4716676313008439,2.258334629707881,0.0,1.0,0.0,0.0,0.0,1.0,0.0
0.3758925386581335,-1.3563189592503597,-1.0861981376567817,-0.994007794022085,-1.7532807929063883,0.019210423291510258,-0.5231067638972419,1.0,0.0,0.0,0.0,0.0,0.0,1.0
-0.16328607837776465,-1.1775794722848802,-1.90257506292607,-1.8446649148588028,-1.1960817448001795,0.19669590598107642,-1.1190739077201608,1.0,0.0,0.0,0.0,0.0,0.0,1.0
-1.51123262096751,0.23026982010988434,-1.7806818959159756,0.03264735181533334,0.15700630177178357,0.47179840414990415,1.6317849613993125,1.0,0.0,0.0,0.0,0.0,1.0,0.0
1.4542497727299297,1.7175588844893064,1.198018353372721,1.0446359955693603,1.0994862343811829,-1.4184219864939736,-0.8461836892328242,0.0,1.0,1.0,0.0,0.0,0.0,0.0
0.3758925386581335,1.7021122621589562,1.5411629831910536,0.25264488306620914,0.6098264648333033,1.48346565548043,-0.748946944714348,1.0,0.0,0.0,1.0,0.0,0.0,0.0
-0.4328753868957137,0.3803227227475708,0.09585828864279049,-1.8446649148588028,1.0994862343811829,-1.1965651331320162,-1.4099999739810856,1.0,0.0,0.0,1.0,0.0,0.0,0.0
0.3758925386581335,-1.3386656765871026,-1.1783862471602138,0.648640439317784,-0.3272810251635024,0.0014618750225540366,0.7315609073089032,1.0,0.0,1.0,0.0,0.0,0.0,0.0
0.6454818471760826,0.5458222477156074,-0.6057956559111142,0.23797838098281646,1.0994862343811829,1.785190976052692,-1.1159372385421453,0.0,1.0,0.0,0.0,0.0,0.0,1.0
-0.16328607837776465,0.3913560244121063,-0.2831372726491002,-0.42201421276980833,0.41334856357271166,-0.016286673246402185,0.7472442531989802,1.0,0.0,0.0,0.0,1.0,0.0,0.0
-0.9720540039316119,-1.5240251445513036,-0.2452377165199107,-0.20201668151893384,-0.2981163366951326,-0.32688626795314313,0.8758476894976102,0.0,1.0,1.0,0.0,0.0,0.0,0.0
0.10630323014018443,-0.01908279750862427,0.3304258117126368,0.20864537681603373,-0.3457008284066824,-1.5604103726456264,0.3771172901931672,1.0,0.0,0.0,0.0,0.0,0.0,1.0
-0.9720540039316119,1.0952806706094889,-0.9448430364181839,1.8366271080725112,1.0994862343811829,-0.5132460247771874,-0.8555936967668702,1.0,0.0,0.0,0.0,0.0,0.0,1.0
-0.9720540039316119,-0.5950211443973914,0.10712572424876556,-1.0966733086058258,-0.2543693039925796,-1.7023987587972795,0.09481706417178475,0.0,1.0,0.0,0.0,1.0,0.0,0.0
0.3758925386581335,-1.3519056385845454,-0.3538148232683984,-0.4953467231867678,-0.8154058111077841,-1.1255709400561897,-0.5482001173213649,0.0,1.0,0.0,1.0,0.0,0.0,0.0
-0.4328753868957137,0.3251562144248919,0.9993017617764313,0.9566369830690094,-0.026424238858221708,0.6404096127049914,1.8231217812582494,0.0,1.0,0.0,0.0,0.0,0.0,1.0
0.3758925386581335,1.5652993215187125,-1.926134246465835,-0.7006777523542509,1.0994862343811829,0.3031871955948161,-0.2627632221219668,1.0,0.0,1.0,0.0,0.0,0.0,0.0
0.9150711556940316,1.7285921861538422,1.2430880957966213,1.8366271080725112,1.0994862343811829,-0.30913771968418613,-0.8336370125207627,1.0,0.0,0.0,1.0,0.0,0.0,0.0
0.3758925386581335,0.5171356633878141,-0.15919548098337305,-1.6686668898581023,1.0994862343811829,-0.4866232023737523,0.06031370321361565,1.0,0.0,0.0,0.0,1.0,0.0,0.0
-1.51123262096751,-1.2702592062669809,-0.05676424820178106,-0.5540127315203346,-1.9865983006533403,-0.7173543298701879,-0.6297535159497643,1.0,0.0,1.0,0.0,0.0,0.0,0.0
1.4542497727299297,0.5855421337079361,0.17882758719588024,0.2233118788994251,-1.0709805811069126,1.0575004970254713,-0.6768035536199944,1.0,0.0,0.0,0.0,0.0,0.0,1.0
-0.9720540039316119,-0.01908279750862427,0.34374187197424333,-0.1726836773521498,0.411046088167314,-0.07840659218775053,-1.1096639001861146,1.0,0.0,0.0,0.0,0.0,0.0,1.0
0.10630323014018443,-1.6806980281877115,0.4471974170836503,1.4406315518209352,-0.41784505777580566,1.7940652501871701,-0.7426736063583173,1.0,0.0,0.0,0.0,0.0,1.0,0.0
0.3758925386581335,-0.16472237948049648,-0.9868398418586377,0.5753079289008258,0.9613377100573298,-0.3712576386255345,0.5088573956698125,0.0,1.0,0.0,0.0,0.0,0.0,1.0
0.10630323014018443,1.8676117871269928,0.6633273182528108,-0.11401766901858298,1.0994862343811829,0.9421349332772543,-0.664256876907933,1.0,0.0,0.0,1.0,0.0,0.0,0.0
0.9150711556940316,0.9231611646427306,0.7934149838854322,-0.3486817023528502,1.0994862343811829,-1.036828198711407,-0.3882299892425811,0.0,1.0,0.0,0.0,0.0,1.0,0.0
-1.241643312449561,-0.5884011633986701,0.04925207772716631,0.6926399455679595,-0.4677320248927532,-0.8238456194839275,0.09795373334980004,0.0,1.0,0.0,0.0,0.0,0.0,1.0
0.3758925386581335,-1.851714203988016,-1.7397094028033384,-1.8446649148588028,-2.0788891898196917,-0.9125883608287111,1.4686781641425133,0.0,1.0,0.0,0.0,0.0,0.0,1.0
-1.241643312449561,0.11552348279871202,-0.4644405546725176,-0.7300107565210336,-0.24899686137998472,1.0220034004875589,0.09795373334980004,1.0,0.0,1.0,0.0,0.0,0.0,0.0
-0.9720540039316119,0.5987820957053791,0.3990547376763022,-0.011352154434842079,1.0994862343811829,1.7141967829768656,-1.2288573289506983,0.0,1.0,0.0,0.0,1.0,0.0,0.0
-0.9720540039316119,0.6627752453596863,-0.7461264448218956,-1.7126663961082778,0.4202559897889046,1.7940652501871701,0.36457061348110575,1.0,0.0,0.0,0.0,0.0,0.0,1.0
0.10630323014018443,-1.0098732869839366,-1.618840548121059,-0.011352154434842079,0.48165533393283916,1.2438602538495163,-1.3010007200450517,0.0,1.0,0.0,1.0,0.0,0.0,0.0
0.10630323014018443,-1.486511918891882,-1.0124476500540356,0.8246384643184844,-1.9912032514641358,-0.2381435266083597,-0.8555936967668702,1.0,0.0,0.0,0.0,0.0,0.0,1.0
-0.16328607837776465,-0.01908279750862427,-0.5842850970269804,-1.331337341940093,1.0994862343811829,-1.1699423107285818,-0.23139653034181298,0.0,1.0,0.0,0.0,0.0,0.0,1.0
-1.51123262096751,0.7642816206734157,0.8333631646702532,1.0593024976527516,0.4072086291583183,-0.7262286040046668,-1.4099999739810856,1.0,0.0,0.0,0.0,0.0,1.0,0.0
-1.51123262096751,0.5480289080485145,0.04925207772716631,0.8246384643184844,0.09714194123144705,1.7940652501871701,-1.4099999739810856,1.0,0.0,0.0,0.0,0.0,1.0,0.0
-0.4328753868957137,-0.33904854578016147,0.4891942225241041,-1.0526738023556517,0.38802133411333867,-0.7883485229460143,2.258334629707881,0.0,1.0,0.0,0.0,0.0,1.0,0.0
0.6454818471760826,-0.4604148640900551,-0.5955525326329555,-1.8446649148588028,-0.6089505164238035,-1.5692846467801047,-0.7332635988242712,1.0,0.0,0.0,0.0,1.0,0.0,0.0
1.4542497727299297,-0.42952161942935485,-1.695663972707253,-0.6273452419372928,-0.007236943813242082,-0.76172570054258,-1.181807291280468,1.0,0.0,1.0,0.0,0.0,0.0,0.0
1.1846604642119807,-0.787000593360314,-1.148681189653553,-0.3486817023528502,-0.5682734509284466,1.7940652501871701,-0.3913666584205967,1.0,0.0,0.0,0.0,1.0,0.0,0.0
-1.51123262096751,1.8676117871269928,0.04925207772716631,0.3846434018167341,1.0994862343811829,0.6226610644360352,1.3714414196240374,1.0,0.0,0.0,0.0,0.0,1.0,0.0
-1.51123262096751,-1.347492317918731,-0.9530375350407111,-1.7566659023584519,-0.7517039915584518,0.9598834815462105,-0.9120537419711469,1.0,0.0,0.0,0.0,1.0,0.0,0.0
-0.4328753868957137,-0.9194002133347432,0.06512891880831319,0.003314347648550597,-0.8998299093056941,0.6670324351084265,0.19832714704629173,1.0,0.0,1.0,0.0,0.0,0.0,0.0
1.1846604642119807,1.4218663998797478,-0.015791755089145137,0.34064389556655866,1.0994862343811829,-1.5160390019732353,-1.304137389223067,0.0,1.0,1.0,0.0,0.0,0.0,0.0
-1.241643312449561,1.5410260578567339,1.5411629831910536,-0.011352154434842079,1.0994862343811829,0.40080421107407765,1.026407810042347,1.0,0.0,0.0,0.0,1.0,0.0,0.0
-0.7024646954136627,-0.7693473106970569,-0.9970829651367963,-0.26068268985250065,-1.051793286061933,0.8800150143359059,0.9699477648380707,0.0,1.0,0.0,0.0,0.0,1.0,0.0
-0.16328607837776465,1.289466779905318,1.4571693723101489,1.8366271080725112,1.0994862343811829,-0.13165223699462078,-0.12474977828929071,0.0,1.0,0.0,0.0,0.0,1.0,0.0
-0.9720540039316119,-1.488718579224789,-0.35586344792402985,-1.0966733086058258,0.4647705142932572,-0.743977152273623,-0.7803136364945016,1.0,0.0,0.0,1.0,0.0,0.0,0.0
0.3758925386581335,0.9430211076388949,-0.2442134041920957,0.09131336014890014,1.0994862343811829,-1.6402788398559311,-0.852457027588855,1.0,0.0,0.0,0.0,0.0,0.0,1.0
-0.7024646954136627,0.6649819056925935,1.1488513616375564,0.9273039789022266,1.0994862343811829,-0.09615514045670755,-1.4099999739810856,1.0,0.0,0.0,0.0,0.0,0.0,1.0
-1.51123262096751,1.3203600245660185,0.28228313230528723,-0.26068268985250065,1.0994862343811829,0.9865063039496448,1.129917892916854,1.0,0.0,1.0,0.0,0.0,0.0,0.0
1.993428389765828,0.4509358534005998,-0.5074616724407864,-0.08468466485180025,0.15777379357358315,-1.5959074691835398,-0.40391333513265815,1.0,0.0,1.0,0.0,0.0,0.0,0.0
-1.51123262096751,-1.343078997252917,1.5411629831910536,-1.0526738023556517,-2.0788891898196917,-0.5664916695840568,0.041493688145523594,1.0,0.0,1.0,0.0,0.0,0.0,0.0
-1.241643312449561,1.8676117871269928,0.04925207772716631,0.23797838098281646,0.3143421211406163,-0.5753659437185358,-0.4195966810227349,1.0,0.0,0.0,0.0,1.0,0.0,0.0
-0.4328753868957137,-1.851714203988016,-1.6823479124456466,-1.6833333919414937,-2.0788891898196917,1.3592258175977334,-0.8587303659448857,0.0,1.0,1.0,0.0,0.0,0.0,0.0
1.4542497727299297,1.0511474639513458,0.5875282059944318,1.1179685059863185,0.15777379357358315,0.08133034223285861,-0.9089170727931314,0.0,1.0,1.0,0.0,0.0,0.0,0.0
0.10630323014018443,1.8676117871269928,0.32325562541792463,-0.3486817023528502,1.0994862343811829,0.8711407402014277,1.6129649463312203,0.0,1.0,0.0,1.0,0.0,0.0,0.0
-0.9720540039316119,0.44872919306769227,1.5411629831910536,0.6779734434845681,0.8116768087064885,-0.30913771968418613,-0.4948767412951037,1.0,0.0,0.0,0.0,0.0,0.0,1.0
-0.16328607837776465,0.5414089270497927,-0.27699139868220446,-1.463335860690618,1.0994862343811829,-1.2320622296699293,-1.0657505316938995,1.0,0.0,1.0,0.0,0.0,0.0,0.0
0.10630323014018443,-0.01908279750862427,-0.20324091107945833,0.35531039764995004,0.1600762689789808,-1.010205376307972,-0.23453319951982857,1.0,0.0,0.0,0.0,1.0,0.0,0.0
0.10630323014018443,1.3269800055647403,0.8692140961438098,1.1179685059863185,1.0994862343811829,-0.34463481622209935,-1.0030171481335923,0.0,1.0,0.0,0.0,1.0,0.0,0.0
-0.9720540039316119,-0.041149400837695735,-0.2790400233378359,-0.5246797273535505,0.6812032024006268,0.46292413001542526,-0.290993244724105,1.0,0.0,0.0,1.0,0.0,0.0,0.0
-1.241643312449561,-1.8219242894937693,-0.7532966311166078,-0.45134721693659235,-1.3365327445294302,1.7940652501871701,-1.1629872762123759,1.0,0.0,1.0,0.0,0.0,0.0,0.0
-0.4328753868957137,-0.3898017334370261,-0.3128423301557611,-1.1406728148560012,-0.5797858279554337,-0.6907315074667536,-0.999880478955577,1.0,0.0,0.0,0.0,1.0,0.0,0.0
-1.51123262096751,-1.0959330399673155,-0.7819773762954537,-1.1553393169393926,0.15777379357358315,-1.4006734382250174,2.1430620374158162,0.0,1.0,1.0,0.0,0.0,0.0,0.0
1.4542497727299297,-0.18016900181084664,-1.1148788828356277,1.0593024976527516,-0.040239091290606474,0.019210423291510258,-1.4099999739810856,1.0,0.0,0.0,1.0,0.0,0.0,0.0
-0.4328753868957137,-0.36111514910923337,-0.0035000071553536296,-0.9793412919386936,0.1761935968167632,0.46292413001542526,1.750978390163896,1.0,0.0,0.0,0.0,0.0,0.0,1.0
1.4542497727299297,0.39356268474501344,1.3957106326411928,1.6899620872385936,1.0994862343811829,-0.4954974765082304,-0.27530989883402823,0.0,1.0,0.0,0.0,1.0,0.0,0.0
0.6454818471760826,0.5546488890472357,1.5411629831910536,0.4579759122336923,1.0994862343811829,-0.19377215593596833,-1.1598506070343604,1.0,0.0,0.0,0.0,0.0,1.0,0.0
-1.51123262096751,-1.2371593012733733,0.2167271433250683,-0.3340152002694588,-0.7616813849818409,0.3120614697292942,2.0928753305675705,1.0,0.0,0.0,0.0,0.0,0.0,1.0
1.1846604642119807,-0.04556272150350995,-0.46546486700033407,-0.1726836773521498,-0.670349860567738,0.294312921460338,2.258334629707881,1.0,0.0,0.0,1.0,0.0,0.0,0.0
-0.4328753868957137,0.15083004812522652,1.5411629831910536,0.5019754184838677,-0.4001927463344252,0.11682743877077184,-0.21257651527372093,1.0,0.0,0.0,0.0,0.0,0.0,1.0
-1.241643312449561,0.7775215826708584,-0.607844280566747,0.003314347648550597,0.7978619562741027,-1.480541905435322,1.8356684579703106,1.0,0.0,0.0,0.0,0.0,0.0,1.0
-1.241643312449561,-0.9502934579954433,-0.6508653983350158,0.9713034851524007,-1.6128297931771374,1.7940652501871701,-0.07769974061906043,1.0,0.0,0.0,0.0,0.0,1.0,0.0
0.9150711556940316,0.15303670845813364,0.7063484360210782,0.06198035598211609,0.3496467440233794,1.439094284808038,-0.20630317691769007,0.0,1.0,0.0,0.0,0.0,1.0,0.0
-1.241643312449561,-0.01908279750862427,0.04925207772716631,0.07664685806550876,-0.08321863219136101,-0.5753659437185358,1.506318194278698,1.0,0.0,0.0,0.0,1.0,0.0,0.0
1.4542497727299297,0.37590940208175616,1.1826536684554816,0.47264241431708365,0.2644551540236699,-0.4954974765082304,-0.5136967563631958,1.0,0.0,0.0,0.0,0.0,1.0,0.0
0.9150711556940316,-0.7318340850376353,-0.6068199682389306,0.8686379705686599,-2.005018103896521,-0.8948398125597541,-1.4099999739810856,0.0,1.0,0.0,1.0,0.0,0.0,0.0
1.1846604642119807,1.448346323874633,1.5411629831910536,1.103302003902927,1.0994862343811829,-0.149400785263577,0.21401049293636848,1.0,0.0,0.0,0.0,0.0,0.0,1.0
-0.4328753868957137,0.5038957013903711,0.7360534935277405,-0.5980122377705087,-0.3088612219203213,-0.593114491987492,1.2836146826396069,1.0,0.0,0.0,0.0,0.0,0.0,1.0
0.10630323014018443,0.397976005410828,-1.0851738253289653,0.7073064476513509,1.0994862343811829,1.7940652501871701,-0.2690365604779974,0.0,1.0,0.0,0.0,0.0,0.0,1.0
-1.51123262096751,0.30308961109582044,0.237213389881387,-1.1700058190227853,0.2767350228524566,-1.7378958553351926,-0.6328901851277795,1.0,0.0,0.0,0.0,0.0,1.0,0.0
1.993428389765828,0.9275744853085447,1.5411629831910536,-0.02601865651823345,-0.6373477130903725,0.11682743877077184,-1.4099999739810856,1.0,0.0,0.0,0.0,0.0,0.0,1.0
1.1846604642119807,-0.7583140090325209,1.334251892972238,1.1473015101531012,0.15240135096098828,-0.08728086632222865,-0.23766986869784387,1.0,0.0,0.0,0.0,0.0,1.0,0.0
0.9150711556940316,-1.851714203988016,-1.2347234251900892,-1.0380073002722603,-2.0788891898196917,0.43630130761199093,-0.6956235686880868,0.0,1.0,0.0,0.0,1.0,0.0,0.0
0.3758925386581335,-0.11838251248944606,-1.3064252881372038,0.8539714684852672,0.38495136690614146,0.5161697748222955,2.258334629707881,0.0,1.0,0.0,0.0,0.0,0.0,1.0
-1.241643312449561,1.018047558957738,-0.249334965831175,-0.15801717526875841,1.085671381948797,1.7940652501871701,-1.3919641262074973,1.0,0.0,0.0,1.0,0.0,0.0,0.0
-1.241643312449561,-0.19120230347538217,0.3304258117126368,0.6046409330676086,0.24680284258228835,0.6315353385705132,-0.40391333513265815,1.0,0.0,0.0,0.0,1.0,0.0,0.0
-0.9720540039316119,0.18392995311883392,-0.5801878477157161,0.3846434018167341,-0.19987738606483793,1.2261117055805602,0.5684541100521044,1.0,0.0,0.0,0.0,0.0,1.0,0.0
-0.4328753868957137,-1.343078997252917,0.5649933347824817,-0.15801717526875841,-0.39482030372183036,0.8445179177979927,-0.1623898084254751,0.0,1.0,0.0,0.0,1.0,0.0,0.0
0.3758925386581335,0.20378989611499826,1.005447635743327,-0.906008781521734,0.7479749891571563,1.4213457365390816,-1.3574607652493282,0.0,1.0,0.0,1.0,0.0,0.0,0.0
0.9150711556940316,0.18834327378464813,0.04925207772716631,-0.9646747898553009,0.4079761209601168,-1.64915311399041,-1.009290486489623,1.0,0.0,0.0,0.0,0.0,0.0,1.0
-1.51123262096751,1.1504471789321677,1.5411629831910536,-0.6126787398539014,1.0994862343811829,-0.2736406231462729,-0.7991336515625937,1.0,0.0,1.0,0.0,0.0,0.0,0.0
0.3758925386581335,-0.8708536860107857,1.1386082383593963,-0.09935116693519162,0.020392761051528537,-0.05178376978431541,0.6562808470365344,0.0,1.0,0.0,0.0,1.0,0.0,0.0
-0.4328753868957137,1.170307121928332,1.337324829955686,1.8366271080725112,1.0994862343811829,1.4213457365390816,0.869574351141579,1.0,0.0,0.0,0.0,1.0,0.0,0.0
-0.7024646954136627,0.06035697447603316,1.4172211915253279,0.5019754184838677,-0.24285692696559139,-1.7645186777386277,-1.0657505316938995,0.0,1.0,0.0,0.0,1.0,0.0,0.0
1.1846604642119807,1.7771387134777994,1.1058302438692875,0.6046409330676086,1.0994862343811829,0.9598834815462105,0.29242722238675256,0.0,1.0,0.0,0.0,0.0,1.0,0.0
1.993428389765828,1.8676117871269928,1.3608840134954512,0.003314347648550597,1.0994862343811829,-1.5249132761077133,-1.1849439604584835,1.0,0.0,0.0,0.0,0.0,0.0,1.0
0.10630323014018443,-0.31698194245109,-0.04959406190707032,1.279300028903626,-1.795492842005343,0.8977635626048621,2.258334629707881,1.0,0.0,0.0,0.0,1.0,0.0,0.0
-1.51123262096751,0.014017107484983122,-0.1305147358045272,0.8246384643184844,-0.7348191719188699,1.039751948756515,0.7848842833351644,1.0,0.0,0.0,0.0,0.0,1.0,0.0
1.7238390812478788,1.4020064568835835,-0.1294904234767122,0.29664438931638326,1.0994862343811829,0.6404096127049914,0.2704705381406449,0.0,1.0,0.0,0.0,1.0,0.0,0.0
0.10630323014018443,1.5167527941947554,0.28228313230528723,-0.45134721693659235,1.0994862343811829,-0.06953231805327242,-0.5105600871851804,1.0,0.0,0.0,0.0,0.0,1.0,0.0
0.6454818471760826,1.8676117871269928,0.8282416030311739,1.5579635684880686,1.0994862343811829,0.8711407402014277,2.258334629707881,1.0,0.0,0.0,0.0,0.0,0.0,1.0
1.1846604642119807,-0.47365482608749815,0.15014684201703438,0.003314347648550597,-1.0648406466925193,-0.18489788180149022,2.149335375771847,0.0,1.0,0.0,0.0,0.0,1.0,0.0
-0.16328607837776465,0.4509358534005998,1.0658820630844665,-0.40734771068641695,1.0994862343811829,0.4984212265533385,0.6311874936124114,1.0,0.0,1.0,0.0,0.0,0.0,0.0
-1.241643312449561,1.8676117871269928,0.7708801126734821,0.36997689973334275,-1.2889482528178815,1.7940652501871701,0.21714716211438378,0.0,1.0,0.0,0.0,0.0,0.0,1.0
-0.4328753868957137,1.8676117871269928,0.3867629897425121,1.57263007057146,1.0994862343811829,-1.8355128708144544,-0.1623898084254751,0.0,1.0,0.0,0.0,0.0,0.0,1.0
0.9150711556940316,1.3490466088938113,0.37959280344779994,-0.23134968568571657,1.0918113163631915,-1.5781589209145834,-0.5450634481433493,0.0,1.0,0.0,0.0,1.0,0.0,0.0
1.993428389765828,-1.4335520709021101,0.015961927073148616,-1.492668864857402,-0.48845430354133085,-1.7290215812007146,0.6280508244343962,1.0,0.0,1.0,0.0,0.0,0.0,0.0
-1.51123262096751,-0.7583140090325209,-0.30259920687760244,0.36997689973334275,-0.08552110759675866,-1.8355128708144544,-0.1623898084254751,1.0,0.0,0.0,0.0,0.0,0.0,1.0
0.9150711556940316,1.2100270079206608,0.9255512741736851,-0.040685158601624825,0.7203452842923858,0.1700730835776421,-0.11533977075524454,1.0,0.0,0.0,0.0,0.0,1.0,0.0
0.9150711556940316,0.20599655644790538,1.5411629831910536,0.7366394518181348,1.0994862343811829,-0.025160947380881083,-1.0437938474477921,0.0,1.0,1.0,0.0,0.0,0.0,0.0
1.993428389765828,-1.851714203988016,-1.838043386273666,-1.785998906525236,-2.0788891898196917,0.5516668713602088,-1.3355040810032208,1.0,0.0,0.0,0.0,0.0,0.0,1.0
-0.7024646954136627,-0.01908279750862427,1.0873926219686003,-0.011352154434842079,1.0994862343811829,-0.42450328343240473,-0.7677669597824401,1.0,0.0,0.0,0.0,0.0,1.0,0.0
1.993428389765828,-0.35670182844341874,0.48304834855720835,0.9859699872357934,1.07415900492181,-0.9037140866942321,-0.8838237193690086,0.0,1.0,0.0,1.0,0.0,0.0,0.0
1.7238390812478788,0.6760152073571294,1.5411629831910536,0.3846434018167341,1.0994862343811829,-0.5842402178530138,2.0646453079654323,1.0,0.0,0.0,0.0,0.0,0.0,1.0
0.6454818471760826,0.8371014116593518,1.465363870932676,1.8366271080725112,1.0994862343811829,-0.5842402178530138,-0.6987602378661021,0.0,1.0,0.0,0.0,1.0,0.0,0.0
-1.241643312449561,1.3137400435672968,-0.42244374923206524,-0.011352154434842079,0.15777379357358315,-0.34463481622209935,-0.10279309404318336,1.0,0.0,0.0,0.0,0.0,1.0,0.0
0.6454818471760826,0.9518477489705233,0.04925207772716631,-0.8473427731881673,0.00043797420475042326,-1.8355128708144544,-0.7740402981384709,1.0,0.0,0.0,0.0,0.0,0.0,1.0
1.7238390812478788,1.2982934212369466,0.48304834855720835,0.648640439317784,1.0994862343811829,-0.5487431213151006,-0.17493648513753654,1.0,0.0,0.0,0.0,0.0,0.0,1.0
0.9150711556940316,-0.2772620564587613,-1.7048827836575966,-1.1113398106892185,-2.0788891898196917,0.8711407402014277,-0.23766986869784387,1.0,0.0,0.0,1.0,0.0,0.0,0.0
0.10630323014018443,-0.6391543510555348,0.24643220083173062,0.06198035598211609,-0.23825197615479718,0.2854386473258599,0.6594175162145497,0.0,1.0,0.0,0.0,1.0,0.0,0.0
0.10630323014018443,0.22585649944406974,-1.7294662795251796,1.1913010164032765,-0.565970975523049,1.7940652501871701,2.258334629707881,1.0,0.0,0.0,0.0,0.0,0.0,1.0
0.6454818471760826,0.37811606241466367,-0.2370432178973835,1.8366271080725112,-1.078655499124904,-0.3623833644910564,1.4059447805822063,1.0,0.0,0.0,0.0,1.0,0.0,0.0
0.9150711556940316,-0.01908279750862427,-0.6303791517786971,0.5899744309842172,0.15777379357358315,1.7940652501871701,-0.41646001184471965,1.0,0.0,0.0,0.0,1.0,0.0,0.0
0.3758925386581335,0.7510416586759726,1.5411629831910536,-0.7006777523542509,1.0580416770840264,0.36530711453616443,0.28301721485270637,1.0,0.0,0.0,1.0,0.0,0.0,0.0
1.993428389765828,-0.11838251248944606,1.103781619213656,0.03264735181533334,0.15777379357358315,-1.5781589209145834,0.2422405155385067,1.0,0.0,0.0,0.0,0.0,1.0,0.0
0.9150711556940316,-0.7914139140261283,1.2943037121874172,0.10597986223229151,-0.11315081246152928,-0.3801319127600126,0.3802539593711825,1.0,0.0,0.0,0.0,0.0,0.0,1.0
0.9150711556940316,0.8128281479973728,-1.3125711621040994,-0.4806802211033751,1.0994862343811829,0.5339183230912518,-0.7081702454001483,0.0,1.0,0.0,0.0,0.0,0.0,1.0
-0.4328753868957137,-0.6722542560491421,0.023132113367860814,1.4846310580711104,-1.1116576466022694,1.4568428330769958,-0.9465571029293157,1.0,0.0,0.0,0.0,1.0,0.0,0.0
-0.16328607837776465,0.5921621147066574,0.6520598826468343,1.4699645559877192,0.15777379357358315,-0.2913891714152299,-1.0720238700499303,1.0,0.0,0.0,0.0,0.0,0.0,1.0
0.3758925386581335,0.44210921206897097,0.339644622662979,-0.7446772586044264,0.9344754969943577,-0.6463601367943622,-1.034383839913746,1.0,0.0,0.0,0.0,0.0,0.0,1.0
-1.51123262096751,-0.8796803273424145,-0.4183464999208009,0.06198035598211609,-0.3679580906588593,-1.773392951873106,2.258334629707881,1.0,0.0,0.0,0.0,0.0,0.0,1.0
0.10630323014018443,-0.10734921082491052,0.4072492362988308,1.1326350080697098,1.0994862343811829,1.7940652501871701,-0.7803136364945016,1.0,0.0,1.0,0.0,0.0,0.0,0.0
-0.16328607837776465,-0.5619212394037845,-0.02398625371167232,-1.4486693586072266,0.07948962979006549,-0.3890061868944915,1.0013144566182242,1.0,0.0,0.0,0.0,0.0,1.0,0.0
0.9150711556940316,0.7819349033366729,-0.531020855980553,1.2939665309870187,0.9114507429403824,-0.5221202989116656,-1.131620584432222,0.0,1.0,0.0,0.0,1.0,0.0,0.0
0.6454818471760826,-1.851714203988016,-1.5010446304222291,-1.1406728148560012,-1.6112948095735382,-0.6996057816012317,0.1073637408838462,0.0,1.0,0.0,0.0,0.0,0.0,1.0
-0.9720540039316119,-0.15589573814886767,0.888676030372312,1.8219606059891187,0.29208485888844055,-0.06953231805327242,0.3457505984130137,1.0,0.0,0.0,0.0,1.0,0.0,0.0
-1.241643312449561,1.649152414169184,0.5363125896036358,1.6312960789050268,0.3872538423115391,-0.6552344109288404,0.6876475388166879,0.0,1.0,1.0,0.0,0.0,0.0,0.0
-0.7024646954136627,0.7466283380101584,-1.926134246465835,-1.697999894024885,0.5998490714099131,0.8178950953945575,-0.19061983102761332,1.0,0.0,0.0,1.0,0.0,0.0,0.0
-0.7024646954136627,-0.15368907781596056,1.5411629831910536,1.8366271080725112,0.8216542021298776,0.21444445425003342,1.5502315627709127,0.0,1.0,0.0,0.0,0.0,0.0,1.0
1.1846604642119807,-1.851714203988016,-1.926134246465835,-1.8446649148588028,-0.8461054831797509,0.8711407402014277,1.4498581490744216,0.0,1.0,0.0,1.0,0.0,0.0,0.0
0.9150711556940316,-0.3544951681105116,0.5127534060638692,1.5579635684880686,0.6044540222207083,-0.610863040256449,-0.9967438097775616,1.0,0.0,0.0,0.0,0.0,1.0,0.0
-0.7024646954136627,-1.828544270492491,0.07332341743084037,0.648640439317784,0.15777379357358315,-0.9303369090976673,-0.33490661321632,1.0,0.0,0.0,1.0,0.0,0.0,0.0
0.6454818471760826,-0.7583140090325209,0.16858446391772017,-0.5540127315203346,0.02883517087131953,-0.46887465410479606,-0.9779237947094694,1.0,0.0,1.0,0.0,0.0,0.0,0.0
-1.51123262096751,0.8481347133238873,1.5411629831910536,1.2206340205700592,1.0994862343811829,-1.5249132761077133,-1.147303930322299,1.0,0.0,0.0,0.0,0.0,0.0,1.0
0.10630323014018443,-0.57295454106832,-0.7809530639676373,-0.6273452419372928,-1.4432141049795169,1.2438602538495163,0.43985067375347453,1.0,0.0,0.0,0.0,0.0,1.0,0.0
-0.4328753868957137,1.1394138772676317,1.326057394349711,1.8366271080725112,1.0994862343811829,-0.0429094956498373,0.33006725252293695,1.0,0.0,0.0,1.0,0.0,0.0,0.0
-0.16328607837776465,-0.0014295148453670203,-0.981718280219557,-1.3900033502736597,-0.39482030372183036,0.8356436436635145,-1.0281105015577152,1.0,0.0,0.0,0.0,0.0,0.0,1.0
-0.7024646954136627,0.20158323578209117,-1.926134246465835,-0.12868417110197566,0.1362840231232059,-0.9835825539045375,0.5182674032038586,1.0,0.0,0.0,0.0,1.0,0.0,0.0
-0.4328753868957137,-0.7340407453705423,0.04925207772716631,-0.36334820443624155,-0.8599203356121367,1.0841233194289073,0.01640033472140067,1.0,0.0,1.0,0.0,0.0,0.0,0.0
-1.241643312449561,-0.5001347500823838,0.6377195100574128,-0.2166831836023252,0.21149821969952634,0.010336149157032147,-1.122210576898176,1.0,0.0,0.0,0.0,0.0,0.0,1.0
0.9150711556940316,-1.4820985982260675,-1.926134246465835,-1.8446649148588028,-0.17608514020906302,0.019210423291510258,-0.5513367864993801,1.0,0.0,0.0,0.0,0.0,0.0,1.0
-0.7024646954136627,1.0555607846171602,1.0914898712798646,0.9713034851524007,1.0994862343811829,1.7940652501871701,-0.1623898084254751,0.0,1.0,0.0,0.0,0.0,0.0,1.0
1.4542497727299297,0.3869427037462921,0.20033814608001393,0.8246384643184844,0.7111353826707951,-1.8355128708144544,-0.7144435837561789,0.0,1.0,0.0,0.0,0.0,1.0,0.0
-0.7024646954136627,-1.2548125839366306,0.47895109924594403,-1.2433383294397435,-0.543713713270872,0.9332606591427761,-0.6956235686880868,1.0,0.0,0.0,0.0,0.0,0.0,1.0
0.3758925386581335,-1.8307509308253977,-1.926134246465835,-1.199338823189568,-1.282808318403488,0.019210423291510258,-0.6924868995100715,1.0,0.0,0.0,0.0,1.0,0.0,0.0
0.10630323014018443,-1.1444795672912729,0.014937614745332173,-0.26068268985250065,-0.11775576327232457,0.7202780799152959,0.2610605306065988,1.0,0.0,0.0,0.0,0.0,1.0,0.0
0.9150711556940316,-1.0628331349737083,0.04925207772716631,1.8366271080725112,-1.9228964811040081,-0.22926925247388158,-0.9685137871754234,1.0,0.0,0.0,0.0,0.0,1.0,0.0
0.9150711556940316,-0.643567671721349,-0.21041109737416905,0.12064636431568289,-0.36949307426245737,1.323728721059821,0.7629275990890567,1.0,0.0,0.0,0.0,0.0,0.0,1.0
1.7238390812478788,0.43990255173606385,-0.14075785908268726,0.487308916400475,-0.5882282377752247,0.5339183230912518,0.96367442648204,1.0,0.0,0.0,0.0,0.0,0.0,1.0
0.3758925386581335,-0.7759672916957782,-0.5033644231295221,0.1646458705658583,-1.6765316127264698,0.888889288470384,0.6876475388166879,1.0,0.0,1.0,0.0,0.0,0.0,0.0
0.3758925386581335,-0.7472807073679854,0.42773548285514806,-1.2433383294397435,-2.0788891898196917,-0.2647663490117948,-0.974787125531454,1.0,0.0,0.0,0.0,0.0,1.0,0.0
0.6454818471760826,-1.1400662466254587,-1.3832487127233977,-0.6273452419372928,-0.4132401069650104,0.2588158249224248,0.496310718957751,1.0,0.0,0.0,0.0,0.0,0.0,1.0
0.10630323014018443,0.8459280529909802,0.23106751591449123,0.8539714684852672,1.0994862343811829,-0.24701780074283858,-1.2821807049769596,1.0,0.0,0.0,0.0,0.0,0.0,1.0
-0.9720540039316119,-0.01908279750862427,1.5411629831910536,0.6193074351510013,0.1838685148347546,1.1639917866392118,-0.20630317691769007,0.0,1.0,0.0,0.0,0.0,1.0,0.0
0.3758925386581335,-1.851714203988016,-0.4716107409672298,0.7366394518181348,-1.7433033994829985,-0.5132460247771874,2.258334629707881,1.0,0.0,0.0,0.0,1.0,0.0,0.0
0.3758925386581335,-0.1713423604792178,0.698153937398551,-1.8446649148588028,1.0994862343811829,0.21444445425003342,-0.04005971048287604,1.0,0.0,0.0,1.0,0.0,0.0,0.0
-1.241643312449561,0.18392995311883392,-0.2319216562583042,0.17931237264924968,1.0994862343811829,-0.8948398125597541,-0.36940997417448906,1.0,0.0,0.0,0.0,0.0,0.0,1.0
0.9150711556940316,-0.01908279750862427,0.5660176471102981,1.3086330330704101,1.0994862343811829,-0.9835825539045375,-0.5450634481433493,1.0,0.0,0.0,0.0,0.0,1.0,0.0
1.4542497727299297,0.15524336879104073,0.9194054002067908,1.4992975601545018,-0.6803272539911271,0.47179840414990415,0.4774907038896589,1.0,0.0,0.0,0.0,1.0,0.0,0.0
0.3758925386581335,-1.5858116338727037,-0.045496812595806,-1.8446649148588028,-0.8829450896661121,-0.3890061868944915,-0.37881998170853526,1.0,0.0,1.0,0.0,0.0,0.0,0.0
0.10630323014018443,1.485859549534055,-0.19504641245693113,0.6339739372343927,1.0994862343811829,-0.7084800557357098,0.806840967581272,0.0,1.0,0.0,0.0,0.0,1.0,0.0
0.10630323014018443,0.27440302676802725,0.16038996529519298,-0.436680714853201,0.5407522026713761,-0.21152070420492536,-1.4099999739810856,1.0,0.0,0.0,0.0,0.0,0.0,1.0
0.9150711556940316,-0.29270867878911144,0.6899594387760238,-0.08468466485180025,0.34811176041978026,-0.2558920748773167,2.258334629707881,1.0,0.0,0.0,0.0,1.0,0.0,0.0
0.10630323014018443,0.09345687946964056,1.454096435326701,1.5139640622378931,-1.4647038754298942,0.738026628184253,-0.8493203584108395,1.0,0.0,0.0,0.0,0.0,0.0,1.0
-1.51123262096751,0.3891493640791992,-1.109757321196547,-1.360670346106877,0.6919480876258155,0.019210423291510258,-0.37254664335250437,1.0,0.0,0.0,0.0,1.0,0.0,0.0
-0.4328753868957137,-0.11396919182363184,-0.62218465315617,-1.8446649148588028,-0.2060173204792313,0.995380578084123,-0.6266168467717489,0.0,1.0,0.0,0.0,0.0,1.0,0.0
-1.51123262096751,-1.851714203988016,-1.926134246465835,-1.7566659023584519,-1.2260139250703477,0.03695897156046727,-0.9528304412853466,1.0,0.0,0.0,0.0,0.0,1.0,0.0
-0.9720540039316119,-0.29270867878911144,-0.4501001820830947,0.47264241431708365,-0.4608245986765602,0.04583324569494538,-0.24394320705387446,0.0,1.0,0.0,0.0,0.0,0.0,1.0
-0.16328607837776465,-0.4891014484178483,-0.8157796831133789,-1.2433383294397435,-0.9458794174136458,0.019210423291510258,0.2485138538945373,0.0,1.0,0.0,0.0,0.0,1.0,0.0
1.7238390812478788,-0.016876137175717162,-0.46136761768906975,-0.42201421276980833,-0.46619704128915507,-0.7262286040046668,1.4404481415403751,0.0,1.0,0.0,0.0,0.0,1.0,0.0
0.6454818471760826,-0.01908279750862427,0.6080144525507505,-0.3193486981860674,0.36883403906835904,0.738026628184253,2.205795420976124,0.0,1.0,0.0,0.0,0.0,1.0,0.0
-0.4328753868957137,-0.01908279750862427,-1.926134246465835,0.9273039789022266,-0.975811597683814,0.24994155078794664,-1.3543240960713128,1.0,0.0,0.0,0.0,0.0,0.0,1.0
-0.7024646954136627,0.6517419436951505,0.17985189952369524,-0.5246797273535505,0.04111503970010623,-1.7556444036041496,-0.1623898084254751,1.0,0.0,0.0,0.0,0.0,1.0,0.0
-0.9720540039316119,0.6517419436951505,-0.3896657547419551,0.09131336014890014,1.0994862343811829,0.45404985588094715,-1.1504405995003144,1.0,0.0,0.0,0.0,0.0,0.0,1.0
1.4542497727299297,1.1063139722740247,0.060007357169233874,-0.011352154434842079,1.0994862343811829,0.8533921919324707,0.21714716211438378,0.0,1.0,0.0,0.0,0.0,0.0,1.0
-0.4328753868957137,-1.6961446505180615,0.6807406278256801,1.0299694934859676,-0.7486340243512546,-1.5692846467801047,-1.4099999739810856,1.0,0.0,0.0,0.0,0.0,1.0,0.0
0.10630323014018443,1.247540233580082,-0.4306382478545924,0.25264488306620914,1.0158296279850716,0.8445179177979927,-0.6077968317036566,1.0,0.0,0.0,0.0,0.0,0.0,1.0
-0.16328607837776465,-0.01908279750862427,0.26589413506023285,-1.8446649148588028,-0.9965338763323918,1.518962752018344,2.258334629707881,1.0,0.0,0.0,0.0,0.0,1.0,0.0
-0.4328753868957137,-0.6192944080593704,0.04925207772716631,0.03264735181533334,-0.7578439259728452,0.569415419629165,-0.05574305637295281,1.0,0.0,0.0,0.0,1.0,0.0,0.0
-0.9720540039316119,-0.01908279750862427,-1.926134246465835,0.3846434018167341,-0.7824036636304186,-0.12277796286014188,-1.1410305919662682,0.0,1.0,0.0,1.0,0.0,0.0,0.0
-0.16328607837776465,0.5745088320434001,0.6182575758289091,0.5459749247340419,1.0994862343811829,-0.7351028781391449,-1.0030171481335923,1.0,0.0,0.0,0.0,0.0,0.0,1.0
-0.16328607837776465,0.16186334978976244,-0.6826190804973081,-0.8913422794383427,0.15777379357358315,0.8090208212600795,-0.12161310911127542,0.0,1.0,0.0,0.0,0.0,0.0,1.0
0.10630323014018443,0.3714960814159419,0.3498877459411391,-1.8446649148588028,0.32431951456400643,-0.5753659437185358,-0.6705302152639638,1.0,0.0,0.0,0.0,0.0,0.0,1.0
-1.51123262096751,-1.37176558158071,0.49431578416318345,-0.5540127315203346,-0.6327427622795773,-0.09615514045670755,-0.1623898084254751,0.0,1.0,0.0,0.0,0.0,1.0,0.0
0.3758925386581335,-0.2441621514651539,-0.37942263146379646,1.0446359955693603,-1.7133712192128303,-0.09615514045670755,0.6374608319684426,1.0,0.0,0.0,0.0,1.0,0.0,0.0
-0.16328607837776465,-0.703147500709842,-0.3456203246458713,-0.30468219610267605,0.10788682645663568,0.4984212265533385,0.29870056074278317,1.0,0.0,0.0,0.0,0.0,0.0,1.0
0.3758925386581335,1.344633288227997,-0.10285830295349775,-1.5366683711075775,-0.2827665006591498,-0.025160947380881083,-1.4099999739810856,1.0,0.0,0.0,0.0,1.0,0.0,0.0
-0.7024646954136627,1.2762268179078755,0.2525780747986264,1.2939665309870187,0.7963269726705047,-0.4954974765082304,-0.5701568015674722,0.0,1.0,0.0,0.0,0.0,1.0,0.0
-0.9720540039316119,0.16848333078848376,1.5411629831910536,1.2939665309870187,0.75334743176975,-1.356302067552626,0.19832714704629173,1.0,0.0,0.0,0.0,0.0,0.0,1.0
0.3758925386581335,1.3975931362177691,0.8139012304417509,-0.07001816276840887,-0.5652034837212494,0.7025295316463398,-1.2414040056627598,1.0,0.0,0.0,0.0,0.0,0.0,1.0
-1.51123262096751,1.4196597395468402,0.04925207772716631,1.8366271080725112,1.0994862343811829,-0.0340352215153592,-0.1623898084254751,1.0,0.0,0.0,0.0,0.0,0.0,1.0
-0.4328753868957137,-1.851714203988016,-1.6444483563164571,-1.8446649148588028,-1.0763530237195065,-0.1760236076670121,-0.1623898084254751,0.0,1.0,1.0,0.0,0.0,0.0,0.0
1.4542497727299297,-0.6082611063948344,0.2935505679112623,-0.5833457356871173,-0.4700345002981508,-1.4894161795698,0.5214040723818739,0.0,1.0,0.0,0.0,0.0,0.0,1.0
0.9150711556940316,-0.7318340850376353,1.1519242986210043,-0.6566782461040755,0.3350643997891951,0.19669590598107642,1.0797311860686083,1.0,0.0,0.0,0.0,1.0,0.0,0.0
-0.9720540039316119,-0.2905020184562043,1.5411629831910536,0.6193074351510013,0.4970051699688231,-0.2736406231462729,1.7886184203000808,0.0,1.0,0.0,0.0,0.0,0.0,1.0
0.6454818471760826,0.17289665145429797,-1.391443211345925,0.9859699872357934,-0.009539419218639725,0.44517558174646904,-0.1592531392474598,0.0,1.0,0.0,0.0,0.0,1.0,0.0
0.9150711556940316,0.8834412786504018,0.04925207772716631,-0.02601865651823345,0.547659628887569,-1.0723252952493203,-0.2941299139021203,1.0,0.0,0.0,0.0,1.0,0.0,0.0
1.1846604642119807,0.17510331178720548,0.8241443537199096,1.0593024976527516,1.0994862343811829,0.3564328404016863,-0.8963703960810699,1.0,0.0,1.0,0.0,0.0,0.0,0.0
-0.4328753868957137,-1.358525619583267,0.11224728588784487,-0.7153442544376423,-0.41400759876681,-0.3978804610289696,0.4210306586853825,1.0,0.0,1.0,0.0,0.0,0.0,0.0
-1.51123262096751,-1.4534120138982747,-0.8813356720935979,-1.5953343794411443,-1.0740505483141087,0.3120614697292942,-1.0626138625158843,1.0,0.0,0.0,0.0,0.0,1.0,0.0
-0.9720540039316119,-0.6126744270606487,0.04925207772716631,-0.09935116693519162,0.23068551474450597,0.37418138867064255,-0.7332635988242712,1.0,0.0,0.0,0.0,1.0,0.0,0.0
0.9150711556940316,-0.0654226644996747,0.6950810004151031,1.4846310580711104,0.09330448222245134,-0.9924568280390156,0.2798805456746911,1.0,0.0,0.0,0.0,0.0,1.0,0.0
1.993428389765828,1.5741259628503408,1.5411629831910536,0.780638958068309,1.0994862343811829,0.22331872838451153,0.013263665543385098,1.0,0.0,0.0,1.0,0.0,0.0,0.0
-1.241643312449561,0.78414156366958,0.04925207772716631,1.3086330330704101,1.0994862343811829,-0.9569597315011024,-0.34117995157235087,0.0,1.0,0.0,0.0,0.0,1.0,0.0
0.10630323014018443,-0.2309221894677113,-0.07417755777465188,0.5313084226506505,-1.7379309568704042,0.0724560680983805,0.01953700389941597,0.0,1.0,1.0,0.0,0.0,0.0,0.0
-0.4328753868957137,1.8676117871269928,-0.8628980501929105,0.5313084226506505,1.0994862343811829,1.030877674622037,0.19205380869026087,1.0,0.0,0.0,0.0,0.0,0.0,1.0
-0.4328753868957137,-0.01908279750862427,0.1982895214243825,0.29664438931638326,-0.3311184841724981,0.2588158249224248,-1.4099999739810856,1.0,0.0,0.0,0.0,1.0,0.0,0.0
-0.7024646954136627,0.5678888510446788,-0.07212893311902044,0.003314347648550597,0.11556174447462819,1.7940652501871701,-0.601523493347626,0.0,1.0,0.0,0.0,0.0,0.0,1.0
1.1846604642119807,0.8348947513264443,1.283036276581442,1.8219606059891187,1.0994862343811829,-0.7972227970804933,-0.9089170727931314,0.0,1.0,1.0,0.0,0.0,0.0,0.0
0.9150711556940316,1.31153338323439,0.04925207772716631,-0.5980122377705087,0.9260330871745668,-1.8355128708144544,0.5778641175861503,0.0,1.0,0.0,0.0,0.0,0.0,1.0
-0.4328753868957137,-0.6391543510555348,-0.8598251132094626,0.36997689973334275,-0.9788815648910102,-0.7262286040046668,0.1073637408838462,1.0,0.0,0.0,0.0,1.0,0.0,0.0
-0.9720540039316119,-0.6788742370478634,-1.926134246465835,-0.15801717526875841,-0.270486631830362,0.5250440489567736,-0.9151904111491621,1.0,0.0,0.0,1.0,0.0,0.0,0.0
-0.7024646954136627,-0.6192944080593704,-1.351495030561104,-1.8446649148588028,-1.0280010402061581,0.7469009023187311,-0.8336370125207627,1.0,0.0,1.0,0.0,0.0,0.0,0.0
1.993428389765828,-0.5089613914140126,-0.9858155295308213,-0.9793412919386936,-2.0788891898196917,1.1018718676978634,0.48376404224568953,1.0,0.0,0.0,0.0,1.0,0.0,0.0
0.9150711556940316,-1.851714203988016,-1.567624931730263,-0.9206752836051267,-2.0788891898196917,0.7114038057808179,0.348887267591029,1.0,0.0,0.0,0.0,0.0,1.0,0.0
1.7238390812478788,-0.8929202893398576,-1.4139780825578752,-0.26068268985250065,-0.8814101060625139,1.1196204159668197,-1.0751605392279457,0.0,1.0,1.0,0.0,0.0,0.0,0.0
0.6454818471760826,0.4531425137335069,0.11839315985474062,1.0153029914025762,-0.13847804192090227,0.8178950953945575,0.16696045526613792,1.0,0.0,0.0,0.0,0.0,1.0,0.0
-1.241643312449561,-0.714180802374378,1.2256747862237503,-0.30468219610267605,-1.6780665963300678,0.9066378367393402,-0.8681403734789317,1.0,0.0,1.0,0.0,0.0,0.0,0.0
-0.16328607837776465,-0.5023414104152909,-1.926134246465835,-1.8446649148588028,-0.10470840264173828,0.36530711453616443,-0.07769974061906043,0.0,1.0,0.0,0.0,0.0,0.0,1.0
1.7238390812478788,0.12214346379743372,-0.8444604282922248,0.6633069414011754,0.07718715438466893,1.5899569450941688,1.942315210022833,0.0,1.0,0.0,1.0,0.0,0.0,0.0
1.7238390812478788,0.7333883760127153,-0.10490692760912919,1.8366271080725112,0.2675251212308661,-1.1699423107285818,0.289290553208737,0.0,1.0,0.0,0.0,0.0,1.0,0.0
-1.51123262096751,-0.08086928683002445,-1.324862910037891,0.03264735181533334,0.5445896616803718,-1.4539190830318869,-0.6987602378661021,0.0,1.0,0.0,0.0,0.0,1.0,0.0
-0.4328753868957137,0.9783276729654093,-0.721542948954314,-1.4340028565238352,0.5837317435721306,-0.8149713453494495,-0.5889768166355646,1.0,0.0,1.0,0.0,0.0,0.0,0.0
-0.9720540039316119,-0.5707478807354128,-1.0626389541170151,-1.1553393169393926,-0.9305295813776618,-0.1405265111290989,-0.47605672622701134,0.0,1.0,0.0,1.0,0.0,0.0,0.0
-0.4328753868957137,0.15524336879104073,0.6930323757594716,0.17931237264924968,0.36115912105036657,-0.7794742488115363,-0.852457027588855,1.0,0.0,0.0,0.0,0.0,0.0,1.0
-1.51123262096751,-0.08086928683002445,-1.5409928112070501,-0.5246797273535505,-0.22443712372241134,0.028084697425989156,0.6217774860783656,0.0,1.0,0.0,0.0,1.0,0.0,0.0
1.993428389765828,0.1486233877923194,1.363956950478899,0.2233118788994251,1.0994862343811829,1.4923399296149082,-0.8650037043009164,1.0,0.0,0.0,0.0,1.0,0.0,0.0
0.9150711556940316,-1.3651456005819884,-0.41527356293735307,-0.6126787398539014,-0.8860150568733093,-1.2320622296699293,-0.8681403734789317,0.0,1.0,0.0,0.0,1.0,0.0,0.0
1.4542497727299297,-0.4140749970990047,-0.41220062595390516,1.8072941039057273,-1.3326952855204344,-0.5221202989116656,-0.20316650773967476,0.0,1.0,0.0,0.0,0.0,0.0,1.0
0.10630323014018443,0.8569613546555161,-0.1264174864932643,-0.07001816276840887,0.46246803888785953,-0.025160947380881083,-0.0933830865091372,1.0,0.0,0.0,0.0,0.0,0.0,1.0
0.9150711556940316,1.8676117871269928,1.0351526932499893,1.5286305643212845,1.0994862343811829,0.22331872838451153,-0.32235993650425854,0.0,1.0,1.0,0.0,0.0,0.0,0.0
-0.9720540039316119,-0.7892072536932212,-0.9776210309082941,0.17931237264924968,0.11325926906923055,-1.2409365038044082,0.8538910052515025,1.0,0.0,0.0,1.0,0.0,0.0,0.0
-0.4328753868957137,-0.18237566214375373,-0.1499766700330309,0.5606414268174345,1.0994862343811829,-0.3623833644910564,0.8162509751153179,1.0,0.0,1.0,0.0,0.0,0.0,0.0
-1.241643312449561,-1.7005579711838759,-0.8260228063915375,-1.1113398106892185,-1.934408858130996,0.45404985588094715,2.205795420976124,1.0,0.0,1.0,0.0,0.0,0.0,0.0
1.7238390812478788,-1.4997518808893249,0.04925207772716631,-1.2726713336065263,-0.8361280897563618,-0.5753659437185358,0.7692009374450879,0.0,1.0,1.0,0.0,0.0,0.0,0.0
-0.7024646954136627,-0.5420612964076197,-0.685692017480756,-1.5366683711075775,-0.24285692696559139,0.738026628184253,-0.20316650773967476,1.0,0.0,1.0,0.0,0.0,0.0,0.0
0.3758925386581335,0.455349174066414,0.5567988361599545,0.648640439317784,0.9782225296969118,-0.7705999746770581,1.6098282771532049,0.0,1.0,0.0,0.0,0.0,1.0,0.0
0.10630323014018443,-0.10955587115781763,-0.5883823463382447,-0.1726836773521498,0.598314087806315,-1.054576746980364,-0.3129499289702126,1.0,0.0,0.0,0.0,0.0,0.0,1.0
0.3758925386581335,0.11993680346452662,-0.15817116865555808,1.8366271080725112,1.0994862343811829,0.39192993693959954,2.258334629707881,1.0,0.0,0.0,0.0,1.0,0.0,0.0
-1.241643312449561,0.5965754353724716,0.04925207772716631,-0.6126787398539014,0.33122694078019826,1.4124714624046035,2.258334629707881,1.0,0.0,0.0,0.0,0.0,0.0,1.0
0.3758925386581335,-0.5839878427328559,0.0016215544837256794,-0.011352154434842079,-1.0218611057917648,-1.8355128708144544,-0.3254966056822741,1.0,0.0,0.0,0.0,1.0,0.0,0.0
0.6454818471760826,-0.8443737620159,0.38778730207032713,-0.9206752836051267,-1.8768469729960569,0.34755856626720744,-0.48233006458304223,1.0,0.0,0.0,0.0,1.0,0.0,0.0
0.3758925386581335,1.1835470839257747,-0.1550982316721102,0.34064389556655866,0.886891005282809,-1.2586850520733646,0.6092308093663038,1.0,0.0,1.0,0.0,0.0,0.0,0.0
0.3758925386581335,-0.014669476842810055,0.722737433266134,0.5459749247340419,1.0994862343811829,1.5810826709596908,0.4806273730676742,1.0,0.0,1.0,0.0,0.0,0.0,0.0
-0.4328753868957137,0.770901601672137,1.5411629831910536,1.2499670247368433,0.15777379357358315,-0.7351028781391449,-0.7458102755363325,0.0,1.0,0.0,0.0,1.0,0.0,0.0
-0.9720540039316119,0.4884490790600214,-0.7328103845602891,-0.36334820443624155,1.0994862343811829,-1.1166966659217115,-0.1623898084254751,1.0,0.0,0.0,0.0,0.0,1.0,0.0
0.10630323014018443,-0.023496118174438484,-1.0083504007427713,-1.7713324044418446,-0.13003563210111127,1.7940652501871701,-0.21571318445173623,0.0,1.0,1.0,0.0,0.0,0.0,0.0
-1.51123262096751,0.7179417536823652,-0.046521124923622446,0.8246384643184844,1.0311794640210554,-0.7794742488115363,-0.5827034782795336,1.0,0.0,0.0,0.0,0.0,1.0,0.0
1.4542497727299297,0.9739143522995952,1.1785564191442173,0.14997936848246693,1.0994862343811829,1.6609511381699953,-0.748946944714348,1.0,0.0,0.0,0.0,1.0,0.0,0.0
-0.16328607837776465,0.4994823807245569,1.1908481670780087,0.42864290806690825,1.0994862343811829,1.2971058986563866,1.155011246340977,1.0,0.0,0.0,0.0,0.0,1.0,0.0
0.6454818471760826,0.09125021913673345,0.4205652965604373,0.2233118788994251,1.0994862343811829,-0.22926925247388158,-0.0588797255509681,1.0,0.0,0.0,0.0,0.0,1.0,0.0
1.4542497727299297,0.02505040914951866,-0.916162291239338,-0.9353417856885181,0.2652226458254684,-0.318011993818665,-0.9685137871754234,1.0,0.0,0.0,0.0,1.0,0.0,0.0
0.3758925386581335,-0.6259143890580917,-0.9458673487460003,0.003314347648550597,-1.1937792693947817,0.9155121108738183,0.22342050047041437,1.0,0.0,0.0,0.0,0.0,0.0,1.0
1.993428389765828,-1.851714203988016,0.04925207772716631,-0.5833457356871173,-2.0788891898196917,-0.24701780074283858,0.40534731279530545,1.0,0.0,0.0,0.0,1.0,0.0,0.0
1.1846604642119807,1.181340423592868,1.5411629831910536,1.4699645559877192,-0.18299256642525485,-0.4866232023737523,0.3520239367690443,1.0,0.0,0.0,0.0,0.0,1.0,0.0
-1.51123262096751,-0.5442679567405272,-1.926134246465835,-1.3753368481902684,-2.0788891898196917,0.3031871955948161,0.43044066621942834,1.0,0.0,0.0,0.0,0.0,0.0,1.0
-0.9720540039316119,1.8676117871269928,-0.06291012216867681,1.3966320455707597,1.0994862343811829,-0.167149333532534,-0.6297535159497643,0.0,1.0,0.0,0.0,0.0,0.0,1.0
0.9150711556940316,-0.5266146740772699,-0.09568811665878701,-0.09935116693519162,-0.2213671565152141,0.0014618750225540366,0.2673338689626296,1.0,0.0,1.0,0.0,0.0,0.0,0.0
1.7238390812478788,-0.703147500709842,-1.0308852719547215,-0.994007794022085,-1.4063744984931568,0.738026628184253,0.3865272977272134,1.0,0.0,1.0,0.0,0.0,0.0,0.0
0.9150711556940316,-1.851714203988016,-1.14663256499792,-0.8473427731881673,-2.0788891898196917,0.4984212265533385,-0.7364002680022865,1.0,0.0,0.0,0.0,1.0,0.0,0.0
0.6454818471760826,-1.6078782372017755,-1.5502116221573936,0.003314347648550597,-0.9075048273236865,1.7940652501871701,1.3996714422261756,1.0,0.0,0.0,0.0,0.0,0.0,1.0
-1.241643312449561,-0.01908279750862427,0.2413106391926513,-0.4953467231867678,0.15777379357358315,1.6520768640355172,2.099148668923601,0.0,1.0,1.0,0.0,0.0,0.0,0.0
-1.241643312449561,-1.851714203988016,0.0497642338910738,1.3379660372371929,0.15777379357358315,0.6581581609739484,0.17009712444415323,1.0,0.0,0.0,0.0,1.0,0.0,0.0
1.993428389765828,0.9739143522995952,-0.275967086354388,1.103302003902927,0.15240135096098828,-1.8355128708144544,-0.1843464926715827,0.0,1.0,1.0,0.0,0.0,0.0,0.0
-0.4328753868957137,0.3626694400843135,1.5411629831910536,0.07664685806550876,0.665853366364643,-0.05178376978431541,1.2710680059275457,1.0,0.0,0.0,0.0,0.0,1.0,0.0
1.993428389765828,-1.360732279916174,-0.876214110454517,0.3113108913997759,-2.0788891898196917,0.6847809833773827,-1.0500671858038229,1.0,0.0,0.0,1.0,0.0,0.0,0.0
0.6454818471760826,-1.0562131539749868,-0.13768492209923938,-1.4486693586072266,1.0994862343811829,1.7940652501871701,-0.9841971330655002,1.0,0.0,0.0,0.0,1.0,0.0,0.0
-0.4328753868957137,0.8503413736567944,0.9675480796141389,-0.6420117440206842,-0.1568978451640834,-0.5043717506427093,0.9542644189479942,1.0,0.0,0.0,0.0,1.0,0.0,0.0
-1.51123262096751,0.22585649944406974,0.7729287373291136,0.6193074351510013,1.0994862343811829,0.8533921919324707,-0.20002983856165948,1.0,0.0,0.0,0.0,1.0,0.0,0.0
-1.51123262096751,-0.5663345600695986,0.43695429380549167,-1.463335860690618,0.5929416451937213,0.3209357438637731,0.22969383882644526,0.0,1.0,0.0,0.0,0.0,0.0,1.0
-0.9720540039316119,-0.01908279750862427,1.5411629831910536,0.13531286639907555,1.0994862343811829,-0.8415941677528846,-0.8963703960810699,0.0,1.0,0.0,0.0,0.0,1.0,0.0
0.3758925386581335,-0.1669290398134036,-1.926134246465835,-0.7593437606878177,-0.1653402549838744,-1.329679245149191,0.304973899098814,1.0,0.0,0.0,1.0,0.0,0.0,0.0
-0.16328607837776465,1.0952806706094889,1.5411629831910536,1.367299041403977,1.0994862343811829,1.3059801727908646,0.1481404401980459,0.0,1.0,0.0,0.0,0.0,0.0,1.0
-0.9720540039316119,-0.2905020184562043,1.4674124955883074,-0.6420117440206842,0.8416089889766568,-1.3740506158215822,-0.008693018702722252,1.0,0.0,0.0,1.0,0.0,0.0,0.0
-1.51123262096751,-0.043356061170602846,1.3813702600517699,0.9126374768188339,0.9129857265439805,1.2438602538495163,0.6782375312826421,0.0,1.0,0.0,0.0,0.0,1.0,0.0
0.6454818471760826,0.2898496490983774,0.4256868581995166,-0.9646747898553009,0.8009319234812999,1.3858486400011691,2.258334629707881,1.0,0.0,0.0,0.0,0.0,1.0,0.0
0.3758925386581335,-0.45820820375714805,0.5209479046863978,-1.2726713336065263,0.4517231536626709,-0.6463601367943622,0.3833906285491981,1.0,0.0,0.0,0.0,1.0,0.0,0.0
-1.51123262096751,0.11993680346452662,-0.6897892667920204,-1.3900033502736597,0.17082115420416943,-0.9303369090976673,1.5031815251006826,1.0,0.0,0.0,0.0,0.0,0.0,1.0
-1.51123262096751,0.036083710814054586,-1.838043386273666,0.19397887473264236,0.11556174447462819,0.19669590598107642,0.7096042230627956,0.0,1.0,1.0,0.0,0.0,0.0,0.0
-0.16328607837776465,1.4770329082024265,-0.13256336046016007,1.8072941039057273,1.0994862343811829,0.19669590598107642,-0.48233006458304223,1.0,0.0,0.0,1.0,0.0,0.0,0.0
0.9150711556940316,-0.7803806123615924,-0.1499766700330309,-1.4340028565238352,-0.058658894533787614,1.1551175125047337,2.258334629707881,0.0,1.0,0.0,0.0,0.0,0.0,1.0
-0.7024646954136627,-0.28388203745748264,0.09176103933152617,0.003314347648550597,-0.09166104201115201,-1.8355128708144544,-0.33804328239433556,1.0,0.0,0.0,0.0,0.0,0.0,1.0
0.6454818471760826,-1.6056715768688683,-0.7963177488848752,-1.5953343794411443,0.3757414652845509,-0.3623833644910564,2.258334629707881,1.0,0.0,0.0,0.0,0.0,1.0,0.0
-0.16328607837776465,0.5171356633878141,0.28125881997747226,1.8219606059891187,0.7571848907787468,1.3681000917322115,-1.122210576898176,0.0,1.0,0.0,0.0,1.0,0.0,0.0
0.3758925386581335,-0.5067547310811056,-1.6475212932999048,-0.994007794022085,-1.051793286061933,-1.3030564227457557,-0.8493203584108395,1.0,0.0,0.0,1.0,0.0,0.0,0.0
-1.51123262096751,1.3931798155519541,1.5155551749956555,1.792627601822336,1.0994862343811829,0.09020461636733672,-0.5105600871851804,1.0,0.0,0.0,0.0,0.0,0.0,1.0
0.9150711556940316,1.0798340482791386,-1.926134246465835,0.6779734434845681,-0.1561303533622838,1.2172374314460803,-0.1623898084254751,0.0,1.0,0.0,0.0,0.0,0.0,1.0
1.993428389765828,0.5149290030549071,1.2051885396674318,1.3379660372371929,1.0096896935706783,-0.7351028781391449,-0.17493648513753654,1.0,0.0,0.0,0.0,0.0,1.0,0.0
1.993428389765828,0.16186334978976244,0.8098039811304866,0.780638958068309,1.0994862343811829,0.7557751764532092,0.29870056074278317,1.0,0.0,0.0,0.0,0.0,1.0,0.0
-0.16328607837776465,0.46638247573094954,1.2277234108793817,-0.12868417110197566,1.0994862343811829,1.2616088021184726,-1.4099999739810856,0.0,1.0,0.0,0.0,0.0,1.0,0.0
1.993428389765828,-0.7075608213756562,-1.926134246465835,-1.8446649148588028,-0.12312820588491942,0.8977635626048621,1.1801045997650998,1.0,0.0,0.0,0.0,0.0,1.0,0.0
1.1846604642119807,0.038290371146961696,0.7206888086105011,0.3993099039001255,0.4570955962752647,-1.5959074691835398,2.180702067552001,1.0,0.0,0.0,0.0,1.0,0.0,0.0
-1.51123262096751,-0.6766675767149564,-0.4203951245764338,-0.6713447481874681,0.15777379357358315,0.2854386473258599,-0.8022703207406091,1.0,0.0,0.0,0.0,1.0,0.0,0.0
-0.16328607837776465,0.30088295076291294,0.7053241236932631,1.8366271080725112,0.0994444166368447,0.14345026117420695,-0.04946971801692193,1.0,0.0,0.0,0.0,0.0,1.0,0.0
-1.51123262096751,-0.18458232247666084,-0.1550982316721102,-1.8446649148588028,-0.37026056606425695,0.15232453530868506,1.289888020995638,1.0,0.0,0.0,0.0,0.0,0.0,1.0
0.3758925386581335,-0.6766675767149564,-1.3228142853822582,0.003314347648550597,-0.9850214993054035,-1.4361705347629306,0.29556389156476787,0.0,1.0,0.0,0.0,0.0,1.0,0.0
-0.4328753868957137,-0.01246281650990295,-0.1776331028840603,-1.8446649148588028,0.9513603166339397,-1.6846502105283232,-0.27217322965601265,0.0,1.0,0.0,0.0,0.0,1.0,0.0
1.1846604642119807,-0.5199946930785482,-0.7594425050835021,0.648640439317784,-1.6573443176814902,-0.9835825539045375,0.2767438764966758,0.0,1.0,0.0,0.0,0.0,1.0,0.0
0.9150711556940316,-0.5817811823999488,-1.4713395729155667,-0.275349191935892,-1.046420843449338,0.9421349332772543,-0.6673935460859486,1.0,0.0,1.0,0.0,0.0,0.0,0.0
0.3758925386581335,0.4950690600587427,1.0453958165281478,0.003314347648550597,-0.5797858279554337,-0.4954974765082304,-0.19061983102761332,1.0,0.0,0.0,1.0,0.0,0.0,0.0
-0.4328753868957137,-0.01908279750862427,0.8425819756205968,-1.1260063127726099,-1.1907093021875856,-0.8682169901563197,0.2610605306065988,0.0,1.0,0.0,1.0,0.0,0.0,0.0
-0.7024646954136627,0.6495352833622433,-0.7379319461993684,-0.18735017943554247,0.16851867879877178,-1.5426618243766703,1.1142345470267776,0.0,1.0,0.0,0.0,1.0,0.0,0.0
0.10630323014018443,-0.003636175178274128,0.6889351264482088,0.14997936848246693,0.15777379357358315,-1.0723252952493203,0.46180735799958217,1.0,0.0,0.0,0.0,0.0,0.0,1.0
-1.51123262096751,-0.01908279750862427,-0.3394744506789755,0.3993099039001255,0.5415196944731757,0.019210423291510258,-0.8242270049867166,1.0,0.0,1.0,0.0,0.0,0.0,0.0
1.993428389765828,0.5789221527092148,0.29457488023907874,0.6633069414011754,0.4164185307799078,-0.6641086850633184,0.32693058334492137,1.0,0.0,0.0,1.0,0.0,0.0,0.0
-0.4328753868957137,-0.0963159091603746,0.38369005275906426,-0.3926812086030256,0.09253699042065176,-1.8355128708144544,-0.35058995910639673,1.0,0.0,1.0,0.0,0.0,0.0,0.0
1.7238390812478788,0.06256363480894027,0.6571814442859151,-0.4953467231867678,1.0994862343811829,0.2055701801155553,-0.28158323719005884,1.0,0.0,0.0,0.0,0.0,0.0,1.0
-1.51123262096751,0.41342262774117816,0.5004616581300791,1.8366271080725112,1.0994862343811829,-0.8060970712149713,2.08660199221154,1.0,0.0,0.0,0.0,0.0,0.0,1.0
1.1846604642119807,0.7775215826708584,-0.4378084341493032,-0.29001569401928334,1.0994862343811829,-1.3651763416871041,-0.1623898084254751,0.0,1.0,0.0,0.0,0.0,1.0,0.0
0.3758925386581335,-0.6546009733858849,-1.0800522636898862,-0.3193486981860674,-1.63892451443831,-0.5576173954495788,1.1518745771629617,1.0,0.0,0.0,1.0,0.0,0.0,0.0
0.9150711556940316,-0.7053541610427492,0.108150036576582,-1.8446649148588028,1.0296444804174574,-0.2913891714152299,1.9140851874206948,1.0,0.0,0.0,0.0,0.0,1.0,0.0
-1.51123262096751,0.1111101621328978,-0.27289414937094014,-0.29001569401928334,0.27980499005965276,-0.4866232023737523,0.9574010881260094,0.0,1.0,1.0,0.0,0.0,0.0,0.0
-0.9720540039316119,1.084247368944953,1.4315615641147508,1.0593024976527516,0.6006165632117126,-0.5753659437185358,0.781747614157149,0.0,1.0,0.0,0.0,0.0,1.0,0.0
1.4542497727299297,-0.12279583315526066,0.32325562541792463,-0.6126787398539014,0.12630662969981574,0.5960382420326,-0.3756833125305197,1.0,0.0,0.0,0.0,0.0,0.0,1.0
0.6454818471760826,-1.851714203988016,-1.926134246465835,-1.6393338856913182,-2.0788891898196917,-1.8355128708144544,0.7221508997748572,0.0,1.0,0.0,0.0,1.0,0.0,0.0
0.10630323014018443,-0.25960877379550407,-0.7041296393814432,-1.4046698523570524,-0.9289945977740638,0.8445179177979927,-0.5450634481433493,1.0,0.0,0.0,0.0,0.0,0.0,1.0
-1.51123262096751,0.6252620197002647,0.9552563316803474,0.25264488306620914,0.44558321924827754,0.5339183230912518,0.7503809223769955,0.0,1.0,0.0,0.0,0.0,1.0,0.0
0.6454818471760826,-0.7583140090325209,-0.21758128366888127,-0.6273452419372928,0.5115875142030074,0.9776320298151667,-0.14670646253539835,0.0,1.0,0.0,0.0,0.0,1.0,0.0
0.9150711556940316,-1.851714203988016,0.006743116122804988,-1.8446649148588028,-1.451656514799308,-0.025160947380881083,1.0546378326444859,1.0,0.0,0.0,0.0,0.0,0.0,1.0
-1.51123262096751,1.8543718251295493,-1.3822244003955828,1.8366271080725112,1.0994862343811829,1.5278370261528222,-0.7458102755363325,1.0,0.0,0.0,0.0,0.0,0.0,1.0
-0.16328607837776465,-0.28608869779039015,1.3721514491014262,0.2233118788994251,0.1193992034836239,-0.9569597315011024,-0.9465571029293157,1.0,0.0,1.0,0.0,0.0,0.0,0.0
0.6454818471760826,1.2563668749117112,0.1982895214243825,0.6779734434845681,0.8408414971748572,1.3059801727908646,-1.009290486489623,1.0,0.0,0.0,0.0,0.0,0.0,1.0
1.1846604642119807,-0.1007292298261888,0.2187757679807012,-1.4340028565238352,-0.25360181219078004,-0.76172570054258,0.05404036485758478,0.0,1.0,0.0,0.0,0.0,0.0,1.0
-0.16328607837776465,-0.8487870826817142,-0.89055448304394,-0.5833457356871173,-1.6696241865102768,-0.10502941459118566,0.7472442531989802,1.0,0.0,0.0,0.0,1.0,0.0,0.0
0.6454818471760826,-1.385005543578153,-0.8311443680306168,0.14997936848246693,-1.5452905146188085,-1.1344452141906685,-0.6109335008816719,0.0,1.0,0.0,0.0,0.0,1.0,0.0
-1.51123262096751,-0.8796803273424145,1.1754834821607707,1.279300028903626,-0.24285692696559139,1.7230710571113437,0.23910384636049142,1.0,0.0,0.0,0.0,1.0,0.0,0.0
-0.7024646954136627,-0.1713423604792178,-1.6393267946773777,-1.067340304439043,0.10481685924943955,-0.1760236076670121,0.06031370321361565,1.0,0.0,0.0,1.0,0.0,0.0,0.0
0.3758925386581335,1.2343002715826392,1.5411629831910536,0.8539714684852672,1.0994862343811829,0.587163967898122,-0.7269902604682403,1.0,0.0,0.0,0.0,0.0,1.0,0.0
0.10630323014018443,0.9253678249756381,0.07946929139773612,-0.3193486981860674,-0.3441658448030844,-0.5576173954495788,0.49944738813576656,1.0,0.0,0.0,1.0,0.0,0.0,0.0
-1.241643312449561,-1.7093846125155046,-1.244966548468249,-0.9646747898553009,-0.736354155522468,-1.8355128708144544,-0.792860313206563,1.0,0.0,0.0,0.0,0.0,0.0,1.0
-0.7024646954136627,0.022843748816611553,-0.33332857671207977,0.12064636431568289,0.15777379357358315,-0.45112610583583906,-0.09024641733112189,0.0,1.0,0.0,0.0,1.0,0.0,0.0
-0.7024646954136627,-0.10514255049200341,-0.7717342530172936,-0.568679233603726,-0.6189279098471925,-0.33576054208762124,-1.093980554296038,0.0,1.0,1.0,0.0,0.0,0.0,0.0
-0.7024646954136627,1.8676117871269928,1.0781738110182582,-0.20201668151893384,1.0994862343811829,-1.8355128708144544,-0.8963703960810699,1.0,0.0,0.0,0.0,0.0,0.0,1.0
-1.241643312449561,-1.4975452205564177,-1.068784828083911,1.4112985476541524,-1.9651085302029632,-1.1521937624596248,-0.24394320705387446,0.0,1.0,0.0,0.0,1.0,0.0,0.0
0.6454818471760826,1.8676117871269928,1.514530862667839,1.8366271080725112,1.0994862343811829,-1.4184219864939736,-0.1592531392474598,1.0,0.0,0.0,0.0,0.0,0.0,1.0
1.1846604642119807,-0.9480867976625362,-0.34357169999023984,-0.12868417110197566,-0.3088612219203213,0.8267693695290357,0.33634059087896756,1.0,0.0,0.0,1.0,0.0,0.0,0.0
-0.16328607837776465,-0.6215010683922775,0.20136245840783037,0.2233118788994251,1.0196670869940672,-0.11390368872566377,1.3432113970218993,1.0,0.0,0.0,0.0,0.0,0.0,1.0
1.993428389765828,-0.4339349400951695,-0.6529140229906473,1.2939665309870187,-0.7455640571440585,0.9421349332772543,-0.19061983102761332,1.0,0.0,0.0,0.0,0.0,0.0,1.0
-0.4328753868957137,-0.6192944080593704,0.3447661843020583,-1.0380073002722603,-0.43012492660459345,0.738026628184253,-0.24080653787585915,1.0,0.0,0.0,0.0,0.0,0.0,1.0
0.9150711556940316,0.9474344283047091,1.1826536684554816,0.941970480985618,-0.13157061570471043,-0.5664916695840568,0.245377184716522,0.0,1.0,0.0,0.0,0.0,0.0,1.0
-1.241643312449561,-1.5990515958701468,-1.3986133976406372,0.17931237264924968,-1.195314252998381,0.7646494505876881,-0.1623898084254751,1.0,0.0,0.0,0.0,0.0,0.0,1.0
-1.51123262096751,0.726768395013994,0.04925207772716631,0.003314347648550597,1.0994862343811829,1.7940652501871701,-1.1190739077201608,1.0,0.0,0.0,0.0,1.0,0.0,0.0
-0.7024646954136627,-0.02570277850734559,0.21775145565288473,-1.199338823189568,1.0994862343811829,0.0724560680983805,1.6286482922212968,1.0,0.0,0.0,0.0,0.0,1.0,0.0
0.3758925386581335,-1.3761789022465243,0.10712572424876556,1.7632945976555519,-2.0788891898196917,-0.2825148972807518,0.05717703403560035,0.0,1.0,0.0,0.0,1.0,0.0,0.0
-0.9720540039316119,-0.19561562414119676,-1.1517541266370008,0.3846434018167341,0.14088897393400115,-0.7883485229460143,-0.7771769673164862,1.0,0.0,0.0,0.0,1.0,0.0,0.0
-1.51123262096751,-1.851714203988016,-1.926134246465835,-0.3340152002694588,-1.0648406466925193,-1.4716676313008439,-0.28785657554608973,1.0,0.0,1.0,0.0,0.0,0.0,0.0
-0.9720540039316119,-0.4868947880849408,1.5083849887009448,-0.275349191935892,-0.48308186092873706,0.04583324569494538,-1.4099999739810856,1.0,0.0,0.0,0.0,1.0,0.0,0.0
-0.16328607837776465,0.10449018113417648,1.226699098551567,-0.9353417856885181,1.0994862343811829,0.1700730835776421,-1.4099999739810856,1.0,0.0,0.0,1.0,0.0,0.0,0.0
-0.4328753868957137,0.06918361580766198,-1.926134246465835,1.5432970664046772,-0.3625856480462644,0.10795316463629373,0.8319343210053949,0.0,1.0,1.0,0.0,0.0,0.0,0.0
0.9150711556940316,-0.5442679567405272,-1.926134246465835,1.8366271080725112,-1.7225811208344208,0.2854386473258599,0.5904107942982121,0.0,1.0,0.0,0.0,1.0,0.0,0.0
1.993428389765828,0.0404970314798688,0.7862447975907201,1.0006364893191848,1.0994862343811829,1.5810826709596908,2.258334629707881,1.0,0.0,0.0,0.0,1.0,0.0,0.0
-0.4328753868957137,-0.6237077287251847,-1.926134246465835,-1.1260063127726099,-0.42628746759559666,0.8445179177979927,-0.41646001184471965,1.0,0.0,0.0,1.0,0.0,0.0,0.0
0.10630323014018443,1.0974873309423956,0.49943734580226273,-1.1260063127726099,1.0994862343811829,-0.21152070420492536,0.44612401210950514,1.0,0.0,0.0,0.0,0.0,0.0,1.0
-1.51123262096751,-0.689907538712399,0.3621794938749291,-1.3020043377733101,-0.3710280578660554,-1.205439407266495,0.4335773353974439,1.0,0.0,0.0,0.0,1.0,0.0,0.0
1.4542497727299297,0.38473604341338496,0.37242261715308916,-0.9206752836051267,-0.4907567789467285,1.2261117055805602,0.141867101842015,1.0,0.0,0.0,0.0,0.0,1.0,0.0
1.1846604642119807,0.02505040914951866,-1.1476568773257365,0.4433094101503009,-0.6342777458831764,0.9066378367393402,-0.13102311664532157,1.0,0.0,0.0,0.0,1.0,0.0,0.0
-0.7024646954136627,-0.33904854578016147,-0.9724994692692147,-1.0233407981888676,-0.41784505777580566,0.7291523540497749,2.258334629707881,0.0,1.0,1.0,0.0,0.0,0.0,0.0
0.3758925386581335,-0.016876137175717162,-1.6383024823495627,-0.9206752836051267,0.2283830393391083,-1.2409365038044082,0.5245407415598892,1.0,0.0,0.0,0.0,0.0,1.0,0.0
-1.241643312449561,0.4950690600587427,-1.6147432988097963,-0.8033432669379932,-1.1239375154310562,0.7646494505876881,-0.25021654540990534,0.0,1.0,0.0,0.0,0.0,0.0,1.0
1.1846604642119807,1.6403257728375558,1.5411629831910536,1.8366271080725112,1.0994862343811829,-0.06953231805327242,1.6129649463312203,0.0,1.0,0.0,0.0,0.0,0.0,1.0
0.10630323014018443,-1.851714203988016,0.3949574883650393,-0.9793412919386936,-2.0788891898196917,1.2527345279839943,-1.0061538173116076,0.0,1.0,1.0,0.0,0.0,0.0,0.0
0.10630323014018443,1.8631984664611787,1.5411629831910536,-0.36334820443624155,1.0994862343811829,1.030877674622037,1.299298028529684,1.0,0.0,0.0,0.0,1.0,0.0,0.0
-0.7024646954136627,1.8676117871269928,1.5411629831910536,1.8366271080725112,1.0994862343811829,0.028084697425989156,0.1073637408838462,0.0,1.0,0.0,0.0,1.0,0.0,0.0
1.993428389765828,1.8676117871269928,1.5411629831910536,1.8366271080725112,1.0994862343811829,-0.19377215593596833,0.5276774107379045,1.0,0.0,0.0,0.0,0.0,1.0,0.0
-1.51123262096751,-0.7958272346919425,0.04925207772716631,0.34064389556655866,0.04188253150190581,0.24106727665346775,0.8476176668954719,1.0,0.0,0.0,0.0,0.0,0.0,1.0
1.993428389765828,-0.4251082987635406,0.12966059546071568,1.4112985476541524,-0.8929224830895011,1.0929975935633853,-0.1623898084254751,1.0,0.0,0.0,0.0,0.0,0.0,1.0
0.10630323014018443,-1.2128860376113948,-0.28621020963254806,-1.8446649148588028,-1.2436662365117293,-1.036828198711407,1.9360418716668024,1.0,0.0,0.0,0.0,0.0,1.0,0.0
-0.4328753868957137,0.8834412786504018,1.2441124081244361,0.5166419205672591,1.0994862343811829,0.21444445425003342,-0.4948767412951037,0.0,1.0,0.0,0.0,0.0,1.0,0.0
0.9150711556940316,0.18834327378464813,1.4960932407671532,-1.0966733086058258,0.6520385139322582,-1.4716676313008439,-0.8712770426569472,1.0,0.0,0.0,0.0,0.0,1.0,0.0
1.1846604642119807,0.7422150173443438,1.5380900462076057,1.8366271080725112,1.0994862343811829,-1.2143136814009732,0.6531441778585191,1.0,0.0,0.0,0.0,1.0,0.0,0.0
-0.4328753868957137,-1.1113796622976657,1.01978800833275,-0.45134721693659235,-0.23287953354220234,-0.7262286040046668,-0.8838237193690086,1.0,0.0,0.0,0.0,0.0,1.0,0.0
-0.16328607837776465,1.7506587894829133,-0.46136761768906975,0.780638958068309,-0.6565350081353521,1.2704830762529506,-0.7458102755363325,0.0,1.0,0.0,0.0,0.0,1.0,0.0
0.10630323014018443,0.2214431787782555,0.5137777183916856,0.19397887473264236,1.0411568574444445,1.6609511381699953,-0.4258700193787655,1.0,0.0,0.0,0.0,0.0,0.0,1.0
-1.241643312449561,0.5480289080485145,1.5411629831910536,-0.45134721693659235,1.040389365642646,-0.33576054208762124,0.2641971997846143,1.0,0.0,0.0,1.0,0.0,0.0,0.0
-0.4328753868957137,-0.341255206113069,-0.660084209285358,-0.45134721693659235,-0.09089355020935352,1.7940652501871701,-0.7081702454001483,0.0,1.0,0.0,0.0,1.0,0.0,0.0
0.6454818471760826,0.6892551693545724,0.11839315985474062,-1.3166708398567015,0.8370040381658616,-0.24701780074283858,-0.21571318445173623,1.0,0.0,0.0,0.0,0.0,1.0,0.0
1.4542497727299297,1.4792395685353332,0.04925207772716631,0.003314347648550597,1.0994862343811829,1.2438602538495163,-1.0312471707357305,1.0,0.0,0.0,1.0,0.0,0.0,0.0
0.9150711556940316,-0.5508879377392485,-1.926134246465835,-1.2873378356899188,-0.5237589264240939,0.8622664660669489,-1.3166840659351287,0.0,1.0,1.0,0.0,0.0,0.0,0.0
-0.4328753868957137,-1.0937263796344086,-0.6436952120403037,0.19397887473264236,0.12553913789801724,-0.22926925247388158,-0.6046601625256413,1.0,0.0,0.0,0.0,1.0,0.0,0.0
1.993428389765828,-0.032322759506067306,-0.224751469963592,0.047313853898724716,-0.6772572867839309,-0.05178376978431541,0.452397350465536,1.0,0.0,0.0,0.0,0.0,1.0,0.0
1.1846604642119807,-1.0826930779698727,-0.20324091107945833,-0.18735017943554247,-0.5920656967842215,-0.167149333532534,1.4153547881162523,0.0,1.0,0.0,0.0,0.0,0.0,1.0
-0.16328607837776465,0.6892551693545724,0.4799754115737605,1.1473015101531012,0.15777379357358315,1.5988312192286487,1.4247647956502987,0.0,1.0,0.0,0.0,0.0,1.0,0.0
0.10630323014018443,0.3560494590855918,1.2164559752734068,-0.5833457356871173,1.0994862343811829,1.4657171072114739,-0.5074234180071648,1.0,0.0,0.0,0.0,1.0,0.0,0.0
-1.51123262096751,1.8676117871269928,1.29840096149868,1.3966320455707597,1.0994862343811829,1.7940652501871701,1.2240179682573151,0.0,1.0,0.0,1.0,0.0,0.0,0.0
0.3758925386581335,1.2541602145788038,1.5411629831910536,1.8366271080725112,1.0994862343811829,-1.8355128708144544,0.348887267591029,1.0,0.0,0.0,0.0,0.0,1.0,0.0
-0.16328607837776465,-0.16030905881468227,-1.926134246465835,-0.3926812086030256,-1.259016072547713,-0.9658340056355805,0.8193876442933337,1.0,0.0,0.0,0.0,0.0,0.0,1.0
1.1846604642119807,1.3005000815698542,0.5567988361599545,0.47264241431708365,0.15777379357358315,0.0014618750225540366,-0.664256876907933,1.0,0.0,0.0,0.0,0.0,1.0,0.0
1.993428389765828,-1.572571671875261,-0.5105346094242343,-1.0526738023556517,-1.5621753342583915,0.6847809833773827,0.7127408922408108,1.0,0.0,0.0,0.0,0.0,0.0,1.0
-1.51123262096751,-0.45820820375714805,0.6387438223852278,-0.07001816276840887,0.6873431368150202,-1.1433194883251467,-0.4321433577347964,0.0,1.0,0.0,0.0,1.0,0.0,0.0
0.3758925386581335,-0.303741980453647,0.13068490778853212,1.2206340205700592,1.0994862343811829,-0.3978804610289696,2.258334629707881,0.0,1.0,0.0,0.0,0.0,0.0,1.0
0.9150711556940316,-0.3699417904408618,0.01801055172878005,1.8366271080725112,-1.1768944497551999,0.8977635626048621,1.5972816004411432,1.0,0.0,1.0,0.0,0.0,0.0,0.0
-1.51123262096751,-0.9370534959980005,-1.926134246465835,-0.5393462294369419,-1.0218611057917648,0.45404985588094715,-0.5356534406093034,1.0,0.0,0.0,0.0,1.0,0.0,0.0
-0.4328753868957137,-1.087106398635687,0.621330512812357,0.7953054601517003,-0.024889255254623644,0.9776320298151667,-0.1623898084254751,1.0,0.0,0.0,0.0,1.0,0.0,0.0
0.9150711556940316,-0.5354413154088984,-1.926134246465835,-0.436680714853201,-1.8898943336266432,-0.30913771968418613,-0.23139653034181298,0.0,1.0,1.0,0.0,0.0,0.0,0.0
0.10630323014018443,-1.37176558158071,0.3990547376763022,0.003314347648550597,-1.5675477768709853,1.1994888831771242,-0.5827034782795336,0.0,1.0,0.0,0.0,0.0,0.0,1.0
-1.241643312449561,0.5215489840536284,1.5411629831910536,-0.3486817023528502,0.4962376781670235,-0.9569597315011024,-0.1623898084254751,1.0,0.0,1.0,0.0,0.0,0.0,0.0
-1.51123262096751,0.9805343332983169,-0.685692017480756,1.8366271080725112,0.9598027264537318,-0.025160947380881083,-0.5576101248554107,0.0,1.0,0.0,0.0,0.0,1.0,0.0
0.6454818471760826,-0.01908279750862427,0.2546266994542578,-1.8446649148588028,-0.1898999926414478,1.6165797674976048,-0.1623898084254751,1.0,0.0,0.0,0.0,0.0,0.0,1.0
1.993428389765828,-1.851714203988016,0.04925207772716631,-1.5660013752743602,-1.2666909905657047,-1.8355128708144544,-0.9496937721073312,0.0,1.0,0.0,0.0,1.0,0.0,0.0
-1.51123262096751,0.18392995311883392,-0.005548631810985062,0.09131336014890014,0.18617099024015227,0.019210423291510258,1.5784615853730515,1.0,0.0,0.0,0.0,0.0,0.0,1.0
-0.4328753868957137,0.4244559294057137,0.9736939535810333,1.733961593488769,-0.4047976971452194,0.34755856626720744,-1.4099999739810856,1.0,0.0,0.0,0.0,0.0,1.0,0.0
-0.9720540039316119,0.06035697447603316,-1.6772263508065672,-1.4486693586072266,-0.3065587465149236,0.22331872838451153,-0.1623898084254751,1.0,0.0,0.0,0.0,1.0,0.0,0.0
-0.9720540039316119,0.2898496490983774,1.0689550000679144,1.704628589321985,1.0994862343811829,-0.18489788180149022,-0.1623898084254751,0.0,1.0,0.0,0.0,0.0,1.0,0.0
1.4542497727299297,1.6447390935033699,1.5411629831910536,0.7659724559849176,1.0994862343811829,1.2083631573116023,0.33320392170095225,0.0,1.0,1.0,0.0,0.0,0.0,0.0
0.6454818471760826,0.817241468663187,-0.22987303160267275,0.8246384643184844,0.9544302838411369,-0.3535090903565783,1.2397013141473923,1.0,0.0,0.0,0.0,0.0,0.0,1.0
-0.9720540039316119,-1.0076666266510295,-1.0472742691997758,-1.8446649148588028,-1.919059022095012,1.7940652501871701,1.7164750292057271,1.0,0.0,0.0,0.0,0.0,0.0,1.0
0.10630323014018443,1.6138458488426697,1.5411629831910536,1.704628589321985,1.0994862343811829,-0.7084800557357098,0.4116206511513363,0.0,1.0,0.0,0.0,1.0,0.0,0.0
0.10630323014018443,-0.31256862178527584,-0.34357169999023984,-0.3340152002694588,-2.0788891898196917,1.6254540416320828,1.0075877949742553,1.0,0.0,0.0,0.0,0.0,0.0,1.0
1.1846604642119807,-0.6722542560491421,-1.8749186300750391,-1.0820068065224344,-0.006469452011442505,0.7823979988566443,0.7754742758011184,1.0,0.0,0.0,0.0,0.0,0.0,1.0
-1.51123262096751,-0.5089613914140126,-1.926134246465835,1.2206340205700592,0.6551084811394543,-1.0723252952493203,2.0928753305675705,1.0,0.0,0.0,1.0,0.0,0.0,0.0
-0.16328607837776465,-0.01908279750862427,1.5411629831910536,0.003314347648550597,-0.3150011563347157,1.0575004970254713,0.5088573956698125,1.0,0.0,0.0,0.0,0.0,1.0,0.0
-0.9720540039316119,1.3137400435672968,0.5834309566831689,0.3259773934831673,0.20382330168153381,0.019210423291510258,0.1795071319781994,0.0,1.0,0.0,0.0,0.0,0.0,1.0
-0.16328607837776465,1.8300985614675709,1.5411629831910536,1.8366271080725112,1.0994862343811829,-1.1255709400561897,-0.9277370878612236,1.0,0.0,0.0,0.0,0.0,0.0,1.0
0.9150711556940316,-0.4913081087507554,0.1696087762455366,0.1646458705658583,0.15777379357358315,0.5250440489567736,1.7227483675617579,0.0,1.0,0.0,0.0,1.0,0.0,0.0
1.4542497727299297,-1.851714203988016,-1.1783862471602138,-1.8446649148588028,-2.0788891898196917,0.19669590598107642,0.6782375312826421,1.0,0.0,0.0,0.0,0.0,0.0,1.0
0.10630323014018443,1.8676117871269928,1.5411629831910536,0.42864290806690825,1.0994862343811829,1.3947229141356474,0.038357018967508025,1.0,0.0,0.0,0.0,1.0,0.0,0.0
1.7238390812478788,-0.05880268350095299,1.1416811753428442,0.8686379705686599,-1.8584271697528763,0.7469009023187311,1.9015385107086336,1.0,0.0,0.0,0.0,0.0,0.0,1.0
0.10630323014018443,1.066594086281696,-0.14895235770521445,1.3086330330704101,1.0994862343811829,0.24106727665346775,-0.8995070652590853,0.0,1.0,0.0,1.0,0.0,0.0,0.0
-1.51123262096751,1.8676117871269928,1.1334866767203169,0.3113108913997759,1.0994862343811829,-0.44225183170136095,-0.43841669609082695,1.0,0.0,1.0,0.0,0.0,0.0,0.0
-1.241643312449561,-0.01908279750862427,-0.6805704558416766,-0.02601865651823345,-0.38177294309124404,0.2055701801155553,2.005048593583141,0.0,1.0,0.0,0.0,1.0,0.0,0.0
1.993428389765828,-0.9679467406587006,-0.0393509386289117,0.6193074351510013,-2.0788891898196917,-0.5221202989116656,0.22342050047041437,1.0,0.0,0.0,0.0,0.0,0.0,1.0
-0.7024646954136627,-0.2772620564587613,-0.2145083466854334,-0.07001816276840887,0.2951548260956367,0.8977635626048621,1.7572517285199267,0.0,1.0,0.0,0.0,0.0,0.0,1.0
0.6454818471760826,-0.5177880327456411,0.19726520909656606,-1.3020043377733101,0.6412936287070695,-0.007412399111924074,-0.5042867488291496,1.0,0.0,0.0,0.0,0.0,0.0,1.0
1.993428389765828,0.5965754353724716,0.6879108141203923,1.3086330330704101,1.0994862343811829,0.19669590598107642,-1.0657505316938995,0.0,1.0,0.0,0.0,1.0,0.0,0.0
-1.51123262096751,-0.831133800018457,1.5411629831910536,-0.2166831836023252,0.26675762942906756,1.2527345279839943,-0.7646302906044247,1.0,0.0,0.0,0.0,0.0,0.0,1.0
1.993428389765828,-1.851714203988016,-0.49926717381825925,-0.8913422794383427,-2.0788891898196917,0.613786790301557,-1.4099999739810856,1.0,0.0,0.0,0.0,0.0,0.0,1.0
0.10630323014018443,1.2563668749117112,0.3406689349907954,1.2939665309870187,1.0994862343811829,0.9510092074117323,-0.21257651527372093,1.0,0.0,0.0,0.0,0.0,0.0,1.0
-0.7024646954136627,0.6120220577028217,-1.208091304666876,-1.6393338856913182,1.0994862343811829,1.1906146090426462,0.8758476894976102,1.0,0.0,0.0,0.0,0.0,0.0,1.0
1.4542497727299297,0.6473286230293362,1.324008769694078,-0.36334820443624155,0.6282462680764833,-1.773392951873106,0.43985067375347453,1.0,0.0,0.0,0.0,0.0,0.0,1.0
-0.16328607837776465,0.3869427037462921,-1.926134246465835,-0.18735017943554247,0.15777379357358315,0.6847809833773827,-0.1623898084254751,0.0,1.0,0.0,0.0,0.0,1.0,0.0
0.3758925386581335,-0.5133747120798269,0.2290188912588598,0.03264735181533334,-0.6979795654325087,0.5782896937636438,-0.8430470200548088,1.0,0.0,0.0,0.0,1.0,0.0,0.0
1.1846604642119807,1.5939859058465053,1.5411629831910536,-0.4806802211033751,1.0994862343811829,-0.7173543298701879,0.36770728265912106,1.0,0.0,0.0,0.0,0.0,0.0,1.0
-1.51123262096751,-1.851714203988016,-1.8790158793863034,-1.8446649148588028,-0.6166254344417949,-0.9303369090976673,1.3777147579800681,0.0,1.0,0.0,0.0,0.0,1.0,0.0
-1.51123262096751,-0.16472237948049648,-1.5143606906838356,0.5899744309842172,0.44635071105007607,-0.45112610583583906,-0.9873338022435154,1.0,0.0,0.0,1.0,0.0,0.0,0.0
-0.9720540039316119,0.4707957963967641,0.04925207772716631,1.8072941039057273,1.0994862343811829,0.587163967898122,-0.24394320705387446,0.0,1.0,1.0,0.0,0.0,0.0,0.0
0.10630323014018443,-1.2702592062669809,-1.36788402780616,0.14997936848246693,-2.0788891898196917,0.019210423291510258,-1.0375205090917612,0.0,1.0,0.0,0.0,0.0,0.0,1.0
1.4542497727299297,-0.016876137175717162,-0.722567261282129,1.8366271080725112,-1.2904832364214796,0.08133034223285861,-1.1692606145684066,0.0,1.0,0.0,0.0,1.0,0.0,0.0
-0.7024646954136627,0.8525480339897015,-0.8065608721630353,-0.011352154434842079,-0.7517039915584518,-0.7084800557357098,1.0483644942884547,0.0,1.0,0.0,0.0,1.0,0.0,0.0
-0.9720540039316119,-0.6656342750504204,0.6950810004151031,-0.6126787398539014,-0.2420894351637929,-0.6729829591977966,0.9542644189479942,1.0,0.0,0.0,1.0,0.0,0.0,0.0
-0.16328607837776465,0.7598683000076011,0.825168666047726,-0.9206752836051267,1.0994862343811829,-0.32688626795314313,2.258334629707881,1.0,0.0,0.0,0.0,0.0,1.0,0.0
-0.7024646954136627,-0.8443737620159,1.1345109890481335,1.5286305643212845,-1.2620860397549092,1.3059801727908646,-1.4099999739810856,0.0,1.0,0.0,0.0,1.0,0.0,0.0
-0.16328607837776465,0.09345687946964056,1.1570458602600835,-0.436680714853201,-0.25743927119977683,-0.7794742488115363,-0.6924868995100715,0.0,1.0,0.0,1.0,0.0,0.0,0.0
-0.16328607837776465,1.289466779905318,0.8835544687332327,0.6926399455679595,1.0994862343811829,0.12570171290524995,-0.6768035536199944,1.0,0.0,0.0,0.0,0.0,1.0,0.0
1.993428389765828,-1.851714203988016,-0.76251544206695,0.03264735181533334,-1.3887221870517752,0.36530711453616443,-0.04319637966089134,1.0,0.0,1.0,0.0,0.0,0.0,0.0
0.6454818471760826,-0.21106224647154653,0.04925207772716631,0.47264241431708365,-0.37333053327145305,1.48346565548043,0.16068711691010734,1.0,0.0,0.0,0.0,0.0,1.0,0.0
-1.241643312449561,0.7951748653341155,-1.5881111782865818,1.601963074738244,1.0994862343811829,1.048626222890993,0.04776702650155419,1.0,0.0,1.0,0.0,0.0,0.0,0.0
-0.7024646954136627,-1.190819434282323,-0.7174456996430497,-0.9353417856885181,-1.3887221870517752,-1.8355128708144544,-1.2006273063485602,0.0,1.0,0.0,0.0,1.0,0.0,0.0
0.3758925386581335,1.066594086281696,1.107878868524919,1.5432970664046772,1.0994862343811829,0.8711407402014277,-0.827363674164732,0.0,1.0,1.0,0.0,0.0,0.0,0.0
1.1846604642119807,-0.08528260749583906,0.04925207772716631,1.4992975601545018,-0.8453379913779524,-0.318011993818665,-0.08397307897509103,1.0,0.0,0.0,0.0,0.0,1.0,0.0
0.3758925386581335,0.6340886610318935,1.0638334384288353,0.41397640598351687,1.0994862343811829,0.995380578084123,0.5778641175861503,1.0,0.0,0.0,1.0,0.0,0.0,0.0
-0.16328607837776465,0.24571644244023408,1.031055443938725,1.4259650497375438,1.0994862343811829,-0.3978804610289696,0.3112472374548446,1.0,0.0,0.0,0.0,0.0,1.0,0.0
0.10630323014018443,-1.0937263796344086,-1.926134246465835,-0.8473427731881673,-0.670349860567738,0.46292413001542526,-0.5074234180071648,0.0,1.0,1.0,0.0,0.0,0.0,0.0
0.3758925386581335,-1.1886127739494161,-1.926134246465835,0.34064389556655866,-2.07178989065305,-1.8355128708144544,0.537087418271951,1.0,0.0,1.0,0.0,0.0,0.0,0.0
-0.16328607837776465,-0.3831817524383048,-1.8216543890286117,-0.36334820443624155,-0.857617860206739,-0.5309945730461436,-0.28471990636807415,1.0,0.0,0.0,0.0,0.0,1.0,0.0
0.10630323014018443,-0.01908279750862427,-0.11822298787073714,0.14997936848246693,0.15777379357358315,0.019210423291510258,-0.5042867488291496,1.0,0.0,0.0,0.0,0.0,1.0,0.0
1.1846604642119807,-0.8024472156906642,1.3076197724490237,0.17931237264924968,0.04111503970010623,0.5516668713602088,-0.10906643239921394,1.0,0.0,0.0,0.0,0.0,1.0,0.0
-1.241643312449561,0.18392995311883392,1.5411629831910536,1.6166295768216354,1.0994862343811829,-0.610863040256449,-0.9151904111491621,1.0,0.0,0.0,0.0,1.0,0.0,0.0
0.3758925386581335,0.44652253273478515,0.734004868872109,-0.7740102627712091,0.9843624641113052,0.03695897156046727,2.0238686086512327,0.0,1.0,0.0,1.0,0.0,0.0,0.0
-0.4328753868957137,0.4156292880740853,-0.4367841218214882,-1.1260063127726099,1.0595766606876256,-1.5604103726456264,-1.2978640508670365,1.0,0.0,0.0,0.0,1.0,0.0,0.0
-0.7024646954136627,1.8676117871269928,1.5411629831910536,1.8366271080725112,1.0994862343811829,0.7025295316463398,-0.8242270049867166,1.0,0.0,0.0,0.0,0.0,0.0,1.0
1.7238390812478788,0.34942947808687047,0.0026458668115421236,0.3259773934831673,1.0979512507775848,-1.4272962606284525,1.1267812237388388,0.0,1.0,0.0,0.0,0.0,1.0,0.0
-1.51123262096751,0.23247648044279146,0.1388794064110593,0.780638958068309,1.0994862343811829,-1.3030564227457557,-0.03064970294882988,1.0,0.0,0.0,0.0,0.0,0.0,1.0
1.7238390812478788,-0.06100934383386009,-1.630107983727034,-1.1700058190227853,1.0994862343811829,-0.9303369090976673,-0.1623898084254751,1.0,0.0,1.0,0.0,0.0,0.0,0.0
-0.7024646954136627,-1.851714203988016,-1.723320405558284,-1.0526738023556517,-1.5905725309249605,0.08133034223285861,0.8821210278536407,1.0,0.0,0.0,0.0,0.0,1.0,0.0
-0.4328753868957137,-1.1246196242951085,0.39188455138159145,-1.3900033502736597,0.7403000711391639,-1.6846502105283232,2.258334629707881,1.0,0.0,0.0,0.0,0.0,0.0,1.0
0.10630323014018443,-0.2618154341284112,1.4161968791975115,0.809971962235093,0.5415196944731757,-0.4866232023737523,-1.3856907878514666,0.0,1.0,0.0,0.0,0.0,0.0,1.0
0.9150711556940316,0.640708642030615,-0.3292313274008169,-0.30468219610267605,1.0994862343811829,1.0929975935633853,-0.14356979335738304,1.0,0.0,0.0,0.0,0.0,0.0,1.0
-0.4328753868957137,-0.5685412204025058,1.3403977669391338,-0.14335067318536704,-0.3111636973257189,0.36530711453616443,-0.827363674164732,1.0,0.0,0.0,0.0,0.0,1.0,0.0
0.3758925386581335,-1.089313058968594,-0.7420291955106327,1.3526325393205856,-0.6442551393065655,1.0042548522186026,2.258334629707881,1.0,0.0,1.0,0.0,0.0,0.0,0.0
-1.51123262096751,-0.528821334410177,1.079198123346073,-0.9793412919386936,-0.565970975523049,-1.3917991640905392,0.5245407415598892,1.0,0.0,0.0,0.0,0.0,0.0,1.0
-0.7024646954136627,1.4218663998797478,0.04925207772716631,-1.8153319106920187,1.0994862343811829,-0.7972227970804933,1.1644212538750234,1.0,0.0,0.0,0.0,0.0,1.0,0.0
1.1846604642119807,-1.420312108904667,-1.308473912792835,-1.8446649148588028,-1.6343195636275147,-1.8355128708144544,-0.7646302906044247,0.0,1.0,0.0,0.0,0.0,0.0,1.0
1.1846604642119807,-0.9127802323360217,0.5322153402923729,-0.6860112502708595,0.5591720059145562,0.2588158249224248,-1.4099999739810856,1.0,0.0,1.0,0.0,0.0,0.0,0.0
0.10630323014018443,1.8676117871269928,1.2451367204522525,1.8366271080725112,1.0994862343811829,0.8800150143359059,-0.23139653034181298,0.0,1.0,1.0,0.0,0.0,0.0,0.0
0.9150711556940316,-0.08969592816165327,0.04925207772716631,-0.6273452419372928,0.23529046555530014,-1.1699423107285818,-1.018700494023669,1.0,0.0,0.0,0.0,1.0,0.0,0.0
-1.51123262096751,-0.3721484507737689,-0.3661065712021899,1.176634514319885,-1.6289471210149198,1.5278370261528222,-0.1623898084254751,0.0,1.0,1.0,0.0,0.0,0.0,0.0
1.1846604642119807,1.8676117871269928,1.5411629831910536,0.5313084226506505,1.0994862343811829,0.7469009023187311,-0.9057804036151161,1.0,0.0,0.0,0.0,0.0,0.0,1.0
-0.4328753868957137,0.16627667045557665,1.5411629831910536,1.5872965726548514,1.0994862343811829,-0.45112610583583906,0.8005676292252414,0.0,1.0,1.0,0.0,0.0,0.0,0.0
-1.51123262096751,1.671219017498256,0.7667828633622178,1.0446359955693603,1.0994862343811829,-1.3474277934181471,0.2798805456746911,1.0,0.0,0.0,0.0,0.0,1.0,0.0
1.1846604642119807,-0.8134805173551998,1.5411629831910536,0.10597986223229151,-0.5636685001176512,1.2527345279839943,0.23910384636049142,1.0,0.0,0.0,0.0,1.0,0.0,0.0
-1.51123262096751,-0.9811867026561436,0.9183810878789743,0.003314347648550597,1.081066431138003,0.24106727665346775,-1.1661239453903913,0.0,1.0,0.0,0.0,0.0,0.0,1.0
1.1846604642119807,-1.4181054485717601,0.8292659153589889,-0.12868417110197566,-0.09780097642554536,0.2055701801155553,-1.0249738323796997,0.0,1.0,0.0,0.0,0.0,1.0,0.0
1.993428389765828,1.0357008416209958,-0.07827480708591619,0.3113108913997759,0.9168231855529773,0.6492838868394702,-0.7803136364945016,1.0,0.0,0.0,0.0,0.0,0.0,1.0
-0.16328607837776465,-1.1157929829634798,0.2556510117820742,0.5753079289008258,-1.0003713353413874,-0.41562900929792584,0.49317404977973567,0.0,1.0,0.0,0.0,1.0,0.0,0.0
-1.241643312449561,1.4461396635417263,0.8815058440776014,-1.0526738023556517,1.0994862343811829,0.2055701801155553,1.1142345470267776,1.0,0.0,0.0,0.0,1.0,0.0,0.0
-0.4328753868957137,-1.851714203988016,-0.6877406421363889,-1.4340028565238352,-2.0788891898196917,0.7025295316463398,-1.225720659772683,1.0,0.0,1.0,0.0,0.0,0.0,0.0
-0.9720540039316119,-1.6100848975346824,-1.2285775512231947,0.003314347648550597,-1.6711591701138753,0.3298100179982512,2.258334629707881,1.0,0.0,1.0,0.0,0.0,0.0,0.0
-0.16328607837776465,1.0202542192906456,-0.38044694379161287,-0.26068268985250065,1.0994862343811829,0.019210423291510258,-0.5419267789653339,1.0,0.0,0.0,0.0,0.0,0.0,1.0
0.9150711556940316,1.4814462288682408,0.722737433266134,0.6193074351510013,1.0994862343811829,-0.32688626795314313,0.640597501146458,1.0,0.0,0.0,0.0,0.0,0.0,1.0
-1.51123262096751,-0.9789800423232363,-1.200921118372164,-0.8473427731881673,-1.900639218851832,-1.8355128708144544,0.0038536580093392102,1.0,0.0,0.0,0.0,0.0,0.0,1.0
-0.16328607837776465,-0.26843541512713287,0.04925207772716631,-1.8446649148588028,-0.7985209914682021,1.4213457365390816,-0.31922326732624323,1.0,0.0,0.0,0.0,0.0,0.0,1.0
-0.7024646954136627,-1.6851113488535256,-0.48185386424538845,-1.4486693586072266,-1.1116576466022694,-0.167149333532534,-0.6140701700596874,1.0,0.0,0.0,1.0,0.0,0.0,0.0
1.1846604642119807,-0.19120230347538217,-0.2145083466854334,-0.275349191935892,-0.6757223031803318,0.6759067092429046,1.5470948935928974,0.0,1.0,0.0,0.0,1.0,0.0,0.0
0.6454818471760826,0.3604627797514064,-0.1294904234767122,1.6752955851552023,-0.4761744347125441,-0.12277796286014188,-1.4099999739810856,1.0,0.0,0.0,0.0,0.0,1.0,0.0
-0.9720540039316119,0.5568555493801429,0.9419402714187409,0.29664438931638326,-0.34953828741567816,0.888889288470384,-1.122210576898176,1.0,0.0,0.0,0.0,0.0,1.0,0.0
-0.4328753868957137,0.3957693450779209,-0.326158390417369,-0.14335067318536704,0.7188103006887876,0.34755856626720744,-0.05574305637295281,1.0,0.0,0.0,0.0,0.0,0.0,1.0
-0.4328753868957137,0.48182909806129964,-0.001451382499722197,0.10597986223229151,1.0994862343811829,-1.187690858997538,-0.07456307144104486,1.0,0.0,0.0,0.0,0.0,0.0,1.0
0.6454818471760826,-0.7583140090325209,1.03003113161091,0.003314347648550597,-0.7302142211080745,-1.027953924576929,1.2302913066133458,0.0,1.0,0.0,0.0,0.0,0.0,1.0
-0.9720540039316119,-1.087106398635687,-1.926134246465835,-0.26068268985250065,-2.0788891898196917,-1.2764336003423216,-1.2759073666209289,1.0,0.0,0.0,0.0,0.0,0.0,1.0
1.993428389765828,0.43990255173606385,1.5411629831910536,0.6193074351510013,1.0994862343811829,-0.44225183170136095,-0.8148169974526706,1.0,0.0,0.0,0.0,0.0,0.0,1.0
0.10630323014018443,1.5586793405199908,1.5411629831910536,1.4112985476541524,1.0994862343811829,0.03695897156046727,-1.2382673364847445,0.0,1.0,0.0,1.0,0.0,0.0,0.0
0.3758925386581335,1.5454393785225482,-0.5453612285699759,0.5166419205672591,1.0994862343811829,-1.2941821486112777,2.258334629707881,0.0,1.0,0.0,0.0,0.0,0.0,1.0
-0.9720540039316119,-0.26402209446131825,-1.7878520822106865,-1.6833333919414937,-2.0180654645271066,-1.6846502105283232,0.6217774860783656,1.0,0.0,0.0,0.0,1.0,0.0,0.0
1.1846604642119807,-0.8951269496727646,1.5411629831910536,-1.3460038440234856,0.9198931527601734,0.03695897156046727,0.44926068128752067,1.0,0.0,0.0,0.0,0.0,0.0,1.0
-0.16328607837776465,1.285053459239504,0.42978410751078094,0.29664438931638326,1.0994862343811829,1.474591381345952,-0.2690365604779974,1.0,0.0,1.0,0.0,0.0,0.0,0.0
0.6454818471760826,-0.9525001183283507,-0.8219255570802732,-1.1406728148560012,0.15777379357358315,1.1639917866392118,0.2704705381406449,1.0,0.0,0.0,1.0,0.0,0.0,0.0
-1.241643312449561,-1.2217126789430235,-0.7205186366264976,-1.8006654086086273,-0.41400759876681,-0.07840659218775053,-1.4099999739810856,1.0,0.0,0.0,0.0,0.0,1.0,0.0
0.6454818471760826,-0.032322759506067306,-1.2019454306999804,0.003314347648550597,-0.6519300573245569,0.34755856626720744,0.2767438764966758,1.0,0.0,0.0,0.0,0.0,0.0,1.0
-0.16328607837776465,1.4770329082024265,0.6807406278256801,1.8366271080725112,1.0994862343811829,0.6049125161670782,0.29870056074278317,0.0,1.0,0.0,0.0,0.0,1.0,0.0
0.10630323014018443,-0.6744609163820492,0.35500930758021837,0.1646458705658583,-0.7724262702070296,-0.3535090903565783,-0.6768035536199944,1.0,0.0,0.0,0.0,0.0,1.0,0.0
0.3758925386581335,-1.3651456005819884,-0.2964533329107067,-1.2286718273563522,-1.4409116295741193,-0.6374858626598833,-0.7614936214264094,1.0,0.0,0.0,0.0,0.0,0.0,1.0
-0.9720540039316119,-0.09190258849456037,0.5127534060638692,0.003314347648550597,0.00734540042094226,0.5250440489567736,0.5715907792301197,1.0,0.0,1.0,0.0,0.0,0.0,0.0
0.6454818471760826,0.5811288130421218,0.04925207772716631,1.3086330330704101,-0.5206889592168967,-1.2143136814009732,0.15441377855407648,1.0,0.0,0.0,1.0,0.0,0.0,0.0
-0.16328607837776465,-0.7539006883667067,-1.6772263508065672,-1.82999841277541,-1.5238007441684323,0.2676900990569029,-1.3825541186734511,0.0,1.0,0.0,1.0,0.0,0.0,0.0
-0.16328607837776465,1.2320936112497325,0.8179984797530138,1.8366271080725112,-0.7440290735404593,-1.7023987587972795,-1.4099999739810856,1.0,0.0,0.0,0.0,0.0,0.0,1.0
-1.241643312449561,0.5061023617232786,0.8272172907033575,0.809971962235093,1.0994862343811829,-1.2764336003423216,-0.8305003433427474,0.0,1.0,0.0,0.0,0.0,1.0,0.0
0.9150711556940316,1.1283805756030958,0.6940566880872882,-0.9646747898553009,0.972850087084317,0.04583324569494538,-0.44782670362487315,0.0,1.0,0.0,0.0,0.0,1.0,0.0
0.6454818471760826,0.47520911706257835,0.2556510117820742,-0.1726836773521498,0.5000751371760193,0.569415419629165,-1.2978640508670365,1.0,0.0,0.0,1.0,0.0,0.0,0.0
-0.4328753868957137,-0.4405549210938908,1.2891821505483378,1.103302003902927,0.8830535462738133,-1.3829248899560604,-1.11280056936413,0.0,1.0,0.0,0.0,0.0,0.0,1.0
-1.51123262096751,-1.851714203988016,0.09483397631497405,-0.5540127315203346,-2.0788891898196917,0.14345026117420695,2.258334629707881,1.0,0.0,1.0,0.0,0.0,0.0,0.0
-0.16328607837776465,0.12214346379743372,-1.044201332216328,1.103302003902927,0.06797725276307837,0.05470751982942349,0.2861538840307217,1.0,0.0,0.0,0.0,1.0,0.0,0.0
0.10630323014018443,0.3913560244121063,0.7462966168058991,-0.29001569401928334,1.0994862343811829,0.21444445425003342,-0.6266168467717489,1.0,0.0,0.0,0.0,0.0,0.0,1.0
-0.16328607837776465,0.06697695547475488,0.006743116122804988,-0.4806802211033751,-1.0042087943503832,1.7940652501871701,2.258334629707881,1.0,0.0,0.0,0.0,0.0,0.0,1.0
1.993428389765828,1.3137400435672968,-1.4856799455049898,-1.4780023627740106,0.20075333447433769,-0.743977152273623,-0.8054069899186246,0.0,1.0,0.0,1.0,0.0,0.0,0.0
0.3758925386581335,0.2214431787782555,-0.4849268012288363,0.7513059539015262,-0.19603992705584114,0.6315353385705132,-0.5795668091015184,0.0,1.0,1.0,0.0,0.0,0.0,0.0
0.10630323014018443,0.10228352080126937,-0.9561104720241589,0.34064389556655866,0.7049954482564018,0.3120614697292942,-0.7144435837561789,1.0,0.0,0.0,1.0,0.0,0.0,0.0
-0.16328607837776465,0.005190466153354302,0.5875282059944318,0.6779734434845681,-0.02949420606541784,1.6698254123044751,2.1461987065938315,1.0,0.0,0.0,0.0,1.0,0.0,0.0
-1.51123262096751,-0.961326759659979,-0.19197347547348326,-1.2286718273563522,-0.7163993686756888,-0.5842402178530138,1.7164750292057271,1.0,0.0,0.0,0.0,1.0,0.0,0.0
1.7238390812478788,-0.6678409353833276,-1.926134246465835,-0.2166831836023252,0.15777379357358315,0.2588158249224248,0.0038536580093392102,1.0,0.0,0.0,0.0,0.0,0.0,1.0
-0.4328753868957137,-1.4688586362286247,-1.926134246465835,-0.9353417856885181,-0.8169407947113821,-0.5576173954495788,1.0483644942884547,1.0,0.0,0.0,1.0,0.0,0.0,0.0
1.993428389765828,1.8676117871269928,0.339644622662979,0.2233118788994251,1.0994862343811829,0.38305566280512066,-0.3129499289702126,1.0,0.0,0.0,0.0,0.0,1.0,0.0
1.4542497727299297,0.41342262774117816,0.008791740778437876,0.7073064476513509,1.0994862343811829,0.019210423291510258,0.9291710655238713,1.0,0.0,0.0,0.0,1.0,0.0,0.0
-0.4328753868957137,-0.6369476907226276,-0.7092512010205225,-0.1726836773521498,0.15777379357358315,0.10795316463629373,-0.32863327486028937,1.0,0.0,0.0,0.0,1.0,0.0,0.0
-0.7024646954136627,0.8525480339897015,1.5411629831910536,0.35531039764995004,1.0994862343811829,-0.6463601367943622,-0.4258700193787655,0.0,1.0,0.0,0.0,1.0,0.0,0.0
-0.4328753868957137,0.2788163474338415,-0.08134774406936407,-0.5246797273535505,0.3550191866359732,-1.5959074691835398,1.4937715175666362,0.0,1.0,1.0,0.0,0.0,0.0,0.0
-0.16328607837776465,-1.517405163552582,-0.5914552833216912,0.003314347648550597,-1.8085402026359294,-0.8859655384252759,1.0420911559324242,0.0,1.0,0.0,0.0,0.0,0.0,1.0
-1.51123262096751,1.5432327181896406,1.17036192052169,1.6312960789050268,0.9160556937511777,0.294312921460338,-0.1623898084254751,1.0,0.0,0.0,0.0,0.0,0.0,1.0
0.9150711556940316,-1.851714203988016,-0.7819773762954537,-0.8620092752715599,-2.0788891898196917,-1.1078223917872334,-0.5199700947192264,1.0,0.0,0.0,0.0,0.0,1.0,0.0
1.4542497727299297,0.7289750553469012,-0.3988845656922987,0.3259773934831673,0.718042808886988,-0.7351028781391449,-0.5293801022532725,0.0,1.0,0.0,1.0,0.0,0.0,0.0
-0.4328753868957137,-1.2989457905947737,-1.926134246465835,-0.040685158601624825,-2.0788891898196917,-1.8355128708144544,-0.3756833125305197,1.0,0.0,1.0,0.0,0.0,0.0,0.0
-1.51123262096751,0.9739143522995952,0.25052945014299494,0.25264488306620914,1.0994862343811829,-0.1405265111290989,-1.4099999739810856,1.0,0.0,0.0,0.0,0.0,0.0,1.0
-0.16328607837776465,1.0908673499436745,0.31608543912321385,-0.15801717526875841,0.9014733495169933,-1.356302067552626,-0.8838237193690086,1.0,0.0,1.0,0.0,0.0,0.0,0.0
-0.16328607837776465,-0.3544951681105116,-0.5402396669308952,-1.8446649148588028,1.0311794640210554,-1.808890048411019,-0.3537266282844123,1.0,0.0,0.0,1.0,0.0,0.0,0.0
-0.16328607837776465,-0.6104677667277416,0.7073727483488946,1.1473015101531012,-0.41400759876681,-1.7112730329317576,-0.645436861839841,1.0,0.0,0.0,0.0,1.0,0.0,0.0
-0.7024646954136627,-0.8642337050120644,-0.36713088353000495,-1.6833333919414937,-1.4071419902949553,-0.45112610583583906,1.7290217059177884,1.0,0.0,0.0,0.0,0.0,1.0,0.0
0.10630323014018443,-0.9480867976625362,0.237213389881387,0.2819778872329919,-0.8982949257020959,0.08133034223285861,-0.44782670362487315,0.0,1.0,0.0,0.0,0.0,1.0,0.0
-1.51123262096751,1.3005000815698542,1.5411629831910536,1.5432970664046772,0.9444528904177479,-1.507164727838757,0.1073637408838462,0.0,1.0,1.0,0.0,0.0,0.0,0.0
-0.4328753868957137,0.3538427987526847,-1.212188553978139,-1.1700058190227853,1.0994862343811829,0.8800150143359059,0.5088573956698125,0.0,1.0,0.0,0.0,0.0,1.0,0.0
1.7238390812478788,0.46638247573094954,-0.863922362520727,-0.08468466485180025,-0.6503950737209588,1.2704830762529506,-0.41018667348868876,1.0,0.0,0.0,0.0,1.0,0.0,0.0
0.6454818471760826,0.887854599316216,0.11327159821566131,-0.275349191935892,1.0994862343811829,-0.7262286040046668,0.10422707170583062,1.0,0.0,0.0,0.0,0.0,1.0,0.0
0.10630323014018443,0.9364011266401732,0.5424584635705315,1.279300028903626,1.0994862343811829,1.2704830762529506,0.39280063608324395,0.0,1.0,0.0,0.0,0.0,1.0,0.0
-0.16328607837776465,-0.32360192344981176,-0.04242387561235812,0.3993099039001255,0.2590827114110751,-0.4866232023737523,0.11363707923987679,1.0,0.0,0.0,0.0,0.0,1.0,0.0
0.10630323014018443,-0.21547556713736113,-0.08032343174154763,1.8366271080725112,-0.007236943813242082,-1.8355128708144544,-0.5544734556773955,1.0,0.0,0.0,0.0,1.0,0.0,0.0
1.4542497727299297,-0.21106224647154653,-0.608868592894562,0.03264735181533334,0.6466660713196634,0.24994155078794664,0.3896639669052287,1.0,0.0,0.0,0.0,0.0,1.0,0.0
0.6454818471760826,1.8455451837979209,1.5411629831910536,0.9713034851524007,1.0994862343811829,0.09020461636733672,1.2459746525034228,0.0,1.0,0.0,0.0,1.0,0.0,0.0
-0.4328753868957137,0.15524336879104073,1.5411629831910536,0.14997936848246693,1.0994862343811829,-0.19377215593596833,-1.4099999739810856,1.0,0.0,0.0,0.0,0.0,1.0,0.0
1.1846604642119807,0.29646963009709876,-1.926134246465835,0.4433094101503009,0.15777379357358315,0.4274270334775128,0.7848842833351644,0.0,1.0,1.0,0.0,0.0,0.0,0.0
-0.7024646954136627,-0.6744609163820492,0.6561571319580987,0.06198035598211609,-0.7156318768738903,-0.22926925247388158,0.3081105682768293,0.0,1.0,0.0,0.0,0.0,1.0,0.0
-1.51123262096751,0.6936684900203867,-0.4244923738876967,0.003314347648550597,0.020392761051528537,-0.5132460247771874,0.02581034225544656,1.0,0.0,0.0,0.0,1.0,0.0,0.0
1.7238390812478788,0.8415147323251659,1.5411629831910536,1.5872965726548514,0.9152882019493781,-1.8355128708144544,-0.1623898084254751,1.0,0.0,0.0,1.0,0.0,0.0,0.0
-0.9720540039316119,-1.851714203988016,1.5411629831910536,-1.5513348731909689,-2.0788891898196917,-0.2381435266083597,-0.9559671104633619,1.0,0.0,0.0,0.0,1.0,0.0,0.0
-1.241643312449561,-0.5619212394037845,0.04925207772716631,-1.8446649148588028,0.15777379357358315,0.9332606591427761,-1.2445406748407752,1.0,0.0,0.0,0.0,0.0,1.0,0.0
-0.7024646954136627,1.8676117871269928,1.0208123206605664,1.0446359955693603,1.0994862343811829,0.22331872838451153,-0.4697833878709808,1.0,0.0,1.0,0.0,0.0,0.0,0.0
0.6454818471760826,-1.13123960529383,-1.926134246465835,-1.8446649148588028,-2.0788891898196917,0.4984212265533385,-0.09024641733112189,1.0,0.0,0.0,0.0,0.0,0.0,1.0
-0.16328607837776465,-0.559714579070877,0.13170922011634711,-0.3486817023528502,-0.5130140411989054,1.0131291263530806,-0.1623898084254751,0.0,1.0,0.0,0.0,0.0,0.0,1.0
-0.4328753868957137,1.8676117871269928,1.5411629831910536,1.1913010164032765,1.0994862343811829,-1.8355128708144544,0.640597501146458,1.0,0.0,0.0,0.0,0.0,0.0,1.0
0.6454818471760826,0.17289665145429797,0.4984130334744463,-0.23134968568571657,1.0994862343811829,1.7940652501871701,-0.5513367864993801,1.0,0.0,0.0,0.0,1.0,0.0,0.0
0.10630323014018443,-0.5199946930785482,0.9153081508955265,-1.4046698523570524,0.22224310492471386,0.5516668713602088,1.029544479220363,0.0,1.0,0.0,0.0,0.0,1.0,0.0
0.3758925386581335,-1.159926189621623,-1.661861665889328,-1.8446649148588028,-0.04177407489420563,-1.2231879555354512,-0.2219865228077671,1.0,0.0,0.0,0.0,1.0,0.0,0.0
1.7238390812478788,-0.5663345600695986,-1.0964412609349405,-0.8620092752715599,0.75334743176975,-0.5753659437185358,1.7854817511220649,1.0,0.0,0.0,0.0,0.0,1.0,0.0
0.10630323014018443,0.9518477489705233,0.6162089511732777,1.733961593488769,1.0994862343811829,-1.8355128708144544,-0.33804328239433556,1.0,0.0,0.0,1.0,0.0,0.0,0.0
0.3758925386581335,-1.851714203988016,0.04925207772716631,-1.8446649148588028,0.18079854762755848,-0.9125883608287111,-1.2539506823748212,1.0,0.0,0.0,0.0,0.0,0.0,1.0
-1.51123262096751,0.32956953509070613,1.1242678657699747,0.8246384643184844,0.1431914493393988,1.7940652501871701,-0.10906643239921394,1.0,0.0,0.0,0.0,0.0,1.0,0.0
1.4542497727299297,-0.5332346550759912,-1.5174336276672835,-1.4486693586072266,-0.48922179534313043,-0.42450328343240473,1.992501916871079,1.0,0.0,0.0,0.0,1.0,0.0,0.0
-1.51123262096751,0.1486233877923194,-1.3238385977100746,0.003314347648550597,-0.6772572867839309,1.4302200106735599,-0.28785657554608973,1.0,0.0,0.0,0.0,1.0,0.0,0.0
0.3758925386581335,-1.851714203988016,-1.926134246465835,-0.9500082877719095,-2.0788891898196917,0.6315353385705132,-0.17493648513753654,0.0,1.0,0.0,1.0,0.0,0.0,0.0
-0.16328607837776465,-0.3081553011194616,-1.926134246465835,-1.6246673836079268,0.2414303999696935,0.8356436436635145,-0.4635100495149499,1.0,0.0,0.0,0.0,1.0,0.0,0.0
1.1846604642119807,0.7753149223379512,0.2208243926363326,-1.3900033502736597,1.0994862343811829,-0.1760236076670121,0.3143839066328599,1.0,0.0,0.0,0.0,0.0,0.0,1.0
-0.4328753868957137,0.7598683000076011,0.14604959270577006,1.601963074738244,1.0994862343811829,1.7940652501871701,-0.5795668091015184,1.0,0.0,0.0,0.0,0.0,1.0,0.0
-1.241643312449561,-0.213268906804454,-1.193750932077453,-0.3193486981860674,0.03344012168211481,-1.8355128708144544,-0.6234801775937333,0.0,1.0,0.0,0.0,0.0,0.0,1.0
0.10630323014018443,-1.851714203988016,-1.6905424110681737,-1.8446649148588028,-0.8177082865131817,1.2172374314460803,-1.0469305166258074,1.0,0.0,0.0,0.0,0.0,1.0,0.0
-0.16328607837776465,0.5325822857181643,0.6285006991070692,-0.45134721693659235,1.0994862343811829,0.8356436436635145,1.3055713668857145,0.0,1.0,0.0,0.0,0.0,0.0,1.0
-0.4328753868957137,-0.7119741420414708,-1.5840139289753188,0.34064389556655866,-0.9144122535398783,-1.8355128708144544,-0.20943984609570565,1.0,0.0,1.0,0.0,0.0,0.0,0.0
-0.4328753868957137,-0.25740211346259695,-1.1527784389648157,-0.30468219610267605,-0.6588374835407499,-0.46887465410479606,-0.290993244724105,0.0,1.0,0.0,0.0,0.0,0.0,1.0
-0.16328607837776465,0.8591680149884232,1.5411629831910536,1.8366271080725112,1.0994862343811829,1.1107461418323414,1.067184509356547,1.0,0.0,0.0,0.0,0.0,1.0,0.0
-0.4328753868957137,0.2898496490983774,-1.200921118372164,-0.7153442544376423,-1.024931072998962,1.6077054933631267,0.9762211031941018,1.0,0.0,0.0,0.0,0.0,1.0,0.0
-0.7024646954136627,-0.01908279750862427,0.021083488712227927,0.6926399455679595,0.9651751690663256,-0.05178376978431541,-0.9591037796413773,0.0,1.0,1.0,0.0,0.0,0.0,0.0
-0.16328607837776465,1.2276802905839177,0.5404098389149001,0.003314347648550597,1.0994862343811829,-0.5309945730461436,0.245377184716522,1.0,0.0,0.0,0.0,0.0,1.0,0.0
-0.16328607837776465,-0.032322759506067306,-0.5412639792587116,-0.8033432669379932,0.5729868583469421,0.39192993693959954,-0.9151904111491621,1.0,0.0,0.0,0.0,0.0,1.0,0.0
-0.7024646954136627,0.8966812406478445,-1.3832487127233977,-0.7886767648546005,0.7955594808687062,0.5960382420326,-1.4099999739810856,1.0,0.0,0.0,1.0,0.0,0.0,0.0
1.993428389765828,0.5281689650523501,-0.22167853298014412,0.3993099039001255,1.0994862343811829,-1.036828198711407,1.7290217059177884,0.0,1.0,0.0,0.0,0.0,0.0,1.0
1.993428389765828,-0.5773678617341341,0.23209182824230767,-0.3780147065196342,0.15777379357358315,-0.7705999746770581,-1.4099999739810856,1.0,0.0,0.0,0.0,1.0,0.0,0.0
-0.7024646954136627,0.40459598640954936,1.5411629831910536,0.3259773934831673,0.6942505630312131,1.3059801727908646,0.20146381622430704,1.0,0.0,0.0,0.0,0.0,0.0,1.0
-0.7024646954136627,-0.01908279750862427,0.31506112679539744,0.5606414268174345,0.6282462680764833,-0.13165223699462078,-0.36940997417448906,1.0,0.0,0.0,0.0,0.0,1.0,0.0
-1.241643312449561,-0.9282268546663719,-0.747150757149712,-0.45134721693659235,-0.830755647143768,0.8090208212600795,2.258334629707881,1.0,0.0,0.0,0.0,1.0,0.0,0.0
-0.7024646954136627,1.1350005566018175,0.6192818881567256,1.0446359955693603,1.0994862343811829,-1.5870331950490617,-0.1623898084254751,0.0,1.0,0.0,0.0,1.0,0.0,0.0
-1.51123262096751,1.6579790555008134,0.17063308857335305,0.5753079289008258,1.0994862343811829,-1.8355128708144544,0.5684541100521044,1.0,0.0,0.0,0.0,0.0,0.0,1.0
-0.9720540039316119,-0.5575079187379698,-0.5740419737488218,0.23797838098281646,-1.9436187597525858,-1.2675593262078426,0.16696045526613792,1.0,0.0,0.0,0.0,0.0,1.0,0.0
0.10630323014018443,-1.0628331349737083,0.082542228381184,0.41397640598351687,-0.5467836804780692,0.019210423291510258,0.13559376348598443,1.0,0.0,0.0,0.0,0.0,0.0,1.0
0.3758925386581335,0.036083710814054586,0.5619203977990338,-0.3340152002694588,-0.1285006484975132,0.3209357438637731,0.16382378608812265,0.0,1.0,0.0,1.0,0.0,0.0,0.0
-0.16328607837776465,-0.40304169543446916,0.9480861453856352,-1.3460038440234856,0.15777379357358315,0.7025295316463398,-0.6705302152639638,0.0,1.0,0.0,0.0,0.0,1.0,0.0
-0.4328753868957137,1.5630926611858058,0.11429591054347629,-1.8446649148588028,1.0994862343811829,1.7940652501871701,1.5659149086609896,1.0,0.0,0.0,0.0,1.0,0.0,0.0
-0.4328753868957137,-0.4339349400951695,0.6510355703190193,-0.5100132252701591,-1.2229439578631516,-1.6402788398559311,-1.4099999739810856,1.0,0.0,0.0,0.0,1.0,0.0,0.0
0.6454818471760826,1.0070142572932022,0.1982895214243825,0.6193074351510013,1.0994862343811829,-1.8355128708144544,-1.009290486489623,0.0,1.0,0.0,0.0,0.0,1.0,0.0
0.3758925386581335,-0.6104677667277416,0.9224783371902372,-1.4486693586072266,0.6175013828512946,0.6759067092429046,-0.47605672622701134,1.0,0.0,0.0,0.0,0.0,0.0,1.0
1.4542497727299297,-1.851714203988016,-0.4275653108711446,-0.02601865651823345,-0.8890850240805054,-1.0013311021734936,-0.16552647760349037,0.0,1.0,0.0,0.0,1.0,0.0,0.0
-1.51123262096751,-0.1404491158185179,0.45539191570617893,0.25264488306620914,0.1715886460059679,0.40967848520855576,-0.3443166207503662,0.0,1.0,0.0,0.0,0.0,0.0,1.0
-0.16328607837776465,0.30970959209454174,-0.300550582221971,0.34064389556655866,0.15777379357358315,-1.045702472845885,-0.9340104262172543,0.0,1.0,0.0,0.0,0.0,1.0,0.0
-0.7024646954136627,0.7819349033366729,1.041298567216885,0.5606414268174345,1.0994862343811829,1.1639917866392118,0.13245709430796884,1.0,0.0,0.0,0.0,0.0,0.0,1.0
0.10630323014018443,-0.6082611063948344,1.5411629831910536,-0.7740102627712091,0.38495136690614146,0.09907889050181562,-1.2978640508670365,1.0,0.0,1.0,0.0,0.0,0.0,0.0
0.9150711556940316,-0.57295454106832,-0.3343528890398962,0.487308916400475,-1.0134186959719738,-0.44225183170136095,0.4273039970414131,1.0,0.0,0.0,0.0,1.0,0.0,0.0
0.9150711556940316,0.23468314077569855,1.3199115203828151,0.5313084226506505,0.9782225296969118,0.6492838868394702,0.03208368061147743,0.0,1.0,0.0,0.0,1.0,0.0,0.0
0.9150711556940316,0.17289665145429797,1.5411629831910536,0.06198035598211609,1.0994862343811829,1.1551175125047337,0.1763704628001841,1.0,0.0,0.0,1.0,0.0,0.0,0.0
0.3758925386581335,0.9319878059743589,-1.0523958308388552,0.29664438931638326,0.7433700383463611,0.09907889050181562,-1.0563405241598536,1.0,0.0,0.0,0.0,0.0,1.0,0.0
-0.4328753868957137,-0.4493815624255192,0.3744712418087206,-0.568679233603726,-0.42628746759559666,1.7940652501871701,-0.10279309404318336,1.0,0.0,0.0,0.0,1.0,0.0,0.0
-1.241643312449561,0.058150314143126054,-0.9171866035671544,-0.07001816276840887,-1.1569396629084217,-1.0723252952493203,-0.1937565002056286,1.0,0.0,1.0,0.0,0.0,0.0,0.0
1.1846604642119807,-1.2857058285973308,1.399807881952457,0.7659724559849176,-0.45545215606396644,-0.4777489282392742,-0.1623898084254751,0.0,1.0,1.0,0.0,0.0,0.0,0.0
-0.16328607837776465,0.17289665145429797,-0.5719933490931889,-0.275349191935892,-0.1661077467856729,0.019210423291510258,-0.792860313206563,1.0,0.0,0.0,0.0,0.0,0.0,1.0
0.6454818471760826,0.44210921206897097,-0.17456016590061244,-0.40734771068641695,0.0910020068170537,0.3120614697292942,-0.0588797255509681,1.0,0.0,0.0,0.0,0.0,0.0,1.0
-0.9720540039316119,0.3428094970881492,0.734004868872109,-0.906008781521734,0.11786421988002474,-1.329679245149191,0.9762211031941018,0.0,1.0,1.0,0.0,0.0,0.0,0.0
-0.7024646954136627,-0.01908279750862427,-0.8547035515703834,-0.7006777523542509,-0.39482030372183036,-1.1699423107285818,0.4210306586853825,1.0,0.0,0.0,0.0,0.0,1.0,0.0
-0.16328607837776465,-0.03894274050478863,1.1785564191442173,0.2673113851496005,0.3719040062755552,0.48954695241886037,2.1838387367300163,1.0,0.0,0.0,0.0,0.0,1.0,0.0
1.993428389765828,0.3428094970881492,0.7319562442164762,-0.7300107565210336,0.12477164609621767,0.47179840414990415,-1.0563405241598536,0.0,1.0,1.0,0.0,0.0,0.0,0.0
0.6454818471760826,1.4990995115314978,0.04925207772716631,0.20864537681603373,1.0994862343811829,-0.3978804610289696,-0.5670201323894569,0.0,1.0,0.0,0.0,0.0,1.0,0.0
-0.7024646954136627,-0.4427615814267979,-0.2718698370431251,1.235300522653452,0.49163272735622826,0.3564328404016863,1.3432113970218993,0.0,1.0,0.0,0.0,1.0,0.0,0.0
-0.16328607837776465,-1.851714203988016,-1.926134246465835,0.12064636431568289,-1.2022216792145728,-0.8504684418873627,0.8319343210053949,0.0,1.0,0.0,1.0,0.0,0.0,0.0
-1.51123262096751,-0.6766675767149564,-0.63447640108996,-1.3753368481902684,-0.9804165484946082,0.16119880944316317,-1.4099999739810856,1.0,0.0,0.0,0.0,1.0,0.0,0.0
-1.241643312449561,1.6844589794956986,0.40110336233193505,1.0446359955693603,1.0994862343811829,-0.8504684418873627,-1.4099999739810856,1.0,0.0,0.0,0.0,0.0,1.0,0.0
1.993428389765828,-1.159926189621623,-0.6109172175501949,0.06198035598211609,-0.6833972211983244,-0.7528514264081011,-0.783450305672517,0.0,1.0,0.0,0.0,0.0,1.0,0.0
1.7238390812478788,-1.1444795672912729,0.3416932473186119,0.06198035598211609,-0.5444812050726716,1.2527345279839943,0.08227038745972327,0.0,1.0,1.0,0.0,0.0,0.0,0.0
0.6454818471760826,-0.4537948830913338,1.5411629831910536,-0.46601371901998373,0.682738186004225,1.7940652501871701,-0.7395369371803018,1.0,0.0,0.0,0.0,1.0,0.0,0.0
1.4542497727299297,0.55906220971305,1.5411629831910536,-0.6420117440206842,0.4263959242032979,0.8533921919324707,-0.7771769673164862,1.0,0.0,0.0,0.0,0.0,0.0,1.0
-0.9720540039316119,1.5410260578567339,-0.28928314661599597,0.35531039764995004,1.0994862343811829,-0.76172570054258,0.9134877196337943,1.0,0.0,1.0,0.0,0.0,0.0,0.0
1.993428389765828,-1.851714203988016,-0.6877406421363889,-0.9353417856885181,-2.0788891898196917,1.7940652501871701,-0.3474532899283814,1.0,0.0,0.0,0.0,0.0,0.0,1.0
0.3758925386581335,-1.851714203988016,-0.33025563972863187,0.2673113851496005,-1.9773883990317505,0.8711407402014277,-0.7897236440285477,1.0,0.0,0.0,0.0,0.0,0.0,1.0
-1.51123262096751,-1.360732279916174,-0.32308545343392114,-1.4046698523570524,-0.0632638453445829,1.075249045294429,2.258334629707881,1.0,0.0,0.0,0.0,0.0,1.0,0.0
0.6454818471760826,0.4354892310702496,-0.5556043518481346,0.4433094101503009,0.05416240033069251,-1.8355128708144544,-0.21884985362975154,1.0,0.0,0.0,0.0,0.0,0.0,1.0
0.6454818471760826,-0.40304169543446916,0.04925207772716631,-0.011352154434842079,0.49854015357242115,-1.8355128708144544,1.7039283524936655,0.0,1.0,0.0,0.0,1.0,0.0,0.0
1.1846604642119807,1.6248791505072055,0.6571814442859151,0.780638958068309,-0.8829450896661121,-0.34463481622209935,2.258334629707881,1.0,0.0,0.0,0.0,1.0,0.0,0.0
0.10630323014018443,0.8326880909935371,0.7524424907727949,1.0446359955693603,1.0994862343811829,-0.43337755756688284,0.8633010127855484,0.0,1.0,0.0,0.0,0.0,1.0,0.0
0.10630323014018443,1.8676117871269928,-0.05676424820178106,1.8366271080725112,1.0994862343811829,-0.1760236076670121,-0.7771769673164862,0.0,1.0,1.0,0.0,0.0,0.0,0.0
1.993428389765828,1.159273820263796,0.6182575758289091,-0.9793412919386936,0.6075239894279055,1.075249045294429,2.258334629707881,1.0,0.0,0.0,0.0,1.0,0.0,0.0
-0.16328607837776465,1.8676117871269928,0.711469997660159,1.7192950914053777,1.0994862343811829,0.03695897156046727,0.44612401210950514,1.0,0.0,0.0,0.0,0.0,0.0,1.0
-0.16328607837776465,1.2232669699181034,-0.301574894549786,-0.040685158601624825,-0.17224768120006623,-0.2647663490117948,2.1587453833058934,1.0,0.0,0.0,0.0,0.0,0.0,1.0
-0.9720540039316119,-0.01908279750862427,-0.7430535078384477,-1.6686668898581023,-2.0788891898196917,1.6343283157665611,0.5057207264917971,1.0,0.0,0.0,0.0,0.0,1.0,0.0
0.3758925386581335,-0.5199946930785482,-1.3166684114153637,-0.3926812086030256,-0.8522454175941453,1.6520768640355172,2.258334629707881,0.0,1.0,0.0,0.0,0.0,1.0,0.0
0.6454818471760826,0.30970959209454174,0.7637099263787699,0.7219729497347422,0.45402562906806854,1.030877674622037,1.5502315627709127,0.0,1.0,1.0,0.0,0.0,0.0,0.0
-0.7024646954136627,-0.16030905881468227,-0.3661065712021899,1.6166295768216354,-0.03256417327261506,-0.34463481622209935,2.258334629707881,0.0,1.0,0.0,0.0,0.0,1.0,0.0
0.6454818471760826,-1.851714203988016,-1.926134246465835,0.07664685806550876,-1.6251096620059242,0.3120614697292942,2.258334629707881,1.0,0.0,1.0,0.0,0.0,0.0,0.0
0.10630323014018443,1.0048075969602954,0.8128769181139345,1.6899620872385936,0.81935172672448,-0.20264643007044725,0.8789843586756254,0.0,1.0,0.0,1.0,0.0,0.0,0.0
0.6454818471760826,1.6182591695084847,-0.23909184255301494,0.4433094101503009,0.9206606445619729,0.6936552575118616,-0.20316650773967476,1.0,0.0,0.0,0.0,0.0,1.0,0.0
-0.9720540039316119,-0.5244080137443624,-0.8229498694080897,0.3846434018167341,-0.4500797134513716,0.22331872838451153,2.258334629707881,1.0,0.0,0.0,0.0,1.0,0.0,0.0
-1.241643312449561,0.7907615446683014,0.6407924470408592,1.8072941039057273,1.0994862343811829,-0.43337755756688284,0.4116206511513363,1.0,0.0,0.0,0.0,0.0,0.0,1.0
0.10630323014018443,0.7466283380101584,-1.289011978564333,-0.5100132252701591,1.0994862343811829,0.3564328404016863,-0.40705000431067345,0.0,1.0,0.0,0.0,1.0,0.0,0.0
1.1846604642119807,-0.003636175178274128,1.1375839260315812,1.5139640622378931,0.4686079733022529,-0.06065804391879431,-1.3166840659351287,0.0,1.0,0.0,0.0,0.0,0.0,1.0
0.6454818471760826,-1.13123960529383,0.8968705289948392,-0.42201421276980833,1.015062136183273,0.34755856626720744,0.09168039499376916,1.0,0.0,0.0,0.0,0.0,1.0,0.0
0.3758925386581335,-0.6523943130529773,-0.50643736011297,-0.4953467231867678,1.0089222017688786,0.1878216318465983,0.04463035732353889,0.0,1.0,0.0,0.0,0.0,1.0,0.0
0.3758925386581335,-0.5994344650632061,1.418245503853143,0.8393049664018758,0.7886520546525132,0.0724560680983805,0.4367140045754592,0.0,1.0,1.0,0.0,0.0,0.0,0.0
-0.9720540039316119,-1.204059396279766,-0.8751897981267021,-1.8446649148588028,-2.0788891898196917,-0.3978804610289696,-0.6924868995100715,1.0,0.0,0.0,0.0,0.0,1.0,0.0
1.1846604642119807,-0.18899564314247505,-1.926134246465835,-0.7740102627712091,0.699623005643808,-0.167149333532534,-0.8587303659448857,1.0,0.0,1.0,0.0,0.0,0.0,0.0
0.10630323014018443,0.47300245672967123,0.05386148320233812,-1.1113398106892185,-0.6273703196669835,1.7940652501871701,1.5721882470170203,1.0,0.0,0.0,0.0,0.0,1.0,0.0
-0.7024646954136627,0.23026982010988434,0.5209479046863978,0.9273039789022266,-0.37870297588404794,1.1994888831771242,-0.5795668091015184,1.0,0.0,0.0,0.0,1.0,0.0,0.0
1.4542497727299297,-0.8421671016829929,-0.08646930570844338,0.42864290806690825,0.3327619243837974,0.08133034223285861,-0.3317699440383047,1.0,0.0,0.0,0.0,0.0,1.0,0.0
-0.4328753868957137,-0.586194503065763,-0.050618374234886764,1.4992975601545018,-0.6573024999371517,0.5516668713602088,0.7629275990890567,1.0,0.0,0.0,0.0,0.0,1.0,0.0
-0.7024646954136627,-0.16030905881468227,1.3199115203828151,-0.45134721693659235,0.5215649076263965,1.7940652501871701,0.02581034225544656,1.0,0.0,0.0,0.0,0.0,1.0,0.0
-0.9720540039316119,-0.09410924882746749,-1.1128302581799947,0.2673113851496005,-0.8207782537203778,-1.8355128708144544,0.6468708395024885,1.0,0.0,1.0,0.0,0.0,0.0,0.0
0.3758925386581335,-0.6237077287251847,1.0751008740348102,-1.7126663961082778,-1.4340042033579274,1.1906146090426462,0.6029574710102733,1.0,0.0,0.0,0.0,1.0,0.0,0.0
1.993428389765828,-1.851714203988016,-0.8198769324246418,-1.82999841277541,-1.6435294652491041,-1.8355128708144544,-0.1623898084254751,1.0,0.0,0.0,1.0,0.0,0.0,0.0
-1.241643312449561,0.8702013166529592,1.1662646712104272,0.13531286639907555,1.0994862343811829,1.7230710571113437,-1.2947273816890212,0.0,1.0,0.0,0.0,0.0,0.0,1.0
-0.4328753868957137,1.240920252581361,0.13375784477198,1.8366271080725112,1.0994862343811829,-1.1699423107285818,-0.3254966056822741,0.0,1.0,0.0,0.0,0.0,0.0,1.0
0.10630323014018443,1.5608860008528982,1.5411629831910536,1.3086330330704101,1.0994862343811829,1.4213457365390816,2.258334629707881,1.0,0.0,0.0,0.0,0.0,1.0,0.0
-0.4328753868957137,1.2960867609040398,0.27306432135494507,-0.275349191935892,0.9582677428501326,-1.1521937624596248,0.9511277497699789,1.0,0.0,0.0,0.0,0.0,0.0,1.0
-0.7024646954136627,0.7422150173443438,-1.2183344279450348,1.0299694934859676,-0.2628117138123706,0.2055701801155553,-0.25021654540990534,0.0,1.0,0.0,0.0,1.0,0.0,0.0
0.9150711556940316,1.6778389984969777,0.7196644962826861,1.704628589321985,1.0994862343811829,0.276564373191381,1.1738312614090693,0.0,1.0,0.0,0.0,0.0,0.0,1.0
-0.16328607837776465,-0.8421671016829929,-0.6191117161727221,-1.7419994002750605,-1.556035399843997,1.4213457365390816,-0.2690365604779974,1.0,0.0,0.0,0.0,1.0,0.0,0.0
1.7238390812478788,-0.4913081087507554,-0.7993906858683231,-0.46601371901998373,-0.20448233687563214,0.2676900990569029,-0.8681403734789317,1.0,0.0,0.0,0.0,1.0,0.0,0.0
0.6454818471760826,1.1967870459232182,0.5567988361599545,1.8366271080725112,1.0994862343811829,0.019210423291510258,-0.1623898084254751,0.0,1.0,0.0,0.0,0.0,1.0,0.0
0.3758925386581335,1.0930740102765812,-0.23806753022519994,0.9273039789022266,1.0994862343811829,1.7940652501871701,-1.2539506823748212,1.0,0.0,1.0,0.0,0.0,0.0,0.0
0.10630323014018443,1.2431269129142677,1.5411629831910536,1.8366271080725112,1.0994862343811829,0.5960382420326,-0.9120537419711469,0.0,1.0,0.0,0.0,0.0,1.0,0.0
-0.4328753868957137,0.9386077869730807,-1.926134246465835,-1.463335860690618,-0.4193800413794048,0.1878216318465983,-0.7803136364945016,1.0,0.0,0.0,0.0,0.0,1.0,0.0
-0.9720540039316119,-1.851714203988016,-0.7532966311166078,-1.4486693586072266,-1.213734056241561,1.6964482347079095,-0.37881998170853526,1.0,0.0,1.0,0.0,0.0,0.0,0.0
-1.51123262096751,0.5303756253852572,0.17882758719588024,0.6926399455679595,1.0994862343811829,-0.07840659218775053,-0.9183270803271776,1.0,0.0,0.0,0.0,0.0,1.0,0.0
-0.16328607837776465,-1.5328517858829322,0.15014684201703438,-1.8446649148588028,-0.7286792375044754,-0.3978804610289696,2.258334629707881,0.0,1.0,0.0,0.0,0.0,0.0,1.0
0.9150711556940316,-1.851714203988016,-1.438561578425458,-1.463335860690618,-1.9167565466896144,0.7646494505876881,0.4241673278633978,1.0,0.0,0.0,1.0,0.0,0.0,0.0
-0.4328753868957137,0.8900612596491235,0.9337457727962123,0.12064636431568289,0.8899609724900052,-0.167149333532534,-1.4099999739810856,1.0,0.0,0.0,0.0,0.0,0.0,1.0
0.3758925386581335,-0.22871552913480378,-0.13256336046016007,-0.8180097690213846,0.785582087445316,-1.8355128708144544,1.0734578477125776,0.0,1.0,0.0,0.0,0.0,0.0,1.0
-0.9720540039316119,0.43107591040443505,1.5411629831910536,1.1913010164032765,-0.10624338624533634,-0.43337755756688284,-0.1623898084254751,1.0,0.0,0.0,0.0,1.0,0.0,0.0
-0.4328753868957137,0.12214346379743372,0.04925207772716631,-0.11401766901858298,-1.0648406466925193,1.7940652501871701,-0.9559671104633619,0.0,1.0,0.0,0.0,1.0,0.0,0.0
-1.51123262096751,0.20599655644790538,0.15629271598393013,-1.331337341940093,-0.13003563210111127,0.22331872838451153,0.7723376066231031,1.0,0.0,0.0,0.0,1.0,0.0,0.0
-1.51123262096751,1.5741259628503408,1.5411629831910536,0.36997689973334275,1.0994862343811829,1.7940652501871701,1.1393279004509005,1.0,0.0,0.0,0.0,0.0,0.0,1.0
-1.51123262096751,0.31191625242744886,-0.5084859847686029,0.7513059539015262,-0.6012755984058109,-0.743977152273623,1.4435848107183904,1.0,0.0,0.0,0.0,0.0,1.0,0.0
-0.9720540039316119,1.7374188274854707,1.5411629831910536,-0.040685158601624825,1.0994862343811829,-1.5515360985111484,-1.4099999739810856,1.0,0.0,0.0,0.0,1.0,0.0,0.0
-0.16328607837776465,1.1283805756030958,-1.3054009758093887,1.3819655434873683,1.0994862343811829,1.341477269328777,0.7001942155287496,0.0,1.0,0.0,0.0,0.0,0.0,1.0
0.10630323014018443,-1.7822044035014406,-0.38454419310287574,-0.6860112502708595,-2.0788891898196917,-1.8355128708144544,0.9040777120997483,1.0,0.0,0.0,0.0,0.0,1.0,0.0
-0.7024646954136627,-1.1886127739494161,0.6848378771369444,-1.654000387774711,-0.6411851720993694,0.6226610644360352,-0.10279309404318336,1.0,0.0,0.0,0.0,0.0,0.0,1.0
0.10630323014018443,0.8304814306606301,0.6879108141203923,0.47264241431708365,-0.03870410768700841,-0.2825148972807518,0.289290553208737,1.0,0.0,0.0,0.0,0.0,1.0,0.0
-1.51123262096751,0.9628810506350592,1.0085205727267748,0.17931237264924968,1.0994862343811829,0.6492838868394702,1.1393279004509005,1.0,0.0,0.0,0.0,1.0,0.0,0.0
-0.16328607837776465,-1.3673522609148956,-0.33332857671207977,-1.3900033502736597,-2.0788891898196917,0.47179840414990415,-0.27844656801204354,1.0,0.0,0.0,0.0,0.0,1.0,0.0
1.7238390812478788,-1.6189115388663111,-1.244966548468249,-1.82999841277541,-2.0788891898196917,-1.063451021114842,1.3714414196240374,1.0,0.0,0.0,0.0,0.0,0.0,1.0
-1.51123262096751,1.3225666848989253,1.5411629831910536,0.5606414268174345,1.0994862343811829,0.587163967898122,1.038954486754409,1.0,0.0,0.0,0.0,0.0,1.0,0.0
-1.51123262096751,-0.9745667216574221,0.061031669497048864,0.003314347648550597,-1.0287685320079576,0.019210423291510258,-0.19061983102761332,1.0,0.0,0.0,0.0,0.0,1.0,0.0
-0.16328607837776465,1.8234785804688498,0.3365716856795311,1.8366271080725112,1.0994862343811829,0.8711407402014277,-1.2633606899088676,1.0,0.0,0.0,0.0,0.0,0.0,1.0
1.1846604642119807,-1.228332659941745,-1.606548800187269,-0.906008781521734,0.6082914812297041,1.3681000917322115,0.9699477648380707,1.0,0.0,1.0,0.0,0.0,0.0,0.0
0.9150711556940316,0.7466283380101584,0.8610195975212827,-0.3926812086030256,0.9621052018591284,-0.8415941677528846,1.3055713668857145,1.0,0.0,0.0,0.0,0.0,0.0,1.0
-0.4328753868957137,-0.21988888780317534,-1.0790279513620695,-1.8446649148588028,0.13705151492500436,1.7940652501871701,-0.3035399214361665,1.0,0.0,0.0,1.0,0.0,0.0,0.0
0.3758925386581335,-0.3544951681105116,-1.2418936114848012,0.35531039764995004,-0.6749548113785333,0.6226610644360352,-0.4666467186929652,0.0,1.0,0.0,1.0,0.0,0.0,0.0
0.6454818471760826,-0.9833933629890508,-1.2787688552861742,-0.8473427731881673,-1.2075941218271675,-0.8149713453494495,-0.8022703207406091,0.0,1.0,0.0,0.0,0.0,0.0,1.0
0.9150711556940316,-0.01908279750862427,1.146802736981925,0.6046409330676086,1.0994862343811829,-1.3208049710147127,1.0201344716863165,1.0,0.0,0.0,0.0,0.0,1.0,0.0
-1.51123262096751,1.3975931362177691,0.5527015868486902,-0.906008781521734,1.0994862343811829,0.12570171290524995,-1.4099999739810856,0.0,1.0,1.0,0.0,0.0,0.0,0.0
-1.51123262096751,0.3185362334261702,-0.9622563459910547,-0.4953467231867678,1.040389365642646,0.40080421107407765,-1.4099999739810856,1.0,0.0,0.0,0.0,0.0,1.0,0.0
-0.16328607837776465,0.5480289080485145,-1.926134246465835,0.003314347648550597,0.5929416451937213,1.7940652501871701,-1.0312471707357305,0.0,1.0,0.0,0.0,0.0,1.0,0.0
-0.9720540039316119,0.09787020013545476,-0.2636753384205979,0.941970480985618,0.2882473998794448,0.4274270334775128,2.258334629707881,1.0,0.0,0.0,0.0,1.0,0.0,0.0
-0.9720540039316119,-0.7208007833730993,0.8128769181139345,-0.30468219610267605,-0.2758590744429569,0.7291523540497749,0.6437341703244732,1.0,0.0,0.0,0.0,1.0,0.0,0.0
-0.16328607837776465,-1.3210123939238454,-0.17558447822842888,-0.040685158601624825,-0.5836232869644304,-0.12277796286014188,-0.033786372126845175,1.0,0.0,0.0,0.0,0.0,0.0,1.0
-0.4328753868957137,-1.5791916528739824,-1.926134246465835,-0.40734771068641695,-1.0970753023680853,-0.5753659437185358,-0.5638834632114416,0.0,1.0,0.0,0.0,0.0,0.0,1.0
-0.16328607837776465,-0.57295454106832,-0.20938678504635408,-0.6713447481874681,0.7564173989769473,1.474591381345952,-0.1623898084254751,0.0,1.0,0.0,0.0,0.0,0.0,1.0
0.10630323014018443,1.203407026921939,1.5411629831910536,1.3232995351538015,-0.15536286156048423,1.7141967829768656,0.1481404401980459,0.0,1.0,1.0,0.0,0.0,0.0,0.0
-1.241643312449561,-1.186406113616509,-0.32308545343392114,0.25264488306620914,0.5676144157343471,1.2527345279839943,-1.0218371632016845,0.0,1.0,0.0,0.0,1.0,0.0,0.0
-1.51123262096751,-1.7071779521825974,-1.926134246465835,-1.785998906525236,0.15777379357358315,-1.1788165848630598,-1.304137389223067,0.0,1.0,1.0,0.0,0.0,0.0,0.0
0.10630323014018443,0.13538342579487636,1.5411629831910536,-1.7419994002750605,1.0994862343811829,0.5960382420326,-1.4099999739810856,1.0,0.0,0.0,0.0,0.0,0.0,1.0
0.6454818471760826,0.9253678249756381,0.4973887211466313,0.9566369830690094,1.0994862343811829,0.34755856626720744,-0.4948767412951037,1.0,0.0,0.0,0.0,0.0,0.0,1.0
-1.51123262096751,-0.888506968674043,-1.926134246465835,-1.8446649148588028,-1.9858308088515413,-0.8415941677528846,1.299298028529684,1.0,0.0,0.0,1.0,0.0,0.0,0.0
0.3758925386581335,-0.656807633718792,-0.022961941383855877,-0.6420117440206842,0.240662908167895,0.48954695241886037,-0.6109335008816719,1.0,0.0,0.0,0.0,0.0,0.0,1.0
0.10630323014018443,-0.26622875479422536,-1.926134246465835,0.3259773934831673,0.32585449816760453,-1.782267226007584,-0.6046601625256413,1.0,0.0,0.0,0.0,0.0,0.0,1.0
-0.4328753868957137,-0.08528260749583906,1.18060504379985,0.5753079289008258,0.15777379357358315,0.8622664660669489,1.9140851874206948,1.0,0.0,1.0,0.0,0.0,0.0,0.0
-0.16328607837776465,-0.01908279750862427,1.4305372517869344,1.1179685059863185,1.0994862343811829,-0.11390368872566377,-0.40077666595464256,1.0,0.0,0.0,0.0,0.0,1.0,0.0
0.3758925386581335,-1.1466862276241803,-0.9868398418586377,-0.040685158601624825,-2.0788891898196917,-1.8355128708144544,2.258334629707881,0.0,1.0,0.0,0.0,0.0,1.0,0.0
-0.7024646954136627,0.14200340679359807,-0.7123241380039704,-1.3460038440234856,-0.5483186640816674,-1.8355128708144544,-1.0375205090917612,1.0,0.0,1.0,0.0,0.0,0.0,0.0
-0.4328753868957137,1.5586793405199908,1.5411629831910536,1.8366271080725112,1.0994862343811829,-1.8355128708144544,0.3112472374548446,0.0,1.0,0.0,0.0,0.0,1.0,0.0
-1.241643312449561,0.8415147323251659,0.7360534935277405,1.601963074738244,-0.19987738606483793,0.7557751764532092,-0.09651975568715249,0.0,1.0,0.0,0.0,0.0,0.0,1.0
-1.51123262096751,0.7664882810063228,0.8948219043392078,0.003314347648550597,0.7978619562741027,0.8445179177979927,0.11363707923987679,1.0,0.0,0.0,0.0,1.0,0.0,0.0
0.10630323014018443,-0.46482818475586934,0.9870100138426412,0.4433094101503009,0.4072086291583183,0.6759067092429046,-0.5732934707454878,1.0,0.0,0.0,0.0,0.0,1.0,0.0
-0.7024646954136627,-1.2018527359468592,-1.327935847021339,-0.275349191935892,0.15777379357358315,-1.1699423107285818,2.258334629707881,1.0,0.0,0.0,1.0,0.0,0.0,0.0
-0.9720540039316119,-0.5486812774063414,-0.9776210309082941,-1.1846723211061767,-1.9305713991219995,-1.6935244846628013,-0.5231067638972419,1.0,0.0,0.0,0.0,0.0,0.0,1.0
1.1846604642119807,-0.930433514999279,-1.926134246465835,-1.8446649148588028,-1.2267814168721474,-0.610863040256449,0.13245709430796884,1.0,0.0,0.0,0.0,1.0,0.0,0.0
1.7238390812478788,1.688872300161513,0.061031669497048864,-0.5393462294369419,1.0994862343811829,-0.21152070420492536,-0.6673935460859486,1.0,0.0,0.0,0.0,0.0,1.0,0.0
-0.16328607837776465,-0.01908279750862427,-0.5535557271925031,-1.8446649148588028,-0.9312970731794603,0.40967848520855576,0.6186408169003503,0.0,1.0,0.0,0.0,0.0,0.0,1.0
-0.16328607837776465,0.4001826657437351,0.493291471835367,0.14997936848246693,1.0994862343811829,1.7940652501871701,-0.3254966056822741,1.0,0.0,0.0,1.0,0.0,0.0,0.0
0.9150711556940316,1.8676117871269928,-0.6180874038449056,1.8366271080725112,1.0994862343811829,0.7646494505876881,-1.2163106522386369,1.0,0.0,0.0,0.0,0.0,0.0,1.0
1.1846604642119807,0.8812346183174943,0.37242261715308916,0.8539714684852672,1.0994862343811829,-0.8593427160218409,0.06658704156964625,0.0,1.0,0.0,0.0,0.0,1.0,0.0
-0.7024646954136627,0.08242357780510502,1.5411629831910536,0.01798084973194197,0.15777379357358315,-0.44225183170136095,-0.036923041304860474,0.0,1.0,0.0,0.0,0.0,0.0,1.0
0.6454818471760826,0.7311817156798083,1.17036192052169,0.34064389556655866,1.0994862343811829,-0.7972227970804933,-1.2476773440187905,1.0,0.0,0.0,0.0,0.0,1.0,0.0
0.9150711556940316,-0.2794687167916684,0.2935505679112623,1.704628589321985,0.2867124162758457,-1.808890048411019,0.6186408169003503,0.0,1.0,0.0,0.0,1.0,0.0,0.0
-1.51123262096751,0.5480289080485145,1.4090266929027992,0.34064389556655866,0.8715411692468251,-0.2381435266083597,2.258334629707881,1.0,0.0,0.0,0.0,1.0,0.0,0.0
-1.51123262096751,-1.851714203988016,-1.926134246465835,-0.568679233603726,-0.3602831726408668,-1.8355128708144544,-0.48546673376105753,0.0,1.0,0.0,0.0,0.0,0.0,1.0
-1.51123262096751,-0.4824814674191266,0.4195409842326209,0.03264735181533334,-2.0788891898196917,0.2676900990569029,0.49317404977973567,1.0,0.0,0.0,1.0,0.0,0.0,0.0
-0.16328607837776465,1.8676117871269928,1.5411629831910536,0.648640439317784,1.0994862343811829,-0.5487431213151006,0.6782375312826421,1.0,0.0,0.0,0.0,0.0,0.0,1.0
1.1846604642119807,0.5149290030549071,1.1519242986210043,1.0446359955693603,1.0994862343811829,0.24106727665346775,-0.827363674164732,1.0,0.0,0.0,0.0,0.0,1.0,0.0
0.10630323014018443,1.2166469889193825,1.5124822380122076,0.809971962235093,1.0994862343811829,0.4274270334775128,1.3149813744197605,0.0,1.0,1.0,0.0,0.0,0.0,0.0
1.1846604642119807,0.958467729969245,0.19419227211311818,-0.5100132252701591,1.0994862343811829,1.2349859797150382,0.01953700389941597,0.0,1.0,0.0,1.0,0.0,0.0,0.0
-1.51123262096751,-0.07204264549839602,0.08561516536463187,0.003314347648550597,-0.02719173066002129,0.24106727665346775,-0.1623898084254751,1.0,0.0,0.0,0.0,0.0,0.0,1.0
1.4542497727299297,-0.01908279750862427,0.39700611302067074,-0.040685158601624825,-0.27278910723575966,0.7735237247221662,0.13559376348598443,1.0,0.0,1.0,0.0,0.0,0.0,0.0
-1.51123262096751,-1.5681583512094466,-1.1988724937165325,-0.7446772586044264,-0.7056544834505001,-1.7645186777386277,-0.930873757039239,0.0,1.0,0.0,1.0,0.0,0.0,0.0
-1.241643312449561,1.5057194925302193,0.5731878334050089,-0.5980122377705087,0.3128071375370182,0.36530711453616443,-1.4099999739810856,0.0,1.0,0.0,0.0,0.0,1.0,0.0
1.993428389765828,1.8676117871269928,1.378297323068322,0.9859699872357934,1.0994862343811829,-1.8355128708144544,0.3426139292349984,1.0,0.0,0.0,0.0,0.0,1.0,0.0
0.9150711556940316,1.4902728701998693,1.2133830382899589,0.8539714684852672,-0.6749548113785333,-0.2825148972807518,2.258334629707881,0.0,1.0,0.0,1.0,0.0,0.0,0.0
-0.16328607837776465,1.8676117871269928,-1.926134246465835,1.235300522653452,1.0994862343811829,0.09907889050181562,1.2491113216814382,1.0,0.0,0.0,0.0,1.0,0.0,0.0
0.10630323014018443,-0.9326401753321861,-1.0626389541170151,1.1473015101531012,-0.4562196478657649,-1.063451021114842,0.141867101842015,1.0,0.0,0.0,1.0,0.0,0.0,0.0
-0.9720540039316119,0.5855421337079361,0.108150036576582,1.8366271080725112,0.2867124162758457,1.039751948756515,-0.6893502303320559,0.0,1.0,0.0,0.0,0.0,1.0,0.0
-0.7024646954136627,-0.6590142940516991,-0.9223081652062337,-1.2286718273563522,-1.6297146128167195,-0.9125883608287111,-0.1561164700694445,1.0,0.0,1.0,0.0,0.0,0.0,0.0
0.10630323014018443,1.8676117871269928,1.5411629831910536,1.8366271080725112,0.15777379357358315,-0.12277796286014188,-0.5513367864993801,0.0,1.0,1.0,0.0,0.0,0.0,0.0
1.4542497727299297,-0.20885558613863942,-0.659059896957543,-0.46601371901998373,0.015020318438934767,1.2438602538495163,-0.5262434330752572,0.0,1.0,0.0,0.0,1.0,0.0,0.0
-0.9720540039316119,1.8102386184714065,1.5411629831910536,1.6166295768216354,0.632083727085479,-0.60198876612197,-1.4099999739810856,0.0,1.0,0.0,0.0,0.0,0.0,1.0
-1.51123262096751,-0.5817811823999488,-1.8134598904060844,-1.463335860690618,-2.0788891898196917,-1.3208049710147127,-1.2225839905946676,1.0,0.0,0.0,0.0,1.0,0.0,0.0
1.4542497727299297,0.5634755303788646,1.3444950162503968,0.5753079289008258,1.0994862343811829,-1.7112730329317576,-0.8085436590966398,1.0,0.0,1.0,0.0,0.0,0.0,0.0
-1.51123262096751,1.2232669699181034,0.529142403308925,0.003314347648550597,0.9997123001472892,0.19669590598107642,-0.04319637966089134,1.0,0.0,0.0,0.0,0.0,0.0,1.0
-1.241643312449561,-1.4931318998906034,0.1767789625402488,-0.08468466485180025,-0.3764005004786503,-0.9924568280390156,-0.3537266282844123,1.0,0.0,0.0,0.0,1.0,0.0,0.0
0.6454818471760826,0.10228352080126937,-0.6180874038449056,-1.4780023627740106,-0.05635641912838997,-0.4777489282392742,-0.974787125531454,0.0,1.0,0.0,0.0,0.0,1.0,0.0
0.9150711556940316,-1.851714203988016,-1.926134246465835,-0.3193486981860674,0.15777379357358315,-1.480541905435322,0.27360720731866023,1.0,0.0,0.0,0.0,0.0,0.0,1.0
1.993428389765828,-1.4335520709021101,-1.78682776988287,0.003314347648550597,-1.8231225468701138,-1.8355128708144544,-1.0281105015577152,1.0,0.0,1.0,0.0,0.0,0.0,0.0
0.6454818471760826,-1.2812925079315165,-1.6536671672668006,-0.436680714853201,0.3296919571766002,-1.8355128708144544,2.258334629707881,1.0,0.0,1.0,0.0,0.0,0.0,0.0
-0.7024646954136627,-0.7892072536932212,-0.8823599844214128,-1.8446649148588028,-0.3771679922804488,1.1994888831771242,0.32379391416690606,0.0,1.0,1.0,0.0,0.0,0.0,0.0
-1.51123262096751,0.186136613451741,0.20545970771909322,1.7632945976555519,1.0994862343811829,-0.4600003799703172,-0.24080653787585915,1.0,0.0,0.0,0.0,0.0,1.0,0.0
-0.16328607837776465,-0.4162816574319122,0.43695429380549167,-0.20201668151893384,-0.24746187777638667,1.7940652501871701,0.09795373334980004,0.0,1.0,0.0,0.0,0.0,0.0,1.0
0.6454818471760826,1.7440388084841916,-0.633452088762145,0.003314347648550597,0.15777379357358315,0.06358179396390239,-1.3480507577152823,1.0,0.0,0.0,0.0,0.0,0.0,1.0
-0.4328753868957137,1.8676117871269928,1.5411629831910536,0.8979709747354425,1.0994862343811829,-0.9924568280390156,-1.2445406748407752,1.0,0.0,0.0,0.0,0.0,1.0,0.0
-0.4328753868957137,0.81503480833028,0.11532022287129275,0.7366394518181348,-0.32421105795630517,-0.18489788180149022,-0.7991336515625937,0.0,1.0,0.0,0.0,0.0,0.0,1.0
-0.16328607837776465,-0.10293589015909631,-0.26674827540404583,0.7366394518181348,0.9490578412285432,0.19669590598107642,1.7384317134518348,1.0,0.0,1.0,0.0,0.0,0.0,0.0
-1.51123262096751,0.5678888510446788,1.4581936846379637,0.3259773934831673,0.9736175788861166,1.4568428330769958,-0.40077666595464256,0.0,1.0,0.0,0.0,1.0,0.0,0.0
0.3758925386581335,-1.7667577811710904,0.04925207772716631,-0.4953467231867678,-0.1522928943532881,0.22331872838451153,-0.1623898084254751,1.0,0.0,1.0,0.0,0.0,0.0,0.0
-0.9720540039316119,1.430693041211376,-0.10797986459257707,0.01798084973194197,1.0994862343811829,0.3120614697292942,1.3024346977076993,1.0,0.0,0.0,0.0,0.0,0.0,1.0
-1.51123262096751,-1.5615383702107253,-0.5873580340104283,-0.09935116693519162,0.16698369519517264,0.44517558174646904,1.826258450436265,1.0,0.0,0.0,0.0,1.0,0.0,0.0
1.1846604642119807,-0.2772620564587613,-0.25548083979807074,-0.02601865651823345,-0.12082573047952179,0.4274270334775128,-0.9496937721073312,1.0,0.0,0.0,0.0,0.0,1.0,0.0
-0.16328607837776465,1.126173915270189,1.5411629831910536,0.6779734434845681,1.0994862343811829,0.019210423291510258,-0.34117995157235087,1.0,0.0,0.0,0.0,0.0,0.0,1.0
1.993428389765828,-0.0985225694932817,0.9194054002067908,-0.8033432669379932,1.0994862343811829,0.2676900990569029,1.3400747278438834,1.0,0.0,0.0,0.0,0.0,0.0,1.0
0.10630323014018443,-1.5063718618880464,-1.630107983727034,0.5313084226506505,-2.0788891898196917,-0.5576173954495788,-0.01810302623676842,0.0,1.0,0.0,0.0,0.0,1.0,0.0
-0.4328753868957137,1.262986855910432,0.6879108141203923,0.06198035598211609,1.0994862343811829,0.019210423291510258,0.1732337936221688,1.0,0.0,0.0,0.0,0.0,0.0,1.0
-0.9720540039316119,-1.2195060186101163,-0.23909184255301494,0.25264488306620914,-2.0788891898196917,0.7646494505876881,2.2465721202903235,0.0,1.0,1.0,0.0,0.0,0.0,0.0
-0.7024646954136627,0.36487610041722063,1.0402742548890687,0.5166419205672591,-0.8783401388553167,-1.6669016622593662,2.258334629707881,1.0,0.0,0.0,0.0,1.0,0.0,0.0
-0.9720540039316119,-0.2993286597878328,-0.147928045377398,1.4552980539043265,-1.0648406466925193,-0.30913771968418613,2.020731939473217,1.0,0.0,0.0,1.0,0.0,0.0,0.0
-0.16328607837776465,0.7819349033366729,0.928624211157133,0.2233118788994251,0.579894284563135,0.6226610644360352,2.258334629707881,1.0,0.0,0.0,0.0,0.0,1.0,0.0
-1.51123262096751,-1.616704878533404,-1.401686334624085,-0.9500082877719095,-1.3419051871420251,-0.5221202989116656,1.4969081867446514,1.0,0.0,0.0,0.0,0.0,0.0,1.0
0.10630323014018443,0.9099212026452879,1.5411629831910536,0.09131336014890014,0.7003904974456066,-0.8504684418873627,1.7886184203000808,1.0,0.0,0.0,0.0,0.0,1.0,0.0
0.6454818471760826,1.470412927203705,1.5411629831910536,0.5899744309842172,0.8185842349226815,0.7646494505876881,-0.758356952248394,1.0,0.0,0.0,0.0,0.0,0.0,1.0
-0.16328607837776465,-0.36773513010795467,0.09585828864279049,-0.7593437606878177,0.2775025146542562,1.075249045294429,1.1142345470267776,1.0,0.0,1.0,0.0,0.0,0.0,0.0
-0.7024646954136627,1.044527482952624,1.5411629831910536,0.6926399455679595,1.0994862343811829,0.05470751982942349,1.3181180435977764,1.0,0.0,0.0,0.0,1.0,0.0,0.0
0.3758925386581335,-0.43834826076098365,-0.41732218759298595,0.14997936848246693,0.5399847108695766,-1.3030564227457557,0.8162509751153179,0.0,1.0,0.0,0.0,0.0,1.0,0.0
-0.9720540039316119,0.2633697251034913,0.11019866123221343,1.8366271080725112,0.4570955962752647,-0.45112610583583906,-0.04005971048287604,1.0,0.0,0.0,0.0,1.0,0.0,0.0
-0.16328607837776465,-0.8951269496727646,-0.2513835904868064,-0.8326762711047759,0.2168706623121201,0.5516668713602088,1.0954145319586852,1.0,0.0,1.0,0.0,0.0,0.0,0.0
-0.16328607837776465,0.03167039014824037,-0.3374258260233441,0.13531286639907555,1.0994862343811829,0.738026628184253,0.5998208018322579,0.0,1.0,0.0,0.0,1.0,0.0,0.0
-0.7024646954136627,-0.7208007833730993,0.9501347700412681,-0.5100132252701591,-1.1976167284037786,0.3298100179982512,-1.2131739830606216,1.0,0.0,0.0,1.0,0.0,0.0,0.0
0.10630323014018443,-1.3629389402490812,0.04925207772716631,0.03264735181533334,-1.4762162524568825,-0.007412399111924074,0.7472442531989802,0.0,1.0,0.0,1.0,0.0,0.0,0.0
-1.51123262096751,0.1464167274594123,1.5411629831910536,0.9273039789022266,-0.6419526639011679,-0.5842402178530138,-0.8399103508767934,0.0,1.0,0.0,0.0,1.0,0.0,0.0
1.1846604642119807,0.3516361384197776,0.492267159507552,0.1646458705658583,0.27213007204166134,0.4274270334775128,-0.5921134858135798,1.0,0.0,1.0,0.0,0.0,0.0,0.0
0.3758925386581335,1.8676117871269928,1.5411629831910536,1.8366271080725112,1.0994862343811829,-0.8682169901563197,-1.4099999739810856,1.0,0.0,0.0,1.0,0.0,0.0,0.0
-1.241643312449561,-0.01908279750862427,-0.8239741817359061,0.1646458705658583,-0.8000559750718002,-1.4006734382250174,-1.3762807803174204,1.0,0.0,0.0,1.0,0.0,0.0,0.0
-0.4328753868957137,-0.08528260749583906,-1.926134246465835,0.047313853898724716,-0.1361755665155046,1.7940652501871701,0.2422405155385067,0.0,1.0,1.0,0.0,0.0,0.0,0.0
-0.7024646954136627,-1.851714203988016,-1.926134246465835,-1.5513348731909689,-2.0788891898196917,-0.44225183170136095,1.0201344716863165,1.0,0.0,0.0,0.0,1.0,0.0,0.0
-0.9720540039316119,-1.572571671875261,-1.3832487127233977,-1.8446649148588028,-2.0788891898196917,-1.8355128708144544,-0.9622404488193926,1.0,0.0,1.0,0.0,0.0,0.0,0.0
0.6454818471760826,-0.0654226644996747,-0.224751469963592,0.14997936848246693,0.741835054742763,0.48067267828438226,0.5966841326542427,1.0,0.0,0.0,0.0,0.0,1.0,0.0
-0.4328753868957137,1.8676117871269928,-1.157900000603895,-1.8446649148588028,-2.0788891898196917,-0.9214626349631891,-0.1623898084254751,1.0,0.0,0.0,0.0,1.0,0.0,0.0
1.993428389765828,-1.851714203988016,-0.6283305271230657,-1.6686668898581023,-1.6212722029969284,-1.7112730329317576,0.7754742758011184,1.0,0.0,0.0,0.0,1.0,0.0,0.0
-1.51123262096751,0.5987820957053791,-0.0393509386289117,-0.26068268985250065,1.0994862343811829,0.14345026117420695,0.17009712444415323,1.0,0.0,0.0,0.0,0.0,0.0,1.0
1.7238390812478788,-0.01908279750862427,-0.5136075464076822,0.25264488306620914,0.15777379357358315,0.24994155078794664,0.869574351141579,1.0,0.0,0.0,0.0,0.0,0.0,1.0
-1.51123262096751,1.3843531742203257,0.04925207772716631,0.8246384643184844,1.0994862343811829,0.3564328404016863,-0.5105600871851804,1.0,0.0,0.0,1.0,0.0,0.0,0.0
-1.51123262096751,0.6627752453596863,-0.20426522340727477,0.7953054601517003,0.5584045141127577,-1.8355128708144544,-0.999880478955577,1.0,0.0,0.0,0.0,0.0,1.0,0.0
0.6454818471760826,0.2082032167808125,0.53016671563674,0.2233118788994251,-1.3879546952499757,-0.4600003799703172,0.8099776367592872,1.0,0.0,0.0,0.0,0.0,1.0,0.0
-1.51123262096751,-1.245985942605002,-0.4511244944109111,-1.1700058190227853,-1.361859973988803,-0.7705999746770581,1.8701718189284802,1.0,0.0,0.0,1.0,0.0,0.0,0.0
-1.241643312449561,-1.851714203988016,-1.2951578525312286,-1.8006654086086273,-2.0788891898196917,0.888889288470384,0.16696045526613792,0.0,1.0,1.0,0.0,0.0,0.0,0.0
0.10630323014018443,-0.5972278047302986,-0.5709690367653739,0.23797838098281646,-2.0788891898196917,0.738026628184253,-0.48546673376105753,1.0,0.0,0.0,1.0,0.0,0.0,0.0
1.1846604642119807,-0.18678898280956796,-0.5248749820136572,-0.15801717526875841,1.0173646115886708,1.439094284808038,1.2553846600374687,0.0,1.0,0.0,1.0,0.0,0.0,0.0
-1.51123262096751,-1.475478617227346,-0.3835198807750608,-0.5100132252701591,0.3074346949244245,-1.063451021114842,-0.01810302623676842,1.0,0.0,0.0,0.0,1.0,0.0,0.0
-0.4328753868957137,-0.7516940280337996,-1.544065748190498,-0.6273452419372928,-1.4723787934478867,-0.2381435266083597,1.672561660713512,1.0,0.0,0.0,0.0,1.0,0.0,0.0
0.6454818471760826,-0.559714579070877,-0.3568877602518463,0.5019754184838677,-0.17224768120006623,-0.2558920748773167,-1.4099999739810856,1.0,0.0,0.0,0.0,0.0,0.0,1.0
1.7238390812478788,0.03387705048114748,-0.28928314661599597,-0.6860112502708595,1.0994862343811829,0.40080421107407765,0.988767779906163,1.0,0.0,0.0,1.0,0.0,0.0,0.0
1.7238390812478788,0.06256363480894027,1.3178628957271823,1.0446359955693603,1.0994862343811829,-0.4954974765082304,1.3808514271580834,1.0,0.0,1.0,0.0,0.0,0.0,0.0
-0.16328607837776465,1.121760594604375,0.17575465021243236,1.8366271080725112,1.0994862343811829,-0.40675473516344773,0.9542644189479942,1.0,0.0,1.0,0.0,0.0,0.0,0.0
0.10630323014018443,0.5568555493801429,-0.014767442761328691,-0.7446772586044264,0.7786746612291231,0.10795316463629373,-0.40705000431067345,1.0,0.0,0.0,0.0,0.0,0.0,1.0
0.3758925386581335,-0.5133747120798269,-0.6672543955800702,-1.492668864857402,-1.264388515160307,-1.2853078744767996,-0.8932337269030546,0.0,1.0,0.0,0.0,0.0,0.0,1.0
0.6454818471760826,-0.9149868926689289,0.2556510117820742,-0.6273452419372928,-1.2874132692142823,-1.0989481176527554,1.3055713668857145,1.0,0.0,0.0,0.0,0.0,0.0,1.0
0.6454818471760826,-0.08086928683002445,-1.926134246465835,-1.2726713336065263,-0.20448233687563214,1.2793573503874287,-0.664256876907933,1.0,0.0,0.0,0.0,0.0,1.0,0.0
1.993428389765828,0.2721963664351202,0.5629447101268502,0.9273039789022266,0.3995337111403258,0.14345026117420695,-0.6579835385519024,1.0,0.0,0.0,0.0,1.0,0.0,0.0
1.993428389765828,-0.2728487357929471,-1.4651936989486711,-1.2873378356899188,0.1961483836635424,-1.8355128708144544,-0.9779237947094694,1.0,0.0,0.0,1.0,0.0,0.0,0.0
-0.16328607837776465,-1.073866436638244,-1.3545679675445519,-0.3193486981860674,0.309737170329821,-1.0013311021734936,-1.2288573289506983,1.0,0.0,0.0,0.0,0.0,1.0,0.0
-1.241643312449561,0.1111101621328978,-0.18992485081785182,-1.6246673836079268,-0.8944574666931002,0.15232453530868506,-0.8116803282746553,1.0,0.0,0.0,0.0,1.0,0.0,0.0
-0.7024646954136627,-0.16030905881468227,-0.012718818105697258,-0.994007794022085,-0.05328645192119275,0.8001465471256013,0.8664376819635636,1.0,0.0,1.0,0.0,0.0,0.0,0.0
-1.51123262096751,0.8437213926580731,0.4512946663949146,-0.6126787398539014,0.5783593009595358,1.1018718676978634,1.2271546374353306,0.0,1.0,0.0,0.0,1.0,0.0,0.0
1.4542497727299297,-0.3831817524383048,-1.0564930801501196,0.9273039789022266,-1.4455165803849146,1.7940652501871701,-0.11847643993326011,0.0,1.0,0.0,0.0,0.0,0.0,1.0
0.9150711556940316,0.9606743903021525,1.0873926219686003,0.06198035598211609,0.6497360385268606,-0.6552344109288404,2.258334629707881,1.0,0.0,0.0,0.0,0.0,1.0,0.0
1.4542497727299297,-1.851714203988016,-1.926134246465835,-1.2140053252729595,-2.0788891898196917,1.5722083968252127,-0.41646001184471965,0.0,1.0,0.0,0.0,1.0,0.0,0.0
-0.7024646954136627,0.5392022667168856,0.7637099263787699,-0.09935116693519162,-0.036401632281610766,0.6404096127049914,-1.3888274570294818,0.0,1.0,0.0,0.0,0.0,0.0,1.0
0.3758925386581335,-1.851714203988016,-1.746879589098049,-1.8446649148588028,-2.0788891898196917,0.9865063039496448,-1.172397283746422,0.0,1.0,0.0,0.0,0.0,0.0,1.0
-0.4328753868957137,0.6738085470242223,-0.05676424820178106,-0.040685158601624825,0.42179097339250265,0.9332606591427761,-0.25021654540990534,1.0,0.0,0.0,0.0,1.0,0.0,0.0
0.3758925386581335,-0.8708536860107857,-0.9755724062526612,0.20864537681603373,0.3296919571766002,-1.5604103726456264,2.258334629707881,1.0,0.0,0.0,0.0,0.0,0.0,1.0
1.1846604642119807,1.7131455638234923,1.5411629831910536,1.8366271080725112,1.0994862343811829,-0.06065804391879431,0.013263665543385098,1.0,0.0,0.0,0.0,0.0,0.0,1.0
-0.9720540039316119,-0.7075608213756562,-0.5883823463382447,-0.7446772586044264,-0.9090398109272846,-1.8355128708144544,-0.8367736816987781,0.0,1.0,1.0,0.0,0.0,0.0,0.0
0.10630323014018443,1.0798340482791386,0.4512946663949146,0.7219729497347422,0.3442743014107846,-1.045702472845885,-0.8305003433427474,1.0,0.0,0.0,1.0,0.0,0.0,0.0
-1.241643312449561,0.3339828557565203,-1.2664771073523828,-0.08468466485180025,0.03727758069111052,-1.8355128708144544,-0.8430470200548088,1.0,0.0,0.0,0.0,0.0,0.0,1.0
0.10630323014018443,1.8676117871269928,1.5411629831910536,1.8366271080725112,0.5100525305994082,1.6698254123044751,1.05150116346647,1.0,0.0,1.0,0.0,0.0,0.0,0.0
-0.16328607837776465,0.036083710814054586,0.6694731922197051,-0.6126787398539014,0.27520003924885855,0.46292413001542526,-0.09965642486516778,0.0,1.0,0.0,0.0,0.0,0.0,1.0
0.9150711556940316,0.4796224377283926,-0.012718818105697258,-0.6713447481874681,-1.1607771219174174,-0.24701780074283858,0.4774907038896589,0.0,1.0,0.0,1.0,0.0,0.0,0.0
0.10630323014018443,-0.31918860278399713,-0.16841429193371668,1.2646335268202347,0.939080447805153,-0.7883485229460143,-1.4099999739810856,0.0,1.0,0.0,1.0,0.0,0.0,0.0
0.3758925386581335,0.10449018113417648,0.04925207772716631,-0.46601371901998373,0.0825595969972627,0.019210423291510258,-0.8869603885470239,1.0,0.0,1.0,0.0,0.0,0.0,0.0
0.3758925386581335,-0.18678898280956796,0.5363125896036358,-0.29001569401928334,-0.1576653369658819,1.7940652501871701,2.258334629707881,1.0,0.0,0.0,0.0,0.0,1.0,0.0
0.3758925386581335,0.2611630647705842,1.2420637834688046,-0.7300107565210336,1.0994862343811829,1.7940652501871701,1.3024346977076993,0.0,1.0,0.0,0.0,0.0,0.0,1.0
1.4542497727299297,-0.14927575715014635,0.8415576632927804,1.7486280955721605,0.3550191866359732,-1.6402788398559311,-0.9716504563534387,1.0,0.0,0.0,0.0,0.0,0.0,1.0
0.3758925386581335,-0.005842835511181235,0.4492460417392832,0.003314347648550597,0.30129476051003,0.9776320298151667,-1.3417774193592518,1.0,0.0,1.0,0.0,0.0,0.0,0.0
1.1846604642119807,1.0952806706094889,-0.05573993587396607,1.8366271080725112,0.8416089889766568,1.7940652501871701,0.2673338689626296,1.0,0.0,0.0,0.0,0.0,1.0,0.0
0.3758925386581335,-1.6630447455244544,-1.6126946741541648,0.07664685806550876,-1.2528761381333198,-1.045702472845885,-0.2596265529439515,1.0,0.0,0.0,1.0,0.0,0.0,0.0
-0.16328607837776465,-0.5795745220670413,-1.468266635932119,0.4433094101503009,0.15777379357358315,-0.3712576386255345,-0.7677669597824401,0.0,1.0,0.0,0.0,0.0,1.0,0.0
0.10630323014018443,1.1614804805967036,0.2423349515204663,-0.011352154434842079,-0.34109587759588716,0.9243863850082964,-0.8838237193690086,1.0,0.0,0.0,0.0,0.0,1.0,0.0
-0.16328607837776465,0.05373699347731184,0.954232019352531,0.5753079289008258,0.9206606445619729,-1.4184219864939736,1.5220015401687745,1.0,0.0,0.0,1.0,0.0,0.0,0.0
-1.51123262096751,1.8676117871269928,1.5411629831910536,0.8833044726520513,1.0994862343811829,0.36530711453616443,-0.5136967563631958,1.0,0.0,0.0,0.0,0.0,1.0,0.0
0.3758925386581335,0.3891493640791992,0.49021853485191913,-1.5220018690241848,0.3066672031226249,-0.9303369090976673,-0.07456307144104486,1.0,0.0,0.0,0.0,0.0,0.0,1.0
1.1846604642119807,0.33177619542361325,-0.8209012447524582,-1.2140053252729595,0.5161924650138028,1.5278370261528222,0.947991080591963,0.0,1.0,0.0,0.0,0.0,0.0,1.0
0.6454818471760826,-0.054389362835138774,-0.37122813284126926,-0.30468219610267605,-0.7969860078646029,-1.8355128708144544,2.258334629707881,1.0,0.0,0.0,0.0,0.0,1.0,0.0
-1.51123262096751,0.7400083570114367,-0.4757079902784927,0.003314347648550597,-0.5828557951626309,0.010336149157032147,-1.0155638248456538,0.0,1.0,0.0,0.0,0.0,0.0,1.0
-1.241643312449561,0.40459598640954936,0.04925207772716631,0.7953054601517003,-2.0788891898196917,0.10795316463629373,-0.8712770426569472,0.0,1.0,0.0,0.0,1.0,0.0,0.0
1.7238390812478788,-0.5398546360747125,-1.5020689427500442,0.35531039764995004,-0.3257460415599032,1.039751948756515,0.3551606059470599,1.0,0.0,0.0,0.0,0.0,0.0,1.0
-0.4328753868957137,0.20158323578209117,1.314789958743736,-0.5393462294369419,1.0994862343811829,-0.30913771968418613,0.1073637408838462,1.0,0.0,0.0,0.0,0.0,1.0,0.0
-0.16328607837776465,1.8676117871269928,1.2410394711409882,1.4992975601545018,1.0994862343811829,0.05470751982942349,-1.11280056936413,1.0,0.0,0.0,0.0,1.0,0.0,0.0
-1.51123262096751,0.0007771454875400869,-0.2718698370431251,1.8366271080725112,-0.6150904508381968,1.7940652501871701,1.1895146072991465,0.0,1.0,0.0,0.0,0.0,1.0,0.0
1.4542497727299297,0.45755583439932107,0.9019920906339199,0.09131336014890014,0.03881256429470968,-0.9037140866942321,-0.1561164700694445,1.0,0.0,0.0,0.0,0.0,1.0,0.0
0.9150711556940316,-0.2816753771245755,0.6254277621236213,0.941970480985618,0.309737170329821,0.5516668713602088,1.7729350744100036,1.0,0.0,1.0,0.0,0.0,0.0,0.0
1.1846604642119807,0.44210921206897097,0.07127479277520894,0.20864537681603373,-0.23518200894759997,-0.743977152273623,-0.7677669597824401,0.0,1.0,0.0,0.0,1.0,0.0,0.0
0.10630323014018443,-0.4184883177648193,-0.7164213873152347,-0.11401766901858298,-1.0456533516475397,0.5516668713602088,0.719014230596842,0.0,1.0,0.0,0.0,0.0,0.0,1.0
-1.241643312449561,1.7263855258209349,1.494044616111522,0.003314347648550597,1.0994862343811829,-0.016286673246402185,0.869574351141579,0.0,1.0,0.0,0.0,0.0,0.0,1.0
-0.16328607837776465,0.7488349983430655,1.3619083258232676,0.01798084973194197,0.27213007204166134,-0.5309945730461436,0.8821210278536407,1.0,0.0,0.0,0.0,0.0,1.0,0.0
-0.16328607837776465,-0.14706909681723923,-0.5781392230600847,-0.7153442544376423,0.777139677625525,1.7940652501871701,0.9385810730579172,1.0,0.0,0.0,0.0,0.0,0.0,1.0
-0.16328607837776465,0.4597624947322282,-0.5556043518481346,0.01798084973194197,-0.17455015660546386,0.16119880944316317,0.6594175162145497,1.0,0.0,0.0,0.0,0.0,1.0,0.0
0.3758925386581335,0.13979674646069098,-1.8452135725683783,-0.8033432669379932,0.10481685924943955,-1.010205376307972,-1.034383839913746,1.0,0.0,0.0,0.0,0.0,0.0,1.0
-0.16328607837776465,-0.1404491158185179,-0.39683594103666725,0.7513059539015262,1.0994862343811829,-0.6641086850633184,-1.0061538173116076,0.0,1.0,0.0,0.0,0.0,0.0,1.0
0.10630323014018443,0.8194481289960945,0.28228313230528723,-0.5100132252701591,0.9736175788861166,-0.1582750593980551,0.4147573203293516,1.0,0.0,0.0,0.0,0.0,0.0,1.0
0.10630323014018443,-0.01908279750862427,-1.926134246465835,-1.654000387774711,-2.0788891898196917,0.21444445425003342,-0.21884985362975154,1.0,0.0,0.0,0.0,0.0,0.0,1.0
0.6454818471760826,-0.49351476908366254,-0.1090041769203935,-0.7300107565210336,-1.0164886631791699,-0.8682169901563197,0.8946677045657019,0.0,1.0,0.0,0.0,0.0,1.0,0.0
-1.51123262096751,-1.716004593514226,-0.8813356720935979,-0.7446772586044264,-0.7163993686756888,0.294312921460338,-0.4195966810227349,0.0,1.0,0.0,0.0,0.0,1.0,0.0
-0.7024646954136627,-1.6674580661902685,-0.8997732939942836,-0.4953467231867678,-2.0788891898196917,1.2793573503874287,0.7629275990890567,1.0,0.0,0.0,0.0,0.0,1.0,0.0
1.1846604642119807,0.7995881859999302,1.2441124081244361,1.1913010164032765,0.15777379357358315,-0.9125883608287111,1.4247647956502987,0.0,1.0,1.0,0.0,0.0,0.0,0.0
-0.4328753868957137,0.6826351883558507,1.5411629831910536,0.003314347648550597,-0.1891325008396493,0.1700730835776421,0.3896639669052287,1.0,0.0,1.0,0.0,0.0,0.0,0.0
1.4542497727299297,1.0048075969602954,1.3588353888398197,1.8366271080725112,1.0994862343811829,-0.167149333532534,0.37084395183713664,1.0,0.0,0.0,1.0,0.0,0.0,0.0
-1.241643312449561,-0.043356061170602846,0.4308084198385959,-0.3926812086030256,0.15777379357358315,0.14345026117420695,0.028947011433462132,0.0,1.0,0.0,0.0,0.0,0.0,1.0
1.7238390812478788,1.247540233580082,0.64591400867994,-0.7300107565210336,1.0994862343811829,0.587163967898122,-1.078297208405961,1.0,0.0,0.0,0.0,0.0,0.0,1.0
1.1846604642119807,0.1111101621328978,0.697129625070736,0.8246384643184844,0.011950351231737546,0.24106727665346775,-1.2037639755265757,0.0,1.0,0.0,0.0,0.0,1.0,0.0
-1.51123262096751,0.2214431787782555,1.1375839260315812,0.8686379705686599,-0.8315231389455665,-1.4716676313008439,0.02581034225544656,1.0,0.0,0.0,0.0,0.0,1.0,0.0
-0.16328607837776465,0.4796224377283926,-0.16943860426153312,-0.5246797273535505,0.15777379357358315,0.46292413001542526,-0.9340104262172543,1.0,0.0,1.0,0.0,0.0,0.0,0.0
-0.4328753868957137,1.2563668749117112,-0.747150757149712,0.09131336014890014,0.2951548260956367,1.3947229141356474,-0.2219865228077671,0.0,1.0,0.0,0.0,0.0,1.0,0.0
-1.51123262096751,-0.8796803273424145,0.7790746112960093,-0.8180097690213846,-1.1477297612868311,-0.6552344109288404,-0.8148169974526706,1.0,0.0,0.0,0.0,0.0,1.0,0.0
0.6454818471760826,0.25674974410477003,-0.941770099434736,-0.4806802211033751,1.0994862343811829,-0.7262286040046668,-1.4099999739810856,1.0,0.0,0.0,0.0,0.0,1.0,0.0
1.4542497727299297,-0.630327709723906,0.6069901402229341,0.5753079289008258,-2.0788891898196917,0.5072955006878174,2.258334629707881,0.0,1.0,1.0,0.0,0.0,0.0,0.0
0.9150711556940316,-0.3809750921053977,0.7042998113654467,1.660629083071811,0.8961009069043985,-0.2558920748773167,-1.4099999739810856,1.0,0.0,1.0,0.0,0.0,0.0,0.0
-0.4328753868957137,-0.2309221894677113,-0.7235915736099455,-1.1113398106892185,0.1401214821322016,0.9243863850082964,2.258334629707881,1.0,0.0,0.0,0.0,1.0,0.0,0.0
-0.9720540039316119,0.06477029514184776,-1.7560984000483926,-0.36334820443624155,-0.14999041894789047,-1.5781589209145834,-1.4099999739810856,1.0,0.0,0.0,1.0,0.0,0.0,0.0
-1.51123262096751,-0.0963159091603746,1.5411629831910536,0.8246384643184844,0.15393633456458744,1.7940652501871701,1.1801045997650998,0.0,1.0,0.0,0.0,0.0,0.0,1.0
-0.16328607837776465,-0.01908279750862427,-0.38864144241414006,-1.6393338856913182,-2.0788891898196917,0.7114038057808179,-0.07142640226302956,1.0,0.0,0.0,0.0,0.0,1.0,0.0
0.6454818471760826,1.6006058868452269,1.5411629831910536,1.8366271080725112,1.0994862343811829,0.019210423291510258,0.5151307340258433,0.0,1.0,0.0,0.0,1.0,0.0,0.0
-0.4328753868957137,-0.6082611063948344,-1.1425353156866571,0.003314347648550597,0.12553913789801724,-0.149400785263577,0.781747614157149,1.0,0.0,0.0,0.0,0.0,0.0,1.0
-1.51123262096751,-0.01908279750862427,0.2034110830634618,-0.07001816276840887,-2.0788891898196917,-0.4866232023737523,-0.1623898084254751,0.0,1.0,0.0,0.0,0.0,0.0,1.0
-1.51123262096751,-1.3011524509276808,-1.3709569647896076,-1.8446649148588028,-1.5591053670511943,-0.20264643007044725,-0.792860313206563,1.0,0.0,0.0,0.0,0.0,0.0,1.0
0.3758925386581335,1.671219017498256,0.9593535809916103,1.367299041403977,1.0994862343811829,-0.5842402178530138,0.20146381622430704,0.0,1.0,0.0,0.0,1.0,0.0,0.0
0.10630323014018443,-0.2529887927967827,0.5455314005539794,0.8539714684852672,-0.09703348462374688,-0.8593427160218409,-0.04633304883890664,1.0,0.0,0.0,0.0,0.0,0.0,1.0
0.3758925386581335,0.583335473375029,-0.7410048831828163,-1.5366683711075775,0.4893302519508306,-0.06065804391879431,-1.3229574042911594,0.0,1.0,0.0,1.0,0.0,0.0,0.0
-0.9720540039316119,0.07580359680638331,-1.595281364581294,-0.4953467231867678,0.2736650556452594,1.1728660607736898,0.1763704628001841,1.0,0.0,0.0,0.0,1.0,0.0,0.0
-0.4328753868957137,0.642915302363522,-0.013743130433513703,-0.18735017943554247,-0.5352713034510811,-1.5781589209145834,-0.28471990636807415,1.0,0.0,0.0,0.0,0.0,0.0,1.0
-0.4328753868957137,0.6826351883558507,-1.6423997316608256,-0.24601618776910925,-0.7409591063332632,-1.8355128708144544,0.7064675538847802,1.0,0.0,0.0,0.0,0.0,0.0,1.0
1.993428389765828,-0.3059486407865545,0.04925207772716631,0.47264241431708365,0.5998490714099131,1.2172374314460803,-0.27217322965601265,1.0,0.0,0.0,0.0,0.0,0.0,1.0
1.4542497727299297,0.19054993411755522,-0.18890053849003538,-0.12868417110197566,1.0994862343811829,0.7202780799152959,-1.0375205090917612,0.0,1.0,0.0,0.0,0.0,0.0,1.0
1.993428389765828,-0.5111680517469198,-0.6580355846297266,-0.5833457356871173,0.09483946582604941,-1.356302067552626,-0.1623898084254751,1.0,0.0,0.0,1.0,0.0,0.0,0.0
-1.51123262096751,-1.2393659616062807,-0.28211296032128375,0.5459749247340419,0.19538089186174282,0.06358179396390239,1.3683047504460222,0.0,1.0,0.0,0.0,1.0,0.0,0.0
0.6454818471760826,-0.07645596616421023,0.12351472149381992,-0.4953467231867678,0.22301059672651344,-0.3535090903565783,-0.5513367864993801,0.0,1.0,1.0,0.0,0.0,0.0,0.0
0.9150711556940316,-0.7384540660363565,0.04925207772716631,0.9273039789022266,-0.00493446840784444,1.7940652501871701,0.07599704910369241,0.0,1.0,0.0,0.0,1.0,0.0,0.0
0.10630323014018443,-0.01908279750862427,-0.5904309709938762,-0.14335067318536704,0.9030083331205914,-0.45112610583583906,-0.1623898084254751,0.0,1.0,0.0,0.0,1.0,0.0,0.0
-0.9720540039316119,1.7285921861538422,-0.24728634117554213,1.103302003902927,1.0994862343811829,-0.1760236076670121,-1.4099999739810856,0.0,1.0,0.0,0.0,0.0,0.0,1.0
-1.51123262096751,0.5546488890472357,1.246161032780069,0.6633069414011754,1.0994862343811829,0.6847809833773827,-1.4099999739810856,1.0,0.0,0.0,0.0,0.0,0.0,1.0
0.3758925386581335,-0.25960877379550407,-0.532045168308368,0.3846434018167341,-0.5966706475950156,0.7291523540497749,1.4624048257864828,1.0,0.0,0.0,0.0,0.0,1.0,0.0
0.6454818471760826,-1.851714203988016,-0.647792461351568,-0.15801717526875841,0.15777379357358315,-0.06065804391879431,0.35829727512507514,0.0,1.0,0.0,1.0,0.0,0.0,0.0
-0.16328607837776465,-0.3898017334370261,1.5268226106016307,0.12064636431568289,0.05262741672709444,-0.7705999746770581,-1.4099999739810856,1.0,0.0,0.0,0.0,0.0,0.0,1.0
0.10630323014018443,0.43107591040443505,-0.7553452557722392,-0.6420117440206842,0.7126703662743932,0.010336149157032147,0.13245709430796884,1.0,0.0,0.0,0.0,0.0,0.0,1.0
-1.51123262096751,-0.6281210493909988,0.04925207772716631,0.7366394518181348,-1.8783819565996551,0.7469009023187311,-0.31922326732624323,1.0,0.0,0.0,0.0,0.0,1.0,0.0
1.993428389765828,-0.28388203745748264,1.004423323415512,-0.24601618776910925,-1.5521979408350013,-1.4450448088974088,0.6374608319684426,1.0,0.0,0.0,0.0,0.0,1.0,0.0
-0.9720540039316119,-0.04776938183641745,-0.8075851844908517,0.8246384643184844,-0.38407541849664173,-0.5398688471806226,-0.1623898084254751,0.0,1.0,0.0,0.0,1.0,0.0,0.0
1.1846604642119807,0.9364011266401732,0.8139012304417509,-0.5246797273535505,1.0994862343811829,0.15232453530868506,-0.4635100495149499,1.0,0.0,1.0,0.0,0.0,0.0,0.0
-0.16328607837776465,0.8834412786504018,-0.8669952995041749,-1.8153319106920187,-0.3372584185868915,-1.063451021114842,0.19832714704629173,1.0,0.0,0.0,0.0,0.0,1.0,0.0
-0.4328753868957137,-0.45600154342424093,-0.061885809840861825,-0.46601371901998373,-0.16380527138027523,-1.4272962606284525,0.2547871922505682,1.0,0.0,0.0,1.0,0.0,0.0,0.0
0.10630323014018443,1.8676117871269928,1.1744591698329543,0.3113108913997759,1.0994862343811829,-1.2586850520733646,-0.1937565002056286,0.0,1.0,0.0,0.0,1.0,0.0,0.0
0.3758925386581335,0.6009887560382862,0.9419402714187409,1.367299041403977,0.21456818690672247,-0.4866232023737523,-1.1065272310080994,0.0,1.0,0.0,0.0,0.0,0.0,1.0
0.6454818471760826,-1.1555128689558087,0.8446306002762283,-1.785998906525236,-0.26050923840697293,0.19669590598107642,-0.07142640226302956,1.0,0.0,0.0,0.0,1.0,0.0,0.0
-0.16328607837776465,0.4332825707373425,0.5342639649480043,-0.8473427731881673,0.5990815796081146,-1.1699423107285818,1.2020612840112075,1.0,0.0,0.0,0.0,0.0,0.0,1.0
-1.241643312449561,1.8676117871269928,1.5411629831910536,1.073968999736143,0.6758307597880331,1.7940652501871701,0.4210306586853825,1.0,0.0,0.0,0.0,0.0,0.0,1.0
-0.7024646954136627,-0.11176253149072474,-0.8577764885538313,-1.8446649148588028,-1.9244314647076062,0.3120614697292942,1.3683047504460222,1.0,0.0,0.0,0.0,0.0,0.0,1.0
0.10630323014018443,-1.0760730969711512,0.6520598826468343,-0.15801717526875841,0.13244656411421019,1.6520768640355172,-0.37881998170853526,1.0,0.0,0.0,0.0,0.0,0.0,1.0
-0.7024646954136627,-0.01908279750862427,-0.1550982316721102,-0.8473427731881673,-0.3963552873254284,-1.1521937624596248,-0.32863327486028937,1.0,0.0,0.0,0.0,0.0,0.0,1.0
-1.51123262096751,-0.9922200043206794,1.4602423092935952,-0.36334820443624155,-1.7141387110146293,1.7940652501871701,-0.27844656801204354,1.0,0.0,0.0,0.0,0.0,0.0,1.0
0.10630323014018443,1.366699891557069,1.5411629831910536,1.0446359955693603,0.026532695465921886,0.3386842921327293,0.12932042512995356,1.0,0.0,0.0,0.0,0.0,0.0,1.0
-0.7024646954136627,-1.2415726219391878,0.12249040916600494,-0.5833457356871173,0.0994444166368447,0.019210423291510258,-0.9936071405995461,1.0,0.0,0.0,0.0,0.0,0.0,1.0
0.6454818471760826,0.4884490790600214,-0.04959406190707032,-0.07001816276840887,1.0994862343811829,1.7053225088423876,0.0791337182817077,0.0,1.0,0.0,1.0,0.0,0.0,0.0
1.993428389765828,0.036083710814054586,0.06410460648049673,1.8366271080725112,0.7679297760039355,0.2588158249224248,-0.940283764573285,1.0,0.0,0.0,0.0,0.0,1.0,0.0
0.10630323014018443,-0.8333404603513641,-0.3292313274008169,0.3993099039001255,-0.4485447298477735,1.1018718676978634,-0.7709036289604554,1.0,0.0,1.0,0.0,0.0,0.0,0.0
-1.51123262096751,-0.28388203745748264,-0.7051539517092597,-1.8446649148588028,0.11632923627642668,1.2349859797150382,-1.206900644704591,1.0,0.0,1.0,0.0,0.0,0.0,0.0
0.10630323014018443,0.07139027614056909,-0.035253689317647385,1.367299041403977,1.0135271525796739,-0.9569597315011024,-1.4099999739810856,0.0,1.0,0.0,0.0,0.0,1.0,0.0
-1.241643312449561,-1.603464916535961,-0.18480328917877106,0.6193074351510013,-1.5805951375015717,0.6404096127049914,-0.3317699440383047,0.0,1.0,0.0,0.0,0.0,0.0,1.0
-0.9720540039316119,-1.0407665316446366,-0.8987489816664672,-0.6420117440206842,0.15777379357358315,0.3031871955948161,0.07599704910369241,1.0,0.0,1.0,0.0,0.0,0.0,0.0
-1.51123262096751,-0.9878066836548649,0.3314501240404518,0.5019754184838677,-2.0788891898196917,-1.2675593262078426,0.289290553208737,0.0,1.0,0.0,0.0,0.0,0.0,1.0
-0.16328607837776465,0.19937657544918405,0.04259404759636306,-0.4806802211033751,1.0994862343811829,-1.027953924576929,-0.19061983102761332,1.0,0.0,1.0,0.0,0.0,0.0,0.0
0.10630323014018443,1.8676117871269928,0.9952045124651684,0.047313853898724716,0.15777379357358315,1.030877674622037,-0.24707987623189004,1.0,0.0,0.0,1.0,0.0,0.0,0.0
-0.4328753868957137,-1.1202063036292944,-0.2923560835994438,-1.067340304439043,-1.071748072908712,0.4274270334775128,2.258334629707881,1.0,0.0,1.0,0.0,0.0,0.0,0.0
0.10630323014018443,-0.3434618664459761,0.14195234339450719,0.6339739372343927,0.24603535078048877,0.294312921460338,0.39907397443927484,1.0,0.0,0.0,0.0,0.0,0.0,1.0
-0.4328753868957137,-1.4114854675730386,-0.33127995205644833,0.07664685806550876,0.2084282524923291,-1.0811995693837984,-0.8148169974526706,1.0,0.0,0.0,1.0,0.0,0.0,0.0
1.7238390812478788,0.6826351883558507,0.9972531371207998,0.8833044726520513,0.3504142358251779,0.3386842921327293,-0.1623898084254751,1.0,0.0,1.0,0.0,0.0,0.0,0.0
-0.16328607837776465,0.7598683000076011,-0.2319216562583042,-0.6713447481874681,1.0994862343811829,0.43630130761199093,2.258334629707881,1.0,0.0,0.0,0.0,0.0,0.0,1.0
1.993428389765828,1.8676117871269928,1.5411629831910536,-0.040685158601624825,1.0994862343811829,-1.8355128708144544,-0.1623898084254751,1.0,0.0,0.0,0.0,0.0,0.0,1.0
0.10630323014018443,0.15083004812522652,0.6325979484183321,1.8366271080725112,0.15777379357358315,-1.3740506158215822,0.2798805456746911,0.0,1.0,0.0,0.0,0.0,1.0,0.0
1.993428389765828,-1.5394717668816535,-1.926134246465835,-1.2726713336065263,-2.0788891898196917,-1.6047817433180178,-0.12474977828929071,1.0,0.0,0.0,0.0,0.0,1.0,0.0
1.993428389765828,-0.45600154342424093,-1.0390797705772488,1.4259650497375438,-0.9044348601164893,-0.32688626795314313,0.2641971997846143,1.0,0.0,0.0,0.0,0.0,1.0,0.0
0.3758925386581335,-0.3721484507737689,-1.926134246465835,-0.5246797273535505,0.25140779339308367,-0.8770912642907979,-0.2596265529439515,1.0,0.0,0.0,0.0,0.0,0.0,1.0
0.3758925386581335,0.13317676546196927,0.9214540248624222,1.8366271080725112,0.17005366240236985,0.8711407402014277,1.1205078853828083,0.0,1.0,0.0,0.0,0.0,0.0,1.0
1.4542497727299297,-1.0628331349737083,-1.2162858032894033,-0.5833457356871173,-0.8675952536301281,1.7940652501871701,0.7880209525131796,1.0,0.0,0.0,0.0,0.0,0.0,1.0
0.9150711556940316,-1.13123960529383,-1.3443248442663933,-1.8446649148588028,-0.9735091222784164,-0.06065804391879431,-0.1623898084254751,1.0,0.0,0.0,1.0,0.0,0.0,0.0
-0.16328607837776465,1.1195539342714673,0.04925207772716631,-0.42201421276980833,1.0994862343811829,-0.33576054208762124,-0.5231067638972419,1.0,0.0,0.0,0.0,0.0,1.0,0.0
-0.7024646954136627,-1.0650397953066155,-1.28491472925307,-0.3926812086030256,0.45479312086986706,-0.6818572333322747,-1.3135473967571132,0.0,1.0,0.0,0.0,1.0,0.0,0.0
0.10630323014018443,0.5789221527092148,0.1552684036561137,0.5899744309842172,-0.046379025705000916,0.3564328404016863,-0.3568632974624276,1.0,0.0,0.0,0.0,1.0,0.0,0.0
0.10630323014018443,-0.01908279750862427,0.8354117893258846,0.5899744309842172,-0.1484554353442924,1.731945331245822,2.1179686839916934,0.0,1.0,1.0,0.0,0.0,0.0,0.0
-1.51123262096751,-0.4626215244229622,-1.4815826961937268,0.6633069414011754,0.9536627920393373,1.3947229141356474,0.4649440271775975,1.0,0.0,0.0,0.0,0.0,1.0,0.0
-0.16328607837776465,0.314122912760356,0.04925207772716631,0.6633069414011754,-0.3226760743527071,-1.187690858997538,2.258334629707881,1.0,0.0,0.0,0.0,0.0,1.0,0.0
-1.241643312449561,1.774932053144892,0.9952045124651684,-0.26068268985250065,1.0994862343811829,-1.6757759363938443,-0.1623898084254751,1.0,0.0,0.0,0.0,0.0,0.0,1.0
-0.16328607837776465,-0.5222013534114553,1.01978800833275,0.5166419205672591,0.15393633456458744,-0.19377215593596833,-0.9277370878612236,1.0,0.0,1.0,0.0,0.0,0.0,0.0
-0.16328607837776465,-0.11396919182363184,1.5411629831910536,1.8366271080725112,1.0994862343811829,-1.791141500142062,-1.1598506070343604,0.0,1.0,0.0,0.0,0.0,1.0,0.0
1.1846604642119807,1.1372072169347243,-0.4572703683778069,-0.8766757773549513,1.0994862343811829,0.0724560680983805,-0.005556349524706956,1.0,0.0,0.0,0.0,1.0,0.0,0.0
-0.4328753868957137,-0.28388203745748264,0.10200416260968624,0.36997689973334275,-2.0788891898196917,1.2349859797150382,-1.2727706974429136,1.0,0.0,0.0,1.0,0.0,0.0,0.0
0.10630323014018443,-0.8377537810171787,-0.9940100281533485,-1.8446649148588028,-2.0203679399325045,-1.8355128708144544,1.5031815251006826,0.0,1.0,1.0,0.0,0.0,0.0,0.0
-1.51123262096751,-1.3121857525922167,-1.592208427597846,0.8539714684852672,-0.3203735989473095,1.7053225088423876,-1.2884540433329903,1.0,0.0,0.0,0.0,0.0,0.0,1.0
1.7238390812478788,0.8437213926580731,0.04925207772716631,-1.8446649148588028,1.0994862343811829,0.34755856626720744,0.06031370321361565,1.0,0.0,0.0,0.0,0.0,1.0,0.0
-0.9720540039316119,-0.04776938183641745,1.3526895148729239,1.2939665309870187,-0.7148643850720907,-0.40675473516344773,-0.5983868241696104,0.0,1.0,0.0,0.0,1.0,0.0,0.0
-0.9720540039316119,0.27660968710093436,-0.6303791517786971,0.19397887473264236,-0.3150011563347157,1.1817403349081679,0.09481706417178475,0.0,1.0,0.0,0.0,1.0,0.0,0.0
-1.51123262096751,-0.29491533912201856,-1.789900706866318,0.03264735181533334,0.15777379357358315,1.7053225088423876,-0.8587303659448857,1.0,0.0,0.0,0.0,0.0,1.0,0.0
0.9150711556940316,-1.4048654865743173,0.023132113367860814,-1.3460038440234856,0.24833782618588643,0.8445179177979927,1.920358525776726,1.0,0.0,0.0,0.0,0.0,0.0,1.0
1.7238390812478788,-1.1400662466254587,-1.926134246465835,-1.8446649148588028,-0.9980688599359898,-0.6729829591977966,0.8946677045657019,1.0,0.0,0.0,0.0,0.0,1.0,0.0
-0.16328607837776465,0.9981876159615738,-0.15919548098337305,-0.12868417110197566,1.0994862343811829,0.6404096127049914,-0.05574305637295281,1.0,0.0,0.0,1.0,0.0,0.0,0.0
-1.51123262096751,-0.06100934383386009,-0.352790510940582,-0.055351660685016194,0.3296919571766002,-0.6374858626598833,1.3902614346921291,1.0,0.0,1.0,0.0,0.0,0.0,0.0
1.7238390812478788,-0.6038477857290202,-1.153802751292632,0.6193074351510013,-1.0003713353413874,-1.4184219864939736,2.224615436044216,1.0,0.0,0.0,0.0,0.0,0.0,1.0
1.7238390812478788,-1.733657876177483,-0.1346119851157915,-1.3900033502736597,-1.3749073346193894,-1.2853078744767996,0.09168039499376916,1.0,0.0,0.0,1.0,0.0,0.0,0.0
-1.241643312449561,0.41121596740827066,0.4328570444942288,1.6312960789050268,1.0994862343811829,0.019210423291510258,-0.014966357058753122,0.0,1.0,0.0,0.0,1.0,0.0,0.0
0.6454818471760826,0.7664882810063228,0.39188455138159145,-0.30468219610267605,0.981292496904108,-1.7556444036041496,0.05404036485758478,1.0,0.0,0.0,0.0,0.0,1.0,0.0
0.9150711556940316,0.20378989611499826,1.5411629831910536,0.36997689973334275,0.7111353826707951,0.2588158249224248,-0.27844656801204354,0.0,1.0,0.0,0.0,0.0,1.0,0.0
-0.16328607837776465,1.4814462288682408,0.4809997239015769,1.8366271080725112,1.0994862343811829,0.028084697425989156,-0.1623898084254751,1.0,0.0,0.0,0.0,1.0,0.0,0.0
-0.7024646954136627,-1.5505050685461894,-1.428318455147298,0.36997689973334275,0.15777379357358315,-1.6402788398559311,-0.8650037043009164,1.0,0.0,0.0,0.0,1.0,0.0,0.0
-0.7024646954136627,-1.2790858475986093,0.21262989401380544,0.2673113851496005,-0.27202161543396114,0.019210423291510258,-1.147303930322299,1.0,0.0,1.0,0.0,0.0,0.0,0.0
0.3758925386581335,0.8525480339897015,1.1457784246541085,-1.8446649148588028,0.6505035303286602,-1.8355128708144544,-0.9277370878612236,0.0,1.0,0.0,0.0,0.0,1.0,0.0
-1.241643312449561,1.38876649488614,0.04925207772716631,0.3846434018167341,0.6528060057340578,1.518962752018344,0.13559376348598443,1.0,0.0,0.0,0.0,1.0,0.0,0.0
1.993428389765828,0.9650877109679667,0.6643516305806259,0.7513059539015262,1.0994862343811829,0.47179840414990415,0.6907842079947037,1.0,0.0,0.0,1.0,0.0,0.0,0.0
1.1846604642119807,0.958467729969245,-0.9858155295308213,0.4579759122336923,1.0994862343811829,1.6165797674976048,-0.9591037796413773,1.0,0.0,0.0,0.0,0.0,0.0,1.0
-0.9720540039316119,1.2938801005711325,1.4960932407671532,1.8366271080725112,1.0994862343811829,-1.4716676313008439,0.36143394430309045,1.0,0.0,0.0,0.0,0.0,0.0,1.0
0.9150711556940316,0.22806315977697683,-0.6180874038449056,-0.055351660685016194,0.4409782684374823,0.6759067092429046,0.0038536580093392102,0.0,1.0,1.0,0.0,0.0,0.0,0.0
-0.9720540039316119,0.26557638543639844,0.5895768306500633,0.3259773934831673,1.0994862343811829,0.6759067092429046,0.2046004854023223,1.0,0.0,0.0,0.0,0.0,0.0,1.0
1.1846604642119807,-1.1091730019647585,-1.196823869060901,-1.7126663961082778,-2.0788891898196917,0.7557751764532092,-0.1623898084254751,1.0,0.0,0.0,0.0,1.0,0.0,0.0
1.4542497727299297,0.26778304576930595,-1.926134246465835,0.14997936848246693,-0.3065587465149236,-0.7883485229460143,-0.5827034782795336,1.0,0.0,0.0,0.0,0.0,1.0,0.0
-1.51123262096751,1.8676117871269928,1.5411629831910536,-0.02601865651823345,1.0994862343811829,1.4302200106735599,-1.2759073666209289,1.0,0.0,0.0,0.0,0.0,1.0,0.0
-0.16328607837776465,0.8128281479973728,-0.2544565274702543,-0.29001569401928334,1.0994862343811829,0.019210423291510258,0.08227038745972327,0.0,1.0,0.0,0.0,1.0,0.0,0.0
0.9150711556940316,-0.5928144840644843,-1.2654527950245678,1.3086330330704101,0.028067679069521043,-1.6669016622593662,-0.036923041304860474,1.0,0.0,1.0,0.0,0.0,0.0,0.0
0.3758925386581335,0.656155264360965,1.5411629831910536,1.7779610997389446,1.0994862343811829,-1.1344452141906685,0.9824944415501324,0.0,1.0,0.0,0.0,1.0,0.0,0.0
-1.51123262096751,0.5414089270497927,-0.3456203246458713,-0.08468466485180025,-0.15843282876768147,-0.300263445549708,-1.2821807049769596,1.0,0.0,0.0,0.0,0.0,0.0,1.0
1.1846604642119807,-0.01908279750862427,-0.7850503132789001,-0.3486817023528502,-0.7447965653422589,-1.4184219864939736,0.15127710937606118,1.0,0.0,0.0,1.0,0.0,0.0,0.0
-0.4328753868957137,0.038290371146961696,-0.9591834090076068,-0.3926812086030256,0.33429690798739553,-1.773392951873106,-0.9026437344371007,1.0,0.0,0.0,1.0,0.0,0.0,0.0
-0.4328753868957137,-0.3721484507737689,0.7975122331966951,0.5313084226506505,-0.9550893190352352,-0.3712576386255345,-1.4099999739810856,1.0,0.0,0.0,0.0,0.0,0.0,1.0
0.6454818471760826,-1.2481926029379093,1.5411629831910536,0.6339739372343927,-1.061770679485322,1.1994888831771242,-0.09651975568715249,1.0,0.0,0.0,0.0,1.0,0.0,0.0
1.1846604642119807,-0.19340896380828929,-1.3607138415114477,-1.4486693586072266,0.12553913789801724,-0.43337755756688284,-0.664256876907933,0.0,1.0,0.0,0.0,0.0,0.0,1.0
0.3758925386581335,0.038290371146961696,0.6182575758289091,0.2819778872329919,0.16544871159157457,0.010336149157032147,-0.8900970577250393,1.0,0.0,0.0,0.0,1.0,0.0,0.0
-1.51123262096751,-0.5067547310811056,-0.14075785908268726,-1.6393338856913182,0.4409782684374823,-0.9924568280390156,0.7535175915550107,1.0,0.0,0.0,0.0,1.0,0.0,0.0
0.10630323014018443,-1.2614325649353522,-1.153802751292632,-1.6246673836079268,-1.5498954654296038,0.6492838868394702,-0.290993244724105,1.0,0.0,0.0,0.0,0.0,1.0,0.0
-0.16328607837776465,0.06035697447603316,-0.8260228063915375,-1.8446649148588028,0.18233353123115656,-0.45112610583583906,0.6751008621046267,1.0,0.0,0.0,0.0,1.0,0.0,0.0
0.3758925386581335,0.25895640443767715,-0.22577578229140843,-1.8446649148588028,0.15777379357358315,1.731945331245822,0.4774907038896589,1.0,0.0,0.0,0.0,0.0,1.0,0.0
-1.241643312449561,-1.851714203988016,0.04925207772716631,-1.463335860690618,-0.4700345002981508,-0.6641086850633184,2.258334629707881,1.0,0.0,0.0,1.0,0.0,0.0,0.0
0.10630323014018443,-0.15810239848177515,-0.6795461435138617,-0.3193486981860674,0.427930907806896,0.6847809833773827,0.3018372299207984,0.0,1.0,0.0,0.0,1.0,0.0,0.0
0.10630323014018443,-0.5398546360747125,-1.926134246465835,-0.8620092752715599,-2.0788891898196917,1.341477269328777,-0.10592976322119865,1.0,0.0,0.0,0.0,1.0,0.0,0.0
-0.4328753868957137,0.9231611646427306,1.235917909501909,-0.08468466485180025,-0.9666016960622235,-1.1344452141906685,1.258521329215484,1.0,0.0,0.0,1.0,0.0,0.0,0.0
0.9150711556940316,0.30529627142872756,1.3045468354655758,-0.18735017943554247,0.2207081213211158,-0.2381435266083597,-1.3605974344273437,1.0,0.0,0.0,0.0,1.0,0.0,0.0
0.3758925386581335,-0.6016411253961131,-0.5125832340798657,-0.5540127315203346,0.44404823564467844,-1.0013311021734936,-0.2219865228077671,1.0,0.0,0.0,0.0,0.0,1.0,0.0
0.3758925386581335,-0.398628374768655,-1.5061661920613085,-0.11401766901858298,-1.151567220295827,0.8267693695290357,-0.498013410473119,0.0,1.0,0.0,0.0,1.0,0.0,0.0
1.1846604642119807,-0.7671406503641497,-1.7622442740152884,0.9566369830690094,0.15777379357358315,-1.5337875502421923,1.3338013894878529,1.0,0.0,0.0,0.0,0.0,0.0,1.0
0.9150711556940316,1.5983992265123195,0.9972531371207998,1.8366271080725112,1.0994862343811829,-0.6463601367943622,-1.0971172234740532,0.0,1.0,0.0,0.0,1.0,0.0,0.0
0.10630323014018443,-0.01908279750862427,1.0249095699718291,1.176634514319885,-0.20678481228102977,0.45404985588094715,1.6035549387971744,0.0,1.0,0.0,0.0,0.0,1.0,0.0
0.10630323014018443,-0.2044422654728252,0.1900950228018553,-1.8446649148588028,0.9129857265439805,0.19669590598107642,-0.1623898084254751,1.0,0.0,0.0,0.0,0.0,1.0,0.0
1.7238390812478788,-0.01908279750862427,-0.2288487192748563,-1.6246673836079268,-1.0932378433590884,-1.205439407266495,1.4969081867446514,0.0,1.0,1.0,0.0,0.0,0.0,0.0
-1.51123262096751,-0.7781739520286852,0.7196644962826861,0.9566369830690094,-0.02719173066002129,-1.8355128708144544,-0.4635100495149499,1.0,0.0,0.0,0.0,0.0,0.0,1.0
-0.16328607837776465,-0.26402209446131825,0.00571880379499,0.29664438931638326,0.3987662193385273,-0.025160947380881083,-0.3254966056822741,1.0,0.0,0.0,0.0,0.0,1.0,0.0
-0.4328753868957137,-1.851714203988016,-1.926134246465835,-1.8446649148588028,-2.0788891898196917,1.3947229141356474,-0.43841669609082695,1.0,0.0,0.0,0.0,0.0,1.0,0.0
1.4542497727299297,-0.22650886880189666,-1.4119294579022437,-0.15801717526875841,-0.36949307426245737,-0.07840659218775053,-1.2006273063485602,1.0,0.0,1.0,0.0,0.0,0.0,0.0
-0.16328607837776465,-0.6612209543846062,0.9316971481405809,-0.040685158601624825,-1.0794229909267037,0.019210423291510258,0.48376404224568953,1.0,0.0,0.0,0.0,0.0,0.0,1.0
1.7238390812478788,-1.851714203988016,-0.08237205639717907,-1.8446649148588028,-0.7417265981350617,0.2854386473258599,0.3520239367690443,0.0,1.0,0.0,0.0,1.0,0.0,0.0
0.6454818471760826,-0.04997604216932456,-1.1404866910310256,-0.5100132252701591,-1.4501215311957099,-1.8355128708144544,-1.1849439604584835,0.0,1.0,0.0,0.0,0.0,0.0,1.0
0.10630323014018443,-0.33904854578016147,-1.3904188990181099,-1.4046698523570524,-1.6512043832670966,0.587163967898122,-0.8399103508767934,1.0,0.0,0.0,0.0,0.0,0.0,1.0
-0.16328607837776465,0.9783276729654093,0.9921315754817205,1.8366271080725112,0.5330772846533847,-0.7883485229460143,0.4806273730676742,1.0,0.0,0.0,0.0,0.0,0.0,1.0
1.7238390812478788,-0.31256862178527584,-0.1171986755429207,1.8366271080725112,1.0994862343811829,-0.025160947380881083,-0.9371470953952697,0.0,1.0,1.0,0.0,0.0,0.0,0.0
1.7238390812478788,0.5612688700459575,-0.045496812595806,-1.067340304439043,-0.40326271354162135,-1.1610680365941028,0.703330884706765,1.0,0.0,0.0,0.0,0.0,0.0,1.0
-0.4328753868957137,1.0974873309423956,0.3304258117126368,1.1326350080697098,1.0994862343811829,0.8622664660669489,2.258334629707881,1.0,0.0,0.0,0.0,0.0,1.0,0.0
0.10630323014018443,-1.7601378001723689,-1.7366364658198905,-0.6713447481874681,-2.0211354317343035,-0.5753659437185358,-0.3568632974624276,1.0,0.0,0.0,0.0,0.0,1.0,0.0
-0.16328607837776465,1.1129339532727456,0.7145429346436069,0.4433094101503009,0.6121289402387009,0.14345026117420695,-0.4290066885567808,1.0,0.0,0.0,0.0,0.0,0.0,1.0
-0.4328753868957137,-0.01908279750862427,-0.39683594103666725,-0.3193486981860674,1.0994862343811829,1.5899569450941688,-1.4099999739810856,1.0,0.0,1.0,0.0,0.0,0.0,0.0
1.4542497727299297,0.87682129765168,1.0095448850545914,0.6193074351510013,1.0994862343811829,-0.0340352215153592,0.973084434016086,1.0,0.0,0.0,0.0,1.0,0.0,0.0
0.3758925386581335,-0.26843541512713287,-0.4111763136260902,-0.18735017943554247,-1.1569396629084217,-0.07840659218775053,-1.1159372385421453,0.0,1.0,0.0,0.0,0.0,0.0,1.0
0.10630323014018443,1.459379625539169,1.5411629831910536,1.8366271080725112,1.0994862343811829,-1.8355128708144544,-0.6172068392377027,1.0,0.0,0.0,0.0,0.0,0.0,1.0
-0.16328607837776465,-1.0319398903130081,-0.047545437251438886,0.4579759122336923,-1.682671547140863,1.7940652501871701,0.8350709901834101,0.0,1.0,0.0,1.0,0.0,0.0,0.0
1.7238390812478788,-1.8417842324899336,0.33349874869608326,0.8539714684852672,-0.17915510741625915,0.888889288470384,-0.2533532145879206,1.0,0.0,0.0,0.0,0.0,1.0,0.0
0.10630323014018443,0.8900612596491235,-0.27801571101002087,1.176634514319885,1.0994862343811829,-0.318011993818665,-1.3731441111394052,0.0,1.0,0.0,0.0,0.0,0.0,1.0
0.10630323014018443,1.8676117871269928,0.30174506653379096,0.6339739372343927,1.0994862343811829,-0.0429094956498373,1.3777147579800681,1.0,0.0,1.0,0.0,0.0,0.0,0.0
1.4542497727299297,1.0511474639513458,1.0832953726573373,0.9126374768188339,1.0994862343811829,1.0131291263530806,0.11363707923987679,1.0,0.0,0.0,0.0,0.0,1.0,0.0
-1.51123262096751,1.4020064568835835,0.7913663592298008,1.4406315518209352,0.8185842349226815,0.19669590598107642,-0.4635100495149499,0.0,1.0,0.0,1.0,0.0,0.0,0.0
0.9150711556940316,-1.0275265696471938,-1.2951578525312286,-1.8446649148588028,-1.7647931699333759,-0.6996057816012317,-0.1623898084254751,1.0,0.0,0.0,0.0,0.0,0.0,1.0
-0.16328607837776465,-0.7671406503641497,-1.1497055019813678,-1.0380073002722603,-0.7524714833602504,1.1196204159668197,1.8231217812582494,1.0,0.0,0.0,0.0,0.0,0.0,1.0
-0.4328753868957137,0.32074289375907733,0.04925207772716631,1.8366271080725112,1.0994862343811829,0.21444445425003342,-0.04319637966089134,1.0,0.0,0.0,0.0,0.0,0.0,1.0
1.7238390812478788,1.3909731552190474,-1.0001559021202442,-0.24601618776910925,1.0994862343811829,0.3120614697292942,0.2673338689626296,1.0,0.0,1.0,0.0,0.0,0.0,0.0
-1.241643312449561,1.8676117871269928,1.5411629831910536,1.8366271080725112,1.0994862343811829,1.2793573503874287,-1.3762807803174204,0.0,1.0,1.0,0.0,0.0,0.0,0.0
0.10630323014018443,-0.8774736670095075,-0.5904309709938762,0.41397640598351687,0.24373287537509114,0.37418138867064255,-0.8806870501909931,1.0,0.0,0.0,0.0,0.0,1.0,0.0
-0.4328753868957137,-1.851714203988016,-0.45624605604999047,-0.3193486981860674,-0.8123358439005869,-1.8355128708144544,-1.2727706974429136,1.0,0.0,0.0,0.0,0.0,0.0,1.0
-0.4328753868957137,-0.2066489258057323,-0.05983718518522894,1.3379660372371929,0.07641966258286935,-0.9924568280390156,-0.24394320705387446,1.0,0.0,0.0,0.0,0.0,0.0,1.0
-0.16328607837776465,0.2126165374466271,1.5411629831910536,0.047313853898724716,0.06030233474508586,0.3386842921327293,0.035220349789492726,1.0,0.0,0.0,0.0,0.0,1.0,0.0
-0.9720540039316119,-0.7539006883667067,1.0105691973824062,1.103302003902927,-0.5498536476852655,0.39192993693959954,-1.2759073666209289,1.0,0.0,0.0,0.0,0.0,0.0,1.0
-0.9720540039316119,1.6844589794956986,1.5411629831910536,0.3846434018167341,1.0994862343811829,1.3592258175977334,1.1644212538750234,1.0,0.0,0.0,0.0,1.0,0.0,0.0
-0.4328753868957137,-0.9326401753321861,-0.916162291239338,0.8686379705686599,0.15777379357358315,-0.7528514264081011,-1.4099999739810856,0.0,1.0,0.0,1.0,0.0,0.0,0.0
0.9150711556940316,-0.9745667216574221,-0.2513835904868064,0.19397887473264236,-2.0788891898196917,0.6670324351084265,2.258334629707881,0.0,1.0,0.0,1.0,0.0,0.0,0.0
-1.51123262096751,1.8676117871269928,0.37242261715308916,0.23797838098281646,1.0994862343811829,-1.8355128708144544,-0.8085436590966398,1.0,0.0,1.0,0.0,0.0,0.0,0.0
0.6454818471760826,-1.851714203988016,-1.926134246465835,-0.9206752836051267,-1.9175240384914138,0.8445179177979927,-0.8085436590966398,0.0,1.0,0.0,0.0,0.0,0.0,1.0
1.4542497727299297,-0.01908279750862427,-0.122320237182,0.8686379705686599,-2.040322726779283,-0.1582750593980551,-0.6673935460859486,0.0,1.0,1.0,0.0,0.0,0.0,0.0
0.9150711556940316,1.5366127371909197,1.3608840134954512,-0.6860112502708595,1.0994862343811829,0.09020461636733672,2.027005277829248,1.0,0.0,0.0,0.0,0.0,1.0,0.0
0.3758925386581335,1.0952806706094889,1.162167421899163,0.003314347648550597,1.0994862343811829,0.46292413001542526,0.781747614157149,1.0,0.0,0.0,0.0,1.0,0.0,0.0
0.3758925386581335,-0.6523943130529773,-0.8209012447524582,0.7513059539015262,0.598314087806315,0.8533921919324707,-0.6297535159497643,0.0,1.0,0.0,0.0,0.0,1.0,0.0
1.993428389765828,1.8676117871269928,1.2707445286476506,1.3526325393205856,1.0994862343811829,-0.22039497833940347,0.5621807716960738,1.0,0.0,0.0,1.0,0.0,0.0,0.0
-0.16328607837776465,0.37811606241466367,0.33554737335171614,1.8366271080725112,1.0994862343811829,0.44517558174646904,0.8727110203195948,0.0,1.0,0.0,0.0,0.0,0.0,1.0
0.3758925386581335,1.8676117871269928,-0.7082268886927061,0.2673113851496005,-1.2183390070523563,1.7940652501871701,-0.2282598611637977,1.0,0.0,1.0,0.0,0.0,0.0,0.0
-0.4328753868957137,-0.28608869779039015,0.3416932473186119,0.36997689973334275,1.0994862343811829,-1.4095477123594955,-0.05260638719493751,1.0,0.0,1.0,0.0,0.0,0.0,0.0
0.10630323014018443,1.7550721101487277,0.9460375207300038,0.47264241431708365,0.3128071375370182,0.48067267828438226,-0.8995070652590853,0.0,1.0,0.0,0.0,1.0,0.0,0.0
0.9150711556940316,-0.727420764371821,-0.08032343174154763,0.36997689973334275,1.0994862343811829,-1.8355128708144544,-0.645436861839841,1.0,0.0,0.0,0.0,0.0,1.0,0.0
0.10630323014018443,0.10228352080126937,0.9654994549585061,0.23797838098281646,1.0994862343811829,-1.8355128708144544,-0.9214637495051928,1.0,0.0,0.0,0.0,0.0,0.0,1.0
-0.7024646954136627,0.7598683000076011,-0.3609850095631092,0.07664685806550876,1.0994862343811829,-1.8355128708144544,0.2641971997846143,1.0,0.0,1.0,0.0,0.0,0.0,0.0
-0.16328607837776465,-0.8907136290069501,-1.0319095842825379,-1.5660013752743602,-0.52682889363129,0.5960382420326,-0.6517102001958718,1.0,0.0,0.0,1.0,0.0,0.0,0.0
-0.7024646954136627,0.038290371146961696,-1.926134246465835,0.7659724559849176,0.5944766287973193,1.5544598485562564,2.258334629707881,0.0,1.0,0.0,0.0,0.0,0.0,1.0
0.6454818471760826,0.06256363480894027,0.2167271433250683,1.8366271080725112,0.0910020068170537,-0.2558920748773167,2.258334629707881,0.0,1.0,0.0,0.0,0.0,1.0,0.0
-0.9720540039316119,-0.21106224647154653,0.7698558003456657,-0.5980122377705087,0.3949287603295305,0.294312921460338,-0.23139653034181298,1.0,0.0,1.0,0.0,0.0,0.0,0.0
-0.9720540039316119,0.455349174066414,0.22594595427541192,-1.2726713336065263,1.0994862343811829,-0.33576054208762124,0.9950411182621935,1.0,0.0,1.0,0.0,0.0,0.0,0.0
0.6454818471760826,-1.0782797573040583,-1.3258872223657059,0.7953054601517003,-0.7923810570538088,-1.8355128708144544,-1.4099999739810856,1.0,0.0,0.0,0.0,0.0,0.0,1.0
-1.241643312449561,-1.2702592062669809,-1.0749307020508068,0.003314347648550597,-1.3196479248898483,-1.6846502105283232,-0.04946971801692193,1.0,0.0,0.0,0.0,0.0,1.0,0.0
1.7238390812478788,-0.5707478807354128,-0.022961941383855877,-0.7153442544376423,-0.19066748444324735,0.09020461636733672,1.1769679305870846,0.0,1.0,1.0,0.0,0.0,0.0,0.0
0.6454818471760826,-0.03673608017188152,-0.5361424176196323,-0.18735017943554247,-1.4593314328173004,-0.5132460247771874,1.6913816757816043,1.0,0.0,0.0,1.0,0.0,0.0,0.0
0.3758925386581335,1.6778389984969777,1.5411629831910536,0.3259773934831673,1.0994862343811829,-0.6907315074667536,2.258334629707881,1.0,0.0,0.0,0.0,1.0,0.0,0.0
0.10630323014018443,-1.2945324699289595,0.37139830482527275,0.10597986223229151,0.8569588250126408,0.44517558174646904,0.010126996365369801,1.0,0.0,0.0,0.0,0.0,0.0,1.0
-0.16328607837776465,0.186136613451741,0.5229965293420293,-1.0966733086058258,0.33429690798739553,-0.7972227970804933,-0.7897236440285477,1.0,0.0,0.0,0.0,0.0,0.0,1.0
-1.241643312449561,-0.5155813724127339,-1.2050183676834283,-0.7446772586044264,-0.22366963192061176,-0.09615514045670755,-1.053203854981838,1.0,0.0,0.0,0.0,0.0,0.0,1.0
-0.16328607837776465,-1.4556186742311816,-0.852654926914752,-1.4046698523570524,-0.9750441058820145,-0.05178376978431541,-0.1623898084254751,1.0,0.0,0.0,0.0,0.0,0.0,1.0
1.1846604642119807,-0.5464746170734343,-1.926134246465835,-1.8446649148588028,-0.549086155883467,0.12570171290524995,0.09795373334980004,1.0,0.0,0.0,0.0,1.0,0.0,0.0
0.10630323014018443,-0.9988399853194009,-0.35586344792402985,0.9713034851524007,-0.4669645330909536,-1.3917991640905392,-0.5231067638972419,1.0,0.0,0.0,1.0,0.0,0.0,0.0
0.3758925386581335,1.121760594604375,1.5411629831910536,-0.6566782461040755,1.0994862343811829,0.8090208212600795,-0.6203435084157181,1.0,0.0,0.0,0.0,0.0,1.0,0.0
-0.9720540039316119,1.0357008416209958,1.1969940410449045,0.047313853898724716,1.0994862343811829,0.9510092074117323,0.5810007867641657,1.0,0.0,0.0,0.0,1.0,0.0,0.0
-0.4328753868957137,-0.31918860278399713,0.4963644088188149,0.3846434018167341,-0.06019387813738568,-0.3712576386255345,-0.20002983856165948,1.0,0.0,0.0,0.0,0.0,0.0,1.0
1.993428389765828,0.8569613546555161,-0.7860746256067166,1.367299041403977,-0.4278224511991958,-1.8355128708144544,-1.4099999739810856,1.0,0.0,0.0,0.0,1.0,0.0,0.0
0.9150711556940316,-0.01908279750862427,-1.3832487127233977,-1.1406728148560012,-1.707231284798437,-1.1166966659217115,-0.6987602378661021,1.0,0.0,0.0,0.0,0.0,0.0,1.0
-0.4328753868957137,1.503512832197312,-0.8833842967492292,0.5166419205672591,1.0994862343811829,-0.6907315074667536,-0.9246004186832083,0.0,1.0,0.0,0.0,0.0,0.0,1.0
0.9150711556940316,-1.4975452205564177,0.8077553564748552,-1.067340304439043,-0.754773958765648,-1.8355128708144544,-0.23766986869784387,1.0,0.0,1.0,0.0,0.0,0.0,0.0
0.3758925386581335,0.8238614496619088,0.009816053106252864,1.2206340205700592,1.0994862343811829,0.48954695241886037,0.16696045526613792,0.0,1.0,0.0,0.0,0.0,0.0,1.0
0.3758925386581335,-0.3721484507737689,0.04925207772716631,1.8366271080725112,0.18770597384375143,1.1817403349081679,-0.9371470953952697,0.0,1.0,0.0,0.0,0.0,0.0,1.0
0.3758925386581335,-0.05218270250223166,-1.1005385102462049,0.07664685806550876,0.3465767768161822,1.0575004970254713,-0.6705302152639638,1.0,0.0,0.0,0.0,1.0,0.0,0.0
0.3758925386581335,1.3975931362177691,1.4971175530949683,1.0446359955693603,1.0994862343811829,-1.3030564227457557,0.47121736553362803,1.0,0.0,0.0,0.0,0.0,1.0,0.0
-1.241643312449561,0.640708642030615,1.1017329945580232,0.09131336014890014,1.0994862343811829,-0.5221202989116656,-0.7458102755363325,1.0,0.0,1.0,0.0,0.0,0.0,0.0
-0.4328753868957137,0.6120220577028217,1.5411629831910536,0.7659724559849176,0.46400302249145764,-1.1344452141906685,1.5502315627709127,1.0,0.0,0.0,0.0,0.0,0.0,1.0
0.3758925386581335,-0.1360357951527033,-0.39683594103666725,-0.4806802211033751,1.0994862343811829,0.8977635626048621,-1.2414040056627598,1.0,0.0,0.0,0.0,1.0,0.0,0.0
-0.16328607837776465,-1.851714203988016,-1.9097452492207807,-1.8446649148588028,-1.7717005961495682,-1.8355128708144544,0.041493688145523594,1.0,0.0,0.0,1.0,0.0,0.0,0.0
-0.4328753868957137,-0.01908279750862427,-0.5883823463382447,-0.8913422794383427,-0.9213196797560713,0.276564373191381,-0.17807315431555185,1.0,0.0,0.0,0.0,0.0,1.0,0.0
0.3758925386581335,-1.6542181041928257,-1.14663256499792,0.7366394518181348,-1.6036198915555469,0.10795316463629373,1.3432113970218993,0.0,1.0,0.0,1.0,0.0,0.0,0.0
-1.51123262096751,-0.3787684317724906,1.0453958165281478,0.07664685806550876,0.45325813726626896,0.7646494505876881,-0.2596265529439515,1.0,0.0,0.0,0.0,0.0,0.0,1.0
0.9150711556940316,0.7620749603405081,-0.3906900670697715,-0.12868417110197566,1.0994862343811829,0.16119880944316317,-1.2194473214166524,1.0,0.0,0.0,0.0,0.0,1.0,0.0
-0.16328607837776465,0.01843042815079734,-1.8308731999789551,-0.02601865651823345,-1.9743184318245532,-1.8355128708144544,2.258334629707881,0.0,1.0,0.0,0.0,1.0,0.0,0.0
0.9150711556940316,1.1195539342714673,-0.2063138480629062,0.5606414268174345,0.5860342189775283,-0.6286115885254052,-0.3035399214361665,1.0,0.0,1.0,0.0,0.0,0.0,0.0
0.10630323014018443,0.6693952263584076,1.0945628082633125,1.0153029914025762,1.0127596607778755,-0.12277796286014188,-0.5889768166355646,1.0,0.0,0.0,0.0,1.0,0.0,0.0
-0.9720540039316119,-0.01908279750862427,0.6233791374679899,0.25264488306620914,-0.16687523858747244,0.8267693695290357,-1.0155638248456538,1.0,0.0,0.0,0.0,1.0,0.0,0.0
0.10630323014018443,0.6914618296874796,0.26589413506023285,0.9713034851524007,1.0994862343811829,1.1462432383702539,-1.4099999739810856,1.0,0.0,0.0,0.0,0.0,1.0,0.0
-0.4328753868957137,1.8676117871269928,0.938867334435293,0.003314347648550597,1.0994862343811829,0.9332606591427761,-0.9340104262172543,1.0,0.0,0.0,0.0,0.0,1.0,0.0
-0.4328753868957137,-0.5222013534114553,-1.5491873098295772,0.8833044726520513,-0.6588374835407499,1.5810826709596908,2.111695345635663,1.0,0.0,0.0,0.0,1.0,0.0,0.0
0.6454818471760826,0.6120220577028217,-0.045496812595806,0.003314347648550597,1.0089222017688786,-1.8355128708144544,1.3839880963360986,1.0,0.0,0.0,0.0,0.0,1.0,0.0
0.9150711556940316,0.5811288130421218,1.5411629831910536,1.1179685059863185,1.0994862343811829,1.0663747711599494,-1.3229574042911594,1.0,0.0,0.0,0.0,1.0,0.0,0.0
-1.51123262096751,0.7245617346810865,1.4612666216214116,0.3993099039001255,1.0994862343811829,0.569415419629165,-0.783450305672517,0.0,1.0,0.0,0.0,1.0,0.0,0.0
1.993428389765828,0.7201484140152723,1.0105691973824062,0.03264735181533334,1.0994862343811829,0.21444445425003342,0.19205380869026087,1.0,0.0,0.0,0.0,0.0,1.0,0.0
-0.9720540039316119,-1.851714203988016,-0.863922362520727,0.2233118788994251,-1.6166672521861332,1.1196204159668197,1.1236445545608236,1.0,0.0,1.0,0.0,0.0,0.0,0.0
0.10630323014018443,-0.2772620564587613,-1.926134246465835,-0.9793412919386936,0.6589459401484511,1.5633341226907347,2.258334629707881,1.0,0.0,0.0,1.0,0.0,0.0,0.0
1.7238390812478788,-0.07424930583130313,-1.1497055019813678,0.36997689973334275,0.37650895708635046,-1.8355128708144544,-0.6109335008816719,1.0,0.0,0.0,0.0,0.0,0.0,1.0
0.9150711556940316,-1.851714203988016,-1.7571227123762092,-0.8033432669379932,-2.0788891898196917,0.294312921460338,-0.1623898084254751,1.0,0.0,0.0,0.0,1.0,0.0,0.0
-0.4328753868957137,-0.01908279750862427,0.2597482610933371,0.7073064476513509,-1.9942732186713323,0.3209357438637731,0.8633010127855484,0.0,1.0,0.0,0.0,0.0,0.0,1.0
-1.241643312449561,0.5259623047194429,0.12351472149381992,-0.7886767648546005,0.9705476116789193,-1.8355128708144544,-1.034383839913746,0.0,1.0,1.0,0.0,0.0,0.0,0.0
-0.7024646954136627,0.33618951608942743,0.3099395651563181,-1.199338823189568,1.0994862343811829,1.7940652501871701,-1.137893922788253,1.0,0.0,0.0,0.0,0.0,0.0,1.0
-1.51123262096751,1.8676117871269928,1.5411629831910536,0.8393049664018758,1.0994862343811829,-1.498290453704279,-0.1623898084254751,0.0,1.0,0.0,0.0,1.0,0.0,0.0
0.3758925386581335,0.27660968710093436,-0.7123241380039704,-1.0380073002722603,0.32508700636580495,0.3031871955948161,1.5439582244148822,0.0,1.0,0.0,0.0,1.0,0.0,0.0
-1.241643312449561,-0.6854942180465847,-1.926134246465835,0.14997936848246693,-0.737889139126066,-1.5515360985111484,0.2641971997846143,1.0,0.0,0.0,0.0,0.0,1.0,0.0
-0.4328753868957137,0.9297811456414522,0.595722704616959,-0.45134721693659235,1.0994862343811829,0.5250440489567736,1.5815982545510667,1.0,0.0,0.0,0.0,0.0,1.0,0.0
1.4542497727299297,0.8371014116593518,-1.327935847021339,-1.8446649148588028,-0.08859107480395588,1.0929975935633853,-0.36940997417448906,1.0,0.0,1.0,0.0,0.0,0.0,0.0
0.3758925386581335,0.6362953213648007,-0.7696856283616622,-0.9353417856885181,1.0994862343811829,-1.338553519283669,1.289888020995638,1.0,0.0,0.0,0.0,0.0,0.0,1.0
-1.241643312449561,0.2126165374466271,0.36832536784182485,0.34064389556655866,0.8147467759136858,-1.8355128708144544,-0.08710974815310632,0.0,1.0,0.0,1.0,0.0,0.0,0.0
-0.7024646954136627,-0.6347410303897202,-1.0339582089381694,-1.7713324044418446,-0.6964445818289106,-0.13165223699462078,-0.9496937721073312,1.0,0.0,0.0,0.0,1.0,0.0,0.0
-0.9720540039316119,0.5347889460510714,-0.9305026638287609,-0.3926812086030256,-0.0632638453445829,-0.3978804610289696,-0.3004032522581512,1.0,0.0,0.0,0.0,0.0,0.0,1.0
-0.16328607837776465,-0.5001347500823838,0.8169741674251988,0.8979709747354425,-0.9044348601164893,0.8090208212600795,-0.1623898084254751,1.0,0.0,1.0,0.0,0.0,0.0,0.0
-1.51123262096751,-0.3081553011194616,-1.849310821879641,-1.067340304439043,0.5223323994281961,-1.7112730329317576,2.258334629707881,1.0,0.0,1.0,0.0,0.0,0.0,0.0
-1.51123262096751,0.4156292880740853,1.3455193285782132,0.9859699872357934,1.0994862343811829,1.0575004970254713,-0.3035399214361665,0.0,1.0,0.0,0.0,0.0,1.0,0.0
-0.16328607837776465,-1.2790858475986093,0.04925207772716631,1.4992975601545018,0.15316884276278786,-1.8355128708144544,-1.338640750181236,0.0,1.0,0.0,0.0,1.0,0.0,0.0
1.7238390812478788,-0.9635334199928863,0.12966059546071568,-0.4953467231867678,1.0994862343811829,1.7940652501871701,1.0169978025083013,1.0,0.0,0.0,0.0,0.0,0.0,1.0
-0.4328753868957137,-1.716004593514226,-1.8697970684359597,-1.6393338856913182,-0.37870297588404794,0.5250440489567736,0.33634059087896756,0.0,1.0,1.0,0.0,0.0,0.0,0.0
-0.4328753868957137,0.7797282430037654,-0.5535557271925031,-0.5393462294369419,-0.12389569768671792,0.11682743877077184,-1.2225839905946676,0.0,1.0,0.0,1.0,0.0,0.0,0.0
-1.51123262096751,-0.9370534959980005,1.5411629831910536,-1.492668864857402,-0.5467836804780692,1.6609511381699953,0.32379391416690606,1.0,0.0,0.0,0.0,0.0,1.0,0.0
-0.16328607837776465,0.991567634962852,0.025180738023492247,0.9713034851524007,0.411046088167314,0.9066378367393402,-0.6234801775937333,0.0,1.0,0.0,1.0,0.0,0.0,0.0
0.10630323014018443,0.629675340366079,-0.036278001645463825,-0.11401766901858298,0.3749739734827524,-1.2231879555354512,-0.664256876907933,1.0,0.0,0.0,1.0,0.0,0.0,0.0
-1.51123262096751,-0.8730603463436928,0.04925207772716631,-1.8446649148588028,0.10097940024044276,0.34755856626720744,1.8293951196142801,1.0,0.0,0.0,1.0,0.0,0.0,0.0
-0.16328607837776465,-1.0407665316446366,-0.28621020963254806,-0.3340152002694588,-0.3364909267850919,-0.5309945730461436,-0.6924868995100715,1.0,0.0,0.0,0.0,1.0,0.0,0.0
-1.51123262096751,0.6671885660255006,-0.7174456996430497,1.073968999736143,0.275967531050657,-1.8355128708144544,-0.2251231919857824,1.0,0.0,0.0,0.0,0.0,0.0,1.0
-0.9720540039316119,-1.851714203988016,-1.926134246465835,-1.5220018690241848,-2.0788891898196917,-0.42450328343240473,0.16068711691010734,1.0,0.0,0.0,0.0,0.0,1.0,0.0
1.993428389765828,-1.851714203988016,-1.2726229813192786,1.103302003902927,-1.6481344160598994,0.019210423291510258,0.5339507490939356,0.0,1.0,0.0,1.0,0.0,0.0,0.0
-1.51123262096751,-0.6634276147175133,0.15834134063956157,0.809971962235093,0.08179210519546312,0.1878216318465983,-0.7269902604682403,1.0,0.0,0.0,0.0,0.0,1.0,0.0
-0.16328607837776465,0.5480289080485145,0.04925207772716631,-1.1846723211061767,1.0495992672642356,-0.7262286040046668,-0.2219865228077671,0.0,1.0,0.0,1.0,0.0,0.0,0.0
0.3758925386581335,-0.01908279750862427,-0.08544499338062694,-1.3460038440234856,-0.24899686137998472,1.7940652501871701,-0.5952501549915951,1.0,0.0,0.0,0.0,1.0,0.0,0.0
0.6454818471760826,0.6009887560382862,0.44002723078893957,0.8393049664018758,-1.0986102859716833,1.7940652501871701,-0.49174007211708815,1.0,0.0,0.0,0.0,0.0,1.0,0.0
1.4542497727299297,0.656155264360965,0.7698558003456657,-0.5980122377705087,-0.4700345002981508,-0.6641086850633184,0.7346975764869185,1.0,0.0,0.0,0.0,0.0,0.0,1.0
0.9150711556940316,1.4086264378823043,1.5411629831910536,1.4259650497375438,1.0994862343811829,0.14345026117420695,1.622374953865266,1.0,0.0,0.0,0.0,0.0,1.0,0.0
0.9150711556940316,-0.29491533912201856,0.2413106391926513,0.1646458705658583,0.15777379357358315,-0.06065804391879431,-0.601523493347626,1.0,0.0,0.0,0.0,0.0,0.0,1.0
-0.7024646954136627,-0.5332346550759912,-0.09363949200315412,0.41397640598351687,0.7832796120399184,-0.21152070420492536,0.8570276744295178,1.0,0.0,0.0,1.0,0.0,0.0,0.0
-1.51123262096751,-1.329839035255474,-0.3169395794670254,0.003314347648550597,-1.151567220295827,1.1994888831771242,-0.20002983856165948,0.0,1.0,0.0,0.0,0.0,1.0,0.0
0.6454818471760826,0.06918361580766198,0.5342639649480043,1.8366271080725112,0.21533567870852202,0.6492838868394702,-0.45410004198090376,0.0,1.0,0.0,0.0,0.0,1.0,0.0
0.9150711556940316,-0.9392601563309076,-1.926134246465835,-1.8446649148588028,-2.021902923536103,1.2172374314460803,-0.011829687880737827,1.0,0.0,0.0,0.0,0.0,1.0,0.0
0.10630323014018443,-0.5928144840644843,-0.89055448304394,-1.4340028565238352,-1.4278642689435341,1.7940652501871701,-0.021239695414783714,1.0,0.0,0.0,0.0,0.0,1.0,0.0
-1.241643312449561,-1.1466862276241803,1.004423323415512,0.47264241431708365,-0.19834240246123877,0.019210423291510258,0.6249141552563808,1.0,0.0,0.0,0.0,0.0,1.0,0.0
-0.7024646954136627,0.18834327378464813,-0.4593189930334383,0.34064389556655866,0.15777379357358315,0.4185527593430339,-0.3004032522581512,1.0,0.0,0.0,0.0,0.0,1.0,0.0
-0.16328607837776465,1.1835470839257747,1.3311789559887903,0.5753079289008258,1.0994862343811829,-0.32688626795314313,-0.10906643239921394,0.0,1.0,1.0,0.0,0.0,0.0,0.0
-1.51123262096751,0.455349174066414,0.5014859704578941,0.7953054601517003,-0.45238218885676923,-0.5576173954495788,0.8664376819635636,0.0,1.0,0.0,1.0,0.0,0.0,0.0
-0.4328753868957137,-0.11176253149072474,-0.850606302259119,0.003314347648550597,-0.8614553192157347,-1.8355128708144544,-0.3129499289702126,1.0,0.0,0.0,0.0,0.0,0.0,1.0
1.1846604642119807,-0.9260201943334647,0.9859857015148248,0.003314347648550597,0.9544302838411369,-1.0989481176527554,-0.03064970294882988,0.0,1.0,0.0,0.0,0.0,1.0,0.0
1.4542497727299297,-1.2062660566126733,-0.04959406190707032,-0.4953467231867678,-0.04407655029960327,0.6581581609739484,-0.8650037043009164,1.0,0.0,1.0,0.0,0.0,0.0,0.0
-0.7024646954136627,1.5608860008528982,1.5411629831910536,-0.3193486981860674,0.7034604646528038,-1.631404565721453,-0.5482001173213649,1.0,0.0,0.0,0.0,0.0,1.0,0.0
-0.7024646954136627,-1.851714203988016,0.04925207772716631,-1.82999841277541,-1.960503579392168,-1.4894161795698,1.3808514271580834,1.0,0.0,0.0,0.0,0.0,0.0,1.0
1.4542497727299297,1.8676117871269928,1.5411629831910536,0.07664685806550876,1.0994862343811829,-0.08728086632222865,-1.0375205090917612,1.0,0.0,0.0,0.0,1.0,0.0,0.0
-0.7024646954136627,0.26778304576930595,-0.41322493828172163,-0.1726836773521498,0.8723086610486247,-1.010205376307972,-0.9246004186832083,0.0,1.0,0.0,0.0,1.0,0.0,0.0
1.1846604642119807,1.8676117871269928,-0.05573993587396607,1.8366271080725112,1.0994862343811829,1.323728721059821,-0.1623898084254751,0.0,1.0,0.0,0.0,0.0,0.0,1.0
-0.7024646954136627,-0.15589573814886767,-0.04959406190707032,-0.6126787398539014,-0.46005710687476065,-1.631404565721453,-0.05574305637295281,1.0,0.0,0.0,1.0,0.0,0.0,0.0
1.1846604642119807,1.0710074069475102,-0.5013157984738907,0.5606414268174345,1.0994862343811829,0.0014618750225540366,-0.12161310911127542,1.0,0.0,1.0,0.0,0.0,0.0,0.0
-1.51123262096751,0.09787020013545476,1.5411629831910536,-0.5833457356871173,0.7372301039319676,-0.8859655384252759,0.4743540347116436,0.0,1.0,0.0,1.0,0.0,0.0,0.0
0.9150711556940316,0.865787995987145,0.554750211504323,1.8366271080725112,1.0994862343811829,-1.8355128708144544,-0.861867035122901,0.0,1.0,0.0,0.0,0.0,0.0,1.0
-1.241643312449561,0.038290371146961696,-1.1107816335243634,-0.26068268985250065,-1.453191498402907,0.15232453530868506,0.9228977271678401,1.0,0.0,0.0,0.0,1.0,0.0,0.0
0.3758925386581335,0.1111101621328978,-0.7502236941331599,0.9713034851524007,1.0994862343811829,-0.8504684418873627,1.1048245394927312,0.0,1.0,0.0,1.0,0.0,0.0,0.0
-1.241643312449561,-0.32139526311690425,-0.4890240505400992,-0.9646747898553009,0.7379975957337672,0.7202780799152959,1.3714414196240374,0.0,1.0,0.0,0.0,0.0,0.0,1.0
1.1846604642119807,-1.0451798523104512,-1.1589243129317115,-0.011352154434842079,-0.08245114038956253,-0.24701780074283858,-1.0657505316938995,1.0,0.0,0.0,0.0,0.0,1.0,0.0
0.10630323014018443,-0.24636881179806103,-0.404006127331378,0.3113108913997759,0.41027859636551445,-1.4627933571663658,0.3833906285491981,0.0,1.0,0.0,1.0,0.0,0.0,0.0
-0.4328753868957137,0.05153033314440473,0.7780502989681929,-1.1406728148560012,0.1838685148347546,0.16119880944316317,-1.3292307426471899,1.0,0.0,0.0,0.0,1.0,0.0,0.0
0.10630323014018443,-1.2393659616062807,-1.529725375601075,-1.6393338856913182,-1.04488585984574,1.1196204159668197,-0.4321433577347964,0.0,1.0,0.0,0.0,0.0,0.0,1.0
0.10630323014018443,1.3137400435672968,0.594698392289144,0.047313853898724716,0.28057248186145234,-0.08728086632222865,-0.1623898084254751,0.0,1.0,0.0,0.0,1.0,0.0,0.0
0.10630323014018443,-1.4909252395576962,0.34783912128550615,-0.26068268985250065,-1.0556307450709286,1.7940652501871701,-1.172397283746422,1.0,0.0,0.0,1.0,0.0,0.0,0.0
0.9150711556940316,0.6252620197002647,1.110951805508367,-0.6273452419372928,1.0994862343811829,0.019210423291510258,0.7378342456649337,1.0,0.0,0.0,0.0,0.0,1.0,0.0
-0.4328753868957137,-0.4979280897494767,-0.9059191679611793,0.36997689973334275,-1.1914767939893842,-0.60198876612197,-0.36313663581845823,0.0,1.0,0.0,0.0,1.0,0.0,0.0
-1.241643312449561,1.3733198725557898,1.0177393836771185,0.3846434018167341,1.0994862343811829,0.23219300251898964,-0.9873338022435154,1.0,0.0,1.0,0.0,0.0,0.0,0.0
-0.4328753868957137,-0.4140749970990047,-1.926134246465835,-1.8446649148588028,0.3719040062755552,-0.30913771968418613,-1.2131739830606216,1.0,0.0,0.0,0.0,1.0,0.0,0.0
1.4542497727299297,0.16627667045557665,1.2963523368430485,0.29664438931638326,0.4578630880770643,0.34755856626720744,-0.40077666595464256,1.0,0.0,0.0,0.0,0.0,0.0,1.0
-0.9720540039316119,0.8503413736567944,0.441051543116756,0.2673113851496005,-0.017214337236631138,-1.2764336003423216,0.3143839066328599,0.0,1.0,0.0,0.0,0.0,0.0,1.0
0.3758925386581335,0.2898496490983774,0.09073672700371119,1.6312960789050268,-0.13924553372270182,-0.9747082797700586,-0.930873757039239,0.0,1.0,0.0,0.0,0.0,0.0,1.0
-1.241643312449561,0.8216547893290016,0.6418167593686757,0.3846434018167341,0.8132117923100867,0.23219300251898964,-1.225720659772683,1.0,0.0,0.0,0.0,1.0,0.0,0.0
-1.51123262096751,0.4244559294057137,0.8579466605378347,0.47264241431708365,-2.0788891898196917,-1.791141500142062,-0.5450634481433493,1.0,0.0,1.0,0.0,0.0,0.0,0.0
-0.7024646954136627,-0.47365482608749815,0.04925207772716631,1.8366271080725112,-0.40096023813622367,-1.8355128708144544,-0.8555936967668702,1.0,0.0,0.0,0.0,0.0,1.0,0.0
0.10630323014018443,-0.4052483557673763,-0.45624605604999047,1.4406315518209352,0.15777379357358315,-0.016286673246402185,-0.28471990636807415,1.0,0.0,0.0,0.0,0.0,1.0,0.0
-1.51123262096751,-1.159926189621623,-1.926134246465835,-0.7446772586044264,-2.0788891898196917,-1.5692846467801047,-0.11533977075524454,1.0,0.0,0.0,0.0,0.0,0.0,1.0
1.7238390812478788,0.9937742952957596,0.5475800252096109,0.4579759122336923,-1.4554939738083048,1.1018718676978634,-0.1623898084254751,0.0,1.0,0.0,0.0,0.0,1.0,0.0
-0.7024646954136627,1.198993706256125,0.13068490778853212,1.7192950914053777,0.9083807757331863,0.587163967898122,0.11677374841789209,1.0,0.0,1.0,0.0,0.0,0.0,0.0
-0.16328607837776465,-0.784793933027407,0.07332341743084037,-0.42201421276980833,-0.3073262383167232,-0.33576054208762124,-1.338640750181236,1.0,0.0,0.0,0.0,0.0,1.0,0.0
-1.51123262096751,0.6208486990344506,1.1683132958660587,1.103302003902927,1.0994862343811829,-0.33576054208762124,-1.3951007953855128,1.0,0.0,0.0,0.0,1.0,0.0,0.0
0.3758925386581335,-1.0076666266510295,-0.5842850970269804,0.36997689973334275,0.5553345469055605,-0.025160947380881083,-1.0061538173116076,1.0,0.0,0.0,0.0,0.0,1.0,0.0
1.993428389765828,0.17068999112139088,0.04925207772716631,-0.7593437606878177,-0.7417265981350617,-0.9037140866942321,0.05404036485758478,0.0,1.0,1.0,0.0,0.0,0.0,0.0
-1.51123262096751,-0.8796803273424145,1.5411629831910536,0.41397640598351687,0.03267262988031524,0.019210423291510258,-0.7332635988242712,1.0,0.0,0.0,0.0,0.0,0.0,1.0
0.10630323014018443,-1.851714203988016,-1.926134246465835,-1.8446649148588028,-0.4684995166945527,1.1728660607736898,-0.9057804036151161,1.0,0.0,0.0,0.0,0.0,1.0,0.0
-0.16328607837776465,0.9231611646427306,0.5086561567526063,1.8366271080725112,1.0994862343811829,-0.22926925247388158,-0.974787125531454,0.0,1.0,0.0,0.0,0.0,0.0,1.0
0.3758925386581335,0.583335473375029,0.056934420185786,-0.40734771068641695,1.0994862343811829,1.2882316245219068,1.067184509356547,1.0,0.0,0.0,0.0,1.0,0.0,0.0
-0.7024646954136627,-0.5310279947430842,-0.1550982316721102,-0.906008781521734,0.4263959242032979,0.587163967898122,-0.5638834632114416,1.0,0.0,0.0,0.0,0.0,1.0,0.0
-1.51123262096751,1.7352121671525633,-1.0790279513620695,0.9859699872357934,1.0994862343811829,1.7940652501871701,0.7535175915550107,0.0,1.0,0.0,1.0,0.0,0.0,0.0
-0.9720540039316119,0.6120220577028217,-0.6774975188582288,-0.7886767648546005,-0.19680741885764072,0.587163967898122,-0.1623898084254751,0.0,1.0,0.0,0.0,0.0,1.0,0.0
-1.51123262096751,1.018047558957738,0.7360534935277405,0.9566369830690094,1.0994862343811829,-0.8504684418873627,1.3557580737339605,1.0,0.0,0.0,0.0,0.0,0.0,1.0
0.6454818471760826,1.1416205376005393,1.5411629831910536,0.6926399455679595,1.0994862343811829,-1.0013311021734936,-0.861867035122901,1.0,0.0,1.0,0.0,0.0,0.0,0.0
-0.4328753868957137,1.0070142572932022,0.63567088540178,1.3232995351538015,1.0994862343811829,1.7940652501871701,2.258334629707881,1.0,0.0,0.0,0.0,0.0,1.0,0.0
-0.9720540039316119,-1.38721220391106,-0.5586772888315824,-0.8766757773549513,-2.0788891898196917,0.010336149157032147,0.6437341703244732,1.0,0.0,0.0,0.0,1.0,0.0,0.0
-0.9720540039316119,-0.08307594716293155,1.5411629831910536,0.5459749247340419,-0.24515940237098902,-0.8060970712149713,0.23596717718247584,1.0,0.0,0.0,1.0,0.0,0.0,0.0
-0.9720540039316119,-0.5199946930785482,-1.3381789702994975,0.6926399455679595,-0.08091615678596337,1.7940652501871701,-0.2219865228077671,1.0,0.0,0.0,0.0,1.0,0.0,0.0
-1.241643312449561,-0.2993286597878328,1.5411629831910536,-0.20201668151893384,-0.6611399589461475,0.7823979988566443,0.21714716211438378,1.0,0.0,0.0,0.0,0.0,0.0,1.0
-1.241643312449561,1.8676117871269928,1.2256747862237503,-0.23134968568571657,1.0994862343811829,-0.743977152273623,-0.13415978582333687,1.0,0.0,0.0,0.0,0.0,0.0,1.0
-0.9720540039316119,-0.8245138190197356,-1.160972937587343,0.5313084226506505,-0.9013648929092921,1.7940652501871701,-0.4729200570489961,1.0,0.0,0.0,0.0,0.0,1.0,0.0
0.10630323014018443,-1.0782797573040583,0.288429006272183,0.07664685806550876,1.0542042180750308,1.1639917866392118,-0.005556349524706956,1.0,0.0,0.0,0.0,1.0,0.0,0.0
1.1846604642119807,-0.9635334199928863,0.913259526239895,1.1179685059863185,1.016597119786871,0.9687577556806886,-0.28471990636807415,1.0,0.0,0.0,0.0,0.0,1.0,0.0
1.4542497727299297,0.25674974410477003,-0.06700737147994114,1.0006364893191848,0.15777379357358315,-0.30913771968418613,-0.1623898084254751,0.0,1.0,0.0,0.0,0.0,0.0,1.0
0.9150711556940316,-0.31256862178527584,-0.8260228063915375,-0.30468219610267605,-0.7079569588558977,-0.167149333532534,-0.827363674164732,1.0,0.0,0.0,0.0,0.0,0.0,1.0
-1.51123262096751,-0.9988399853194009,1.2656229670085712,-1.199338823189568,0.2199406295193173,0.3564328404016863,1.791755089478096,0.0,1.0,0.0,0.0,0.0,0.0,1.0
-1.241643312449561,-0.341255206113069,-0.531020855980553,0.6926399455679595,0.47551539951844585,-0.8948398125597541,1.569051577839005,1.0,0.0,1.0,0.0,0.0,0.0,0.0
1.1846604642119807,-1.2812925079315165,0.7104456853323425,0.14997936848246693,0.8861235134810094,-1.4539190830318869,0.9793577723721171,1.0,0.0,0.0,0.0,0.0,1.0,0.0
-0.9720540039316119,-0.303741980453647,-0.21041109737416905,-0.08468466485180025,-1.3150429740790528,-1.3474277934181471,0.289290553208737,0.0,1.0,0.0,1.0,0.0,0.0,0.0
0.3758925386581335,0.16407001012266956,-1.1660944992264237,0.8539714684852672,0.42255846519430224,-0.42450328343240473,1.4874981792106057,1.0,0.0,0.0,0.0,1.0,0.0,0.0
-0.9720540039316119,0.2170298581124413,-0.08749361803625982,-0.3926812086030256,1.0994862343811829,-0.2647663490117948,2.258334629707881,0.0,1.0,0.0,0.0,1.0,0.0,0.0
-0.16328607837776465,0.1089035017999907,0.8743356577828891,-0.4806802211033751,0.4655380060950557,-1.1521937624596248,0.6970575463507344,1.0,0.0,0.0,0.0,0.0,0.0,1.0
0.9150711556940316,1.8676117871269928,1.4090266929027992,0.003314347648550597,1.0994862343811829,-0.46887465410479606,-0.9434204337513005,1.0,0.0,0.0,0.0,1.0,0.0,0.0
0.6454818471760826,-0.6744609163820492,1.2820119642536256,0.003314347648550597,0.7878845628507136,-1.4272962606284525,-0.5074234180071648,1.0,0.0,1.0,0.0,0.0,0.0,0.0
-0.7024646954136627,0.6340886610318935,0.33247443636826823,1.0446359955693603,0.15777379357358315,-0.9480854573666243,-1.4099999739810856,0.0,1.0,0.0,0.0,0.0,0.0,1.0
-0.7024646954136627,0.5061023617232786,1.5411629831910536,0.14997936848246693,-0.1776201238126611,0.028084697425989156,-0.7709036289604554,0.0,1.0,0.0,1.0,0.0,0.0,0.0
0.3758925386581335,0.5480289080485145,0.493291471835367,-0.4806802211033751,0.596779104202717,1.7940652501871701,-0.1623898084254751,0.0,1.0,0.0,0.0,0.0,1.0,0.0
-0.7024646954136627,0.3825293830804779,0.2536023871264428,-1.8446649148588028,0.10558435105123803,-1.2143136814009732,0.9824944415501324,0.0,1.0,0.0,1.0,0.0,0.0,0.0
1.993428389765828,-0.2309221894677113,1.5411629831910536,-0.3340152002694588,0.25140779339308367,-0.06953231805327242,-0.008693018702722252,1.0,0.0,1.0,0.0,0.0,0.0,0.0
-0.9720540039316119,-0.17796234147793952,0.12966059546071568,0.12064636431568289,-0.5360387952528807,0.6315353385705132,1.2553846600374687,1.0,0.0,0.0,0.0,0.0,0.0,1.0
-1.51123262096751,0.455349174066414,1.283036276581442,-0.055351660685016194,1.0994862343811829,-1.8355128708144544,1.5565049011269438,0.0,1.0,0.0,0.0,0.0,1.0,0.0
0.3758925386581335,0.6517419436951505,0.09380966398715906,1.279300028903626,1.0994862343811829,-0.5842402178530138,-1.3166840659351287,1.0,0.0,0.0,0.0,1.0,0.0,0.0
0.10630323014018443,0.34942947808687047,0.7637099263787699,0.19397887473264236,-0.1691777139928701,-0.9924568280390156,-0.7677669597824401,1.0,0.0,0.0,0.0,1.0,0.0,0.0
-0.7024646954136627,1.002600936627388,-0.04344818794017457,-0.30468219610267605,0.15777379357358315,1.7940652501871701,-0.8336370125207627,0.0,1.0,0.0,0.0,0.0,1.0,0.0
-1.51123262096751,-1.3077724319264024,-0.12539317416544787,-0.36334820443624155,0.15777379357358315,1.6698254123044751,2.258334629707881,1.0,0.0,1.0,0.0,0.0,0.0,0.0
-0.7024646954136627,-0.6832875577136777,-0.48595111355665277,-1.7419994002750605,-0.6358127294867745,-0.5221202989116656,-1.4099999739810856,1.0,0.0,0.0,0.0,1.0,0.0,0.0
-1.51123262096751,0.7400083570114367,1.1099274931805518,-0.11401766901858298,1.0994862343811829,1.5899569450941688,-0.10906643239921394,0.0,1.0,0.0,1.0,0.0,0.0,0.0
-1.51123262096751,0.37590940208175616,1.5247739859459992,-0.3780147065196342,0.42716341600509644,-0.8682169901563197,-0.9246004186832083,1.0,0.0,0.0,0.0,0.0,1.0,0.0
0.9150711556940316,-0.09190258849456037,0.580358019699721,-0.906008781521734,1.0994862343811829,-1.0190796504424506,-0.3599999666404429,1.0,0.0,0.0,0.0,0.0,0.0,1.0
-1.241643312449561,0.7951748653341155,-0.9653292829745026,0.29664438931638326,1.0994862343811829,0.36530711453616443,-0.1623898084254751,1.0,0.0,0.0,0.0,0.0,0.0,1.0
0.3758925386581335,1.1967870459232182,0.7217131209383175,1.8219606059891187,1.0994862343811829,0.019210423291510258,0.19205380869026087,1.0,0.0,0.0,0.0,0.0,0.0,1.0
0.6454818471760826,0.08463023813801213,-0.8055365598352188,-0.9793412919386936,0.4210234815907031,-1.8355128708144544,-1.0720238700499303,1.0,0.0,0.0,0.0,1.0,0.0,0.0
1.4542497727299297,1.4020064568835835,1.5012148024062326,0.10597986223229151,1.0994862343811829,0.7202780799152959,-0.3160865981482279,0.0,1.0,0.0,0.0,1.0,0.0,0.0
0.10630323014018443,0.8834412786504018,0.04925207772716631,0.780638958068309,-0.24669438597458818,1.7940652501871701,-0.19689316938364418,1.0,0.0,0.0,0.0,0.0,1.0,0.0
-1.51123262096751,0.8238614496619088,0.15014684201703438,-0.15801717526875841,-0.7946835324592064,1.1728660607736898,2.258334629707881,0.0,1.0,0.0,0.0,0.0,0.0,1.0
0.3758925386581335,1.2960867609040398,1.5411629831910536,0.36997689973334275,1.0994862343811829,0.569415419629165,-0.8869603885470239,1.0,0.0,1.0,0.0,0.0,0.0,0.0
-0.4328753868957137,1.2916734402382257,1.5411629831910536,-0.08468466485180025,1.0994862343811829,-0.06065804391879431,0.5214040723818739,1.0,0.0,0.0,1.0,0.0,0.0,0.0
1.4542497727299297,-0.831133800018457,-0.3824955684472443,-0.18735017943554247,-0.8568503684049394,0.5072955006878174,-1.4045108029195588,0.0,1.0,1.0,0.0,0.0,0.0,0.0
1.4542497727299297,0.43769589140315673,0.014937614745332173,0.01798084973194197,0.20228831807793576,0.7912722729911225,-0.2972665830801356,1.0,0.0,0.0,0.0,0.0,1.0,0.0
-1.241643312449561,-0.6501876527200703,-1.6403511070051942,1.073968999736143,0.15777379357358315,-1.1344452141906685,-0.5199700947192264,1.0,0.0,0.0,0.0,0.0,0.0,1.0
-0.16328607837776465,-0.6700475957162346,-1.0278123349712736,0.12064636431568289,-1.5752226948889767,1.474591381345952,-1.1661239453903913,1.0,0.0,0.0,0.0,1.0,0.0,0.0
0.9150711556940316,-0.22209554813608245,-0.7143727626596019,-1.8446649148588028,-0.5544585984960607,-0.46887465410479606,-0.6046601625256413,1.0,0.0,1.0,0.0,0.0,0.0,0.0
0.3758925386581335,-1.1687528309532516,-0.09568811665878701,-0.3193486981860674,-0.0793811731823653,0.019210423291510258,2.258334629707881,1.0,0.0,0.0,0.0,0.0,0.0,1.0
-0.16328607837776465,-0.5133747120798269,-0.6057956559111142,0.5019754184838677,-0.28430148426274787,-1.5249132761077133,-0.4697833878709808,0.0,1.0,0.0,0.0,1.0,0.0,0.0
-0.4328753868957137,-1.851714203988016,-1.926134246465835,-1.5366683711075775,0.15777379357358315,-0.8770912642907979,-0.9057804036151161,1.0,0.0,0.0,0.0,0.0,1.0,0.0
1.4542497727299297,-1.0098732869839366,-1.6085974248429005,-1.8446649148588028,-1.8507522517348844,-0.5842402178530138,0.703330884706765,1.0,0.0,0.0,0.0,0.0,1.0,0.0
-0.9720540039316119,0.5303756253852572,-1.3064252881372038,0.8686379705686599,1.0994862343811829,1.2971058986563866,-0.3004032522581512,1.0,0.0,0.0,0.0,0.0,1.0,0.0
0.9150711556940316,0.6826351883558507,0.060007357169233874,-1.0380073002722603,1.0994862343811829,1.3059801727908646,0.9072143812777637,1.0,0.0,1.0,0.0,0.0,0.0,0.0
1.4542497727299297,-0.3809750921053977,-0.04037525095672669,-0.5246797273535505,0.011182859429937967,0.019210423291510258,-0.1623898084254751,1.0,0.0,0.0,0.0,1.0,0.0,0.0
-0.16328607837776465,0.0404970314798688,-1.8247273260120596,-0.8913422794383427,-1.3564875313762095,-1.8355128708144544,-1.2947273816890212,1.0,0.0,0.0,1.0,0.0,0.0,0.0
-0.16328607837776465,0.7929682050012085,1.5411629831910536,0.9126374768188339,1.0994862343811829,-0.6463601367943622,2.258334629707881,1.0,0.0,0.0,0.0,0.0,0.0,1.0
-1.51123262096751,0.887854599316216,-1.3258872223657059,-0.906008781521734,0.546124645283971,0.22331872838451153,-0.5262434330752572,1.0,0.0,1.0,0.0,0.0,0.0,0.0
-0.4328753868957137,0.8679946563200517,-0.6098929052223785,-0.8180097690213846,1.0994862343811829,-1.3829248899560604,2.258334629707881,0.0,1.0,0.0,0.0,0.0,0.0,1.0
0.6454818471760826,0.5767154923763073,0.16038996529519298,0.487308916400475,0.5821967599685326,-0.3978804610289696,-0.9434204337513005,1.0,0.0,0.0,0.0,0.0,0.0,1.0
-0.4328753868957137,-0.28608869779039015,1.5411629831910536,-0.5393462294369419,-0.7939160406574068,-0.44225183170136095,1.4247647956502987,1.0,0.0,1.0,0.0,0.0,0.0,0.0
1.1846604642119807,0.15745002912394823,0.7944392962132473,0.20864537681603373,-0.22904207453320663,0.6492838868394702,2.258334629707881,1.0,0.0,0.0,0.0,1.0,0.0,0.0
-0.16328607837776465,0.5745088320434001,1.221577536912486,-0.26068268985250065,1.0994862343811829,-1.063451021114842,-1.1096639001861146,1.0,0.0,0.0,0.0,0.0,0.0,1.0
-0.9720540039316119,-1.851714203988016,-1.8165328273895323,-1.6246673836079268,-1.5414530556098127,1.0663747711599494,-0.645436861839841,1.0,0.0,0.0,0.0,0.0,1.0,0.0
0.10630323014018443,-0.09410924882746749,0.339644622662979,-0.11401766901858298,-0.270486631830362,-0.43337755756688284,-0.12474977828929071,1.0,0.0,0.0,0.0,1.0,0.0,0.0
1.7238390812478788,-1.4710652965615318,-1.4774854468824625,-1.492668864857402,-1.3948621214661687,0.1700730835776421,0.6060941401882886,1.0,0.0,0.0,0.0,0.0,0.0,1.0
-0.7024646954136627,-1.0451798523104512,-0.017840379744776567,-0.7446772586044264,-0.3925178283164327,0.4984212265533385,0.35829727512507514,0.0,1.0,0.0,0.0,0.0,0.0,1.0
0.6454818471760826,0.6054020767041004,-0.1807060398675082,0.780638958068309,0.1032818756458404,0.019210423291510258,-0.9936071405995461,1.0,0.0,0.0,0.0,1.0,0.0,0.0
1.4542497727299297,1.0930740102765812,1.2338692848462776,0.35531039764995004,-0.10854586165073399,0.019210423291510258,0.537087418271951,0.0,1.0,0.0,1.0,0.0,0.0,0.0
0.6454818471760826,-0.9370534959980005,-1.3228142853822582,-0.5833457356871173,0.5584045141127577,-0.32688626795314313,-1.4099999739810856,0.0,1.0,0.0,0.0,1.0,0.0,0.0
-0.7024646954136627,0.6208486990344506,0.5107047814082378,-0.46601371901998373,1.0994862343811829,-1.329679245149191,1.6255116230432813,1.0,0.0,0.0,0.0,0.0,1.0,0.0
-1.51123262096751,-0.01908279750862427,-1.2705743566636472,-0.568679233603726,-1.2336888430883401,-0.60198876612197,-0.3913666584205967,0.0,1.0,1.0,0.0,0.0,0.0,0.0
0.6454818471760826,-0.43834826076098365,0.04925207772716631,-0.040685158601624825,-0.39482030372183036,-0.1760236076670121,0.5966841326542427,1.0,0.0,0.0,0.0,0.0,0.0,1.0
-0.4328753868957137,1.3049134022356683,0.47485384993468116,-0.14335067318536704,1.0994862343811829,0.13457598703972884,-1.4099999739810856,1.0,0.0,0.0,1.0,0.0,0.0,0.0
-1.51123262096751,1.8058252978055922,0.7319562442164762,-0.994007794022085,1.0994862343811829,1.7940652501871701,0.04463035732353889,1.0,0.0,0.0,0.0,1.0,0.0,0.0
-0.9720540039316119,0.27440302676802725,0.8528250988987555,0.7366394518181348,0.07258220357387365,-0.44225183170136095,-1.3480507577152823,1.0,0.0,0.0,0.0,0.0,0.0,1.0
-0.4328753868957137,-0.11617585215653894,1.258452780713859,1.0446359955693603,-0.15843282876768147,0.36530711453616443,0.08854372581575387,1.0,0.0,0.0,1.0,0.0,0.0,0.0
1.1846604642119807,-0.5045480707481981,1.5411629831910536,0.003314347648550597,0.7395325793373654,-0.24701780074283858,-0.9120537419711469,0.0,1.0,0.0,0.0,0.0,0.0,1.0
-0.7024646954136627,-0.07424930583130313,1.0873926219686003,-0.5540127315203346,0.5161924650138028,1.7940652501871701,1.7196116983837426,1.0,0.0,0.0,1.0,0.0,0.0,0.0
-0.4328753868957137,-1.851714203988016,-1.6772263508065672,-1.2286718273563522,-1.706463792996638,-0.3890061868944915,-0.37881998170853526,0.0,1.0,0.0,0.0,0.0,0.0,1.0
0.10630323014018443,1.8477518441308285,-0.036278001645463825,-1.3166708398567015,1.0994862343811829,0.4984212265533385,1.6945183449596195,1.0,0.0,0.0,1.0,0.0,0.0,0.0
-0.4328753868957137,-1.5416784272145607,-0.7799287516398208,-0.6860112502708595,-1.7294885470506134,-1.5870331950490617,-0.28471990636807415,1.0,0.0,1.0,0.0,0.0,0.0,0.0
-1.51123262096751,-0.0301160991731602,0.7503938661171634,-1.331337341940093,0.5783593009595358,-0.5576173954495788,0.2610605306065988,1.0,0.0,0.0,0.0,0.0,0.0,1.0
1.1846604642119807,0.1111101621328978,-0.05573993587396607,0.6633069414011754,-0.0010970093988487322,-1.8355128708144544,-0.20943984609570565,1.0,0.0,0.0,0.0,0.0,1.0,0.0
-1.51123262096751,-0.398628374768655,0.09790691329842192,0.9713034851524007,-0.4485447298477735,1.7053225088423876,-0.5576101248554107,1.0,0.0,0.0,0.0,0.0,1.0,0.0
0.6454818471760826,0.4156292880740853,0.8477035372596761,1.8366271080725112,-1.8760794811942578,-1.1521937624596248,0.36457061348110575,1.0,0.0,0.0,1.0,0.0,0.0,0.0
-1.51123262096751,0.5546488890472357,-1.3863216497068456,-0.7006777523542509,1.0994862343811829,1.2704830762529506,-0.8587303659448857,0.0,1.0,0.0,0.0,0.0,1.0,0.0
0.10630323014018443,-0.387595073104119,-0.684667705152941,0.10597986223229151,-0.8622228110175343,-0.06065804391879431,2.199522082620093,0.0,1.0,0.0,0.0,0.0,1.0,0.0
-1.51123262096751,0.4707957963967641,-0.35996069723529417,-0.45134721693659235,1.0994862343811829,-0.0340352215153592,0.6782375312826421,1.0,0.0,1.0,0.0,0.0,0.0,0.0
-0.7024646954136627,-0.7494873677008924,-1.926134246465835,-0.8620092752715599,-2.0788891898196917,-1.4184219864939736,0.48690071142370506,1.0,0.0,0.0,1.0,0.0,0.0,0.0
-1.51123262096751,1.1085206326069315,1.5411629831910536,1.235300522653452,1.0994862343811829,-1.3030564227457557,0.19832714704629173,1.0,0.0,0.0,0.0,0.0,1.0,0.0
-0.16328607837776465,0.2920563094312845,-0.45624605604999047,-1.0820068065224344,0.29745730150103433,0.3386842921327293,-0.9528304412853466,1.0,0.0,1.0,0.0,0.0,0.0,0.0
0.6454818471760826,-1.4136921279059458,0.3539849952524019,1.367299041403977,-1.7878179239873513,-1.8355128708144544,-0.08710974815310632,1.0,0.0,0.0,1.0,0.0,0.0,0.0
0.10630323014018443,0.41121596740827066,-1.926134246465835,0.6633069414011754,-0.2919764022807393,0.40967848520855576,-0.187483161849598,0.0,1.0,0.0,0.0,0.0,0.0,1.0
1.1846604642119807,-0.5222013534114553,-1.468266635932119,-0.5980122377705087,0.15777379357358315,0.04583324569494538,-0.9936071405995461,1.0,0.0,0.0,1.0,0.0,0.0,0.0
-0.16328607837776465,-1.851714203988016,-1.926134246465835,-1.8446649148588028,-0.7601464013782429,-1.0811995693837984,0.12932042512995356,1.0,0.0,0.0,0.0,1.0,0.0,0.0
1.1846604642119807,1.8367185424662926,1.5411629831910536,0.6193074351510013,1.0994862343811829,-0.5664916695840568,-0.1623898084254751,1.0,0.0,1.0,0.0,0.0,0.0,0.0
1.1846604642119807,-1.029733229980101,0.035423861301650865,-0.568679233603726,-0.8921549912877026,0.3031871955948161,-0.11220310157722925,1.0,0.0,0.0,0.0,0.0,0.0,1.0
0.10630323014018443,0.036083710814054586,-0.2011922864238269,-1.2433383294397435,-0.4677320248927532,0.47179840414990415,2.258334629707881,1.0,0.0,1.0,0.0,0.0,0.0,0.0
0.10630323014018443,-0.3787684317724906,1.0382256302334372,-0.4806802211033751,-1.6082248423663421,1.039751948756515,-0.48546673376105753,1.0,0.0,0.0,1.0,0.0,0.0,0.0
0.6454818471760826,-1.2967391302618667,-1.4293427674751145,-1.8006654086086273,-0.7977534996664025,0.019210423291510258,0.1795071319781994,0.0,1.0,0.0,0.0,1.0,0.0,0.0
0.9150711556940316,1.8676117871269928,1.4479505613598052,0.9566369830690094,1.0994862343811829,-0.76172570054258,-1.0971172234740532,1.0,0.0,0.0,0.0,0.0,0.0,1.0
0.9150711556940316,1.8676117871269928,0.8722870331272576,0.5019754184838677,1.0994862343811829,0.3298100179982512,-1.4099999739810856,1.0,0.0,0.0,0.0,0.0,0.0,1.0
0.10630323014018443,0.6848418486887579,0.4728052252790483,0.2233118788994251,0.16237874438437844,0.7025295316463398,-1.2759073666209289,1.0,0.0,0.0,0.0,1.0,0.0,0.0
0.10630323014018443,0.5061023617232786,-0.827047118719354,-0.18735017943554247,1.0994862343811829,-1.808890048411019,1.13305456209487,1.0,0.0,0.0,1.0,0.0,0.0,0.0
0.10630323014018443,-0.5751612014012271,0.4635864143287061,0.4579759122336923,0.955965267444735,-1.8355128708144544,2.258334629707881,0.0,1.0,0.0,0.0,0.0,0.0,1.0
0.6454818471760826,-0.19120230347538217,1.1652403588826108,0.36997689973334275,-0.6028105820094101,1.3681000917322115,0.6531441778585191,1.0,0.0,0.0,1.0,0.0,0.0,0.0
1.993428389765828,-0.5773678617341341,1.341422079266949,-0.436680714853201,1.0994862343811829,-0.9214626349631891,1.5565049011269438,1.0,0.0,0.0,0.0,1.0,0.0,0.0
-0.16328607837776465,-0.5420612964076197,0.7954636085410637,0.003314347648550597,-0.515316516604303,0.8001465471256013,0.6468708395024885,0.0,1.0,1.0,0.0,0.0,0.0,0.0
0.6454818471760826,1.1041073119411173,0.683813564809128,-0.436680714853201,1.0994862343811829,-1.8355128708144544,2.258334629707881,1.0,0.0,1.0,0.0,0.0,0.0,0.0
0.3758925386581335,0.5149290030549071,0.4646107266565211,-0.6126787398539014,0.9091482675349848,0.2588158249224248,-0.7991336515625937,0.0,1.0,0.0,0.0,0.0,0.0,1.0
-1.51123262096751,-1.851714203988016,-1.2152614909615869,-0.02601865651823345,-2.0788891898196917,-0.13165223699462078,-1.093980554296038,1.0,0.0,1.0,0.0,0.0,0.0,0.0
-0.7024646954136627,0.13097010512906215,1.184702293111113,0.9126374768188339,0.20996323609592718,0.294312921460338,1.3400747278438834,1.0,0.0,1.0,0.0,0.0,0.0,0.0
-0.7024646954136627,0.7598683000076011,1.5411629831910536,0.6633069414011754,0.17849607222216085,0.3031871955948161,-0.28158323719005884,1.0,0.0,0.0,0.0,0.0,0.0,1.0
-0.9720540039316119,-1.851714203988016,-1.926134246465835,-1.5366683711075775,-1.9436187597525858,0.7735237247221662,0.7535175915550107,1.0,0.0,0.0,0.0,1.0,0.0,0.0
0.9150711556940316,-0.8863003083411358,-0.7461264448218956,0.13531286639907555,-1.4961710393036605,1.075249045294429,0.1073637408838462,1.0,0.0,1.0,0.0,0.0,0.0,0.0
-1.51123262096751,0.19496325478336984,-0.49824286149044283,-0.8033432669379932,0.8623312676252345,1.6254540416320828,-0.05260638719493751,1.0,0.0,0.0,0.0,1.0,0.0,0.0
-1.241643312449561,1.1041073119411173,0.3283771870570039,0.8833044726520513,1.0994862343811829,0.22331872838451153,-1.1755339529244373,0.0,1.0,0.0,1.0,0.0,0.0,0.0
-1.241643312449561,1.2056136872548466,1.5411629831910536,0.5166419205672591,1.0994862343811829,1.0929975935633853,0.9291710655238713,1.0,0.0,0.0,1.0,0.0,0.0,0.0
0.10630323014018443,0.2898496490983774,0.27716157066620795,1.8366271080725112,0.7088329072653975,-0.44225183170136095,-1.3605974344273437,0.0,1.0,1.0,0.0,0.0,0.0,0.0
0.6454818471760826,-1.1952327549481376,-1.926134246465835,-0.5393462294369419,-0.47233697570354843,1.4479685589425175,0.5339507490939356,1.0,0.0,0.0,0.0,0.0,0.0,1.0
-0.9720540039316119,-1.744691177842019,-0.761491129739135,-1.0966733086058258,-1.2229439578631516,0.8533921919324707,-1.1159372385421453,1.0,0.0,1.0,0.0,0.0,0.0,0.0
-0.16328607837776465,-0.4979280897494767,-0.5228263573580259,-1.0526738023556517,1.0994862343811829,-0.7262286040046668,2.258334629707881,1.0,0.0,0.0,0.0,0.0,0.0,1.0
0.10630323014018443,-0.961326759659979,-0.21553265901324983,-0.4953467231867678,-1.1339149088544453,0.44517558174646904,1.3400747278438834,1.0,0.0,0.0,0.0,0.0,1.0,0.0
-0.4328753868957137,-0.9216068736676504,0.5219722170142128,0.14997936848246693,0.2951548260956367,1.6520768640355172,-0.5011500796511343,1.0,0.0,0.0,0.0,0.0,0.0,1.0
-0.4328753868957137,-0.054389362835138774,1.5411629831910536,0.5313084226506505,0.29131736708664097,-0.7794742488115363,-0.1623898084254751,0.0,1.0,0.0,0.0,0.0,1.0,0.0
-0.16328607837776465,-1.0231132489813795,0.29867212955034306,0.29664438931638326,-1.4424466131777185,-0.7528514264081011,-0.027513033770814585,1.0,0.0,0.0,0.0,1.0,0.0,0.0
-0.16328607837776465,-0.023496118174438484,0.012888990089700741,-0.7006777523542509,0.7694647596075336,-0.2825148972807518,-0.3599999666404429,1.0,0.0,1.0,0.0,0.0,0.0,0.0
-0.16328607837776465,-0.9944266646535864,0.18702208581840743,-0.3926812086030256,-1.7348609896632077,-0.8859655384252759,0.2767438764966758,0.0,1.0,1.0,0.0,0.0,0.0,0.0
-0.9720540039316119,0.4884490790600214,0.11122297356002987,1.8366271080725112,1.0649491033002194,-0.2825148972807518,-0.5795668091015184,1.0,0.0,1.0,0.0,0.0,0.0,0.0
-0.9720540039316119,-0.4515882227584267,-1.208091304666876,0.780638958068309,-0.209854779488227,0.587163967898122,0.21401049293636848,1.0,0.0,0.0,0.0,0.0,1.0,0.0
0.3758925386581335,0.5105156823890928,-0.8967003570108357,-0.6273452419372928,-0.5912982049824219,-0.06953231805327242,2.258334629707881,0.0,1.0,0.0,0.0,0.0,0.0,1.0
0.3758925386581335,-0.39642171443574786,-0.4111763136260902,-0.011352154434842079,-1.6772991045282688,-0.19377215593596833,1.4404481415403751,1.0,0.0,0.0,0.0,0.0,1.0,0.0
-1.241643312449561,-1.1841994532836018,-0.10183399062568277,0.5753079289008258,0.05185992492529486,1.3947229141356474,0.6123674785443197,1.0,0.0,0.0,0.0,0.0,0.0,1.0
-0.7024646954136627,0.1133168224658049,0.2208243926363326,-0.4806802211033751,0.2283830393391083,1.3148544469253427,1.5282748785248055,0.0,1.0,0.0,1.0,0.0,0.0,0.0
-0.4328753868957137,-0.19340896380828929,1.4356588134260138,-0.906008781521734,0.9168231855529773,1.5810826709596908,0.038357018967508025,0.0,1.0,0.0,0.0,0.0,0.0,1.0
-0.9720540039316119,0.26778304576930595,-1.926134246465835,-0.040685158601624825,1.0994862343811829,-0.2736406231462729,-0.3035399214361665,1.0,0.0,0.0,0.0,0.0,0.0,1.0
0.9150711556940316,1.0202542192906456,0.00571880379499,-1.2286718273563522,0.6090589730315037,1.4124714624046035,1.195787945655177,1.0,0.0,1.0,0.0,0.0,0.0,0.0
-1.51123262096751,0.8371014116593518,0.8681897838159948,1.176634514319885,-0.8637577946211324,-0.2381435266083597,-0.04319637966089134,1.0,0.0,0.0,0.0,0.0,1.0,0.0
1.993428389765828,-0.01908279750862427,-1.5256281262898106,-0.07001816276840887,-0.7217718112882836,-0.09615514045670755,-1.2100373138826062,1.0,0.0,0.0,1.0,0.0,0.0,0.0
-0.16328607837776465,0.4222492690728066,0.5219722170142128,0.2673113851496005,1.0994862343811829,0.587163967898122,-0.03064970294882988,0.0,1.0,0.0,0.0,0.0,1.0,0.0
-0.7024646954136627,-1.4401720519008316,0.43490566914986023,-1.6686668898581023,-0.04254156669600412,0.34755856626720744,-0.5670201323894569,0.0,1.0,0.0,0.0,0.0,1.0,0.0
0.9150711556940316,0.036083710814054586,-0.7194943242986812,1.1179685059863185,0.15777379357358315,-1.5160390019732353,-0.0620163947289834,1.0,0.0,0.0,0.0,0.0,0.0,1.0
-1.51123262096751,0.9143345233111021,0.5404098389149001,0.9859699872357934,1.0994862343811829,0.09020461636733672,0.8319343210053949,1.0,0.0,0.0,0.0,0.0,0.0,1.0
0.10630323014018443,0.3825293830804779,-0.5801878477157161,-1.8446649148588028,0.5031451043832165,-1.4539190830318869,0.0038536580093392102,1.0,0.0,0.0,0.0,1.0,0.0,0.0
0.10630323014018443,0.8017948463328373,0.23106751591449123,0.7219729497347422,1.0994862343811829,-0.40675473516344773,-0.5387901097873187,0.0,1.0,0.0,0.0,0.0,0.0,1.0
-0.7024646954136627,-0.5707478807354128,0.7432236798224512,1.176634514319885,-0.4823143691269375,1.3059801727908646,-1.398237464563528,1.0,0.0,0.0,0.0,0.0,1.0,0.0
-1.241643312449561,-1.0407665316446366,-0.8721168611432542,-1.0233407981888676,-1.5890375473213625,1.3148544469253427,1.7415683826298503,1.0,0.0,1.0,0.0,0.0,0.0,0.0
1.993428389765828,0.7047017916849222,-1.618840548121059,0.8979709747354425,0.8638662512288336,-1.791141500142062,-0.0933830865091372,1.0,0.0,0.0,0.0,0.0,0.0,1.0
-0.4328753868957137,0.09566353980254766,-0.32308545343392114,1.8366271080725112,-1.7110687438074328,1.7940652501871701,-0.2564898837659359,0.0,1.0,0.0,0.0,0.0,1.0,0.0
-0.16328607837776465,-0.29270867878911144,1.5411629831910536,-1.067340304439043,-1.024931072998962,-0.300263445549708,2.258334629707881,1.0,0.0,0.0,0.0,0.0,0.0,1.0
-0.4328753868957137,-1.1422729069583657,-1.926134246465835,-1.0820068065224344,-0.908272319125485,0.6670324351084265,-0.0588797255509681,1.0,0.0,0.0,0.0,0.0,1.0,0.0
-0.7024646954136627,0.014017107484983122,0.1255633461494528,-1.5953343794411443,-0.9481818928190434,-0.5132460247771874,-0.8712770426569472,1.0,0.0,0.0,0.0,0.0,0.0,1.0
-0.16328607837776465,-0.01908279750862427,-1.2019454306999804,-0.275349191935892,-0.9742766140802149,-0.8682169901563197,0.49003738060172036,0.0,1.0,1.0,0.0,0.0,0.0,0.0
1.993428389765828,-0.10955587115781763,0.3785684911199849,-1.360670346106877,1.0994862343811829,0.37418138867064255,-0.021239695414783714,0.0,1.0,0.0,0.0,0.0,1.0,0.0
-1.51123262096751,-0.2441621514651539,-1.2296018635510098,-1.7713324044418446,-0.7117944178648934,0.5339183230912518,0.3896639669052287,1.0,0.0,0.0,0.0,0.0,0.0,1.0
0.3758925386581335,-0.5222013534114553,1.3731757614292426,1.6312960789050268,0.2951548260956367,-1.2498107779388863,-0.4666467186929652,1.0,0.0,1.0,0.0,0.0,0.0,0.0
0.10630323014018443,1.8676117871269928,0.3314501240404518,1.0446359955693603,1.0994862343811829,0.24106727665346775,1.1456012388069312,1.0,0.0,0.0,0.0,0.0,0.0,1.0
-0.16328607837776465,-0.01908279750862427,-0.402981815003563,-1.1846723211061767,-0.6289053032705816,0.5516668713602088,2.258334629707881,0.0,1.0,0.0,0.0,0.0,0.0,1.0
-1.241643312449561,1.6006058868452269,1.5411629831910536,0.003314347648550597,1.0994862343811829,0.7646494505876881,-0.0588797255509681,0.0,1.0,0.0,1.0,0.0,0.0,0.0
0.3758925386581335,1.8676117871269928,1.082271060329521,0.9859699872357934,1.0994862343811829,1.1462432383702539,-0.3066765906141818,0.0,1.0,0.0,0.0,0.0,0.0,1.0
-0.16328607837776465,-0.7539006883667067,-0.8311443680306168,-0.9793412919386936,1.0994862343811829,1.5100884778838644,-0.6673935460859486,1.0,0.0,0.0,0.0,1.0,0.0,0.0
-0.16328607837776465,-1.851714203988016,-0.4746836779506777,-0.011352154434842079,-1.868404563176266,-1.3119306968802347,-0.08397307897509103,0.0,1.0,0.0,0.0,0.0,1.0,0.0
1.1846604642119807,0.34060283675524206,-0.2513835904868064,0.7513059539015262,-1.5023109737180549,-0.45112610583583906,-1.1441672611442837,0.0,1.0,0.0,0.0,0.0,1.0,0.0
0.3758925386581335,0.13979674646069098,-0.7768558146563729,0.09131336014890014,1.0994862343811829,-1.8355128708144544,0.7503809223769955,1.0,0.0,0.0,0.0,1.0,0.0,0.0
0.3758925386581335,1.2122336682535675,0.6745947538587859,0.003314347648550597,0.5737543501487417,0.5605411454946868,-0.516833425541211,1.0,0.0,0.0,0.0,0.0,0.0,1.0
-0.7024646954136627,0.572302171710493,-0.87826273511015,0.003314347648550597,0.2874799080776453,-1.010205376307972,-0.748946944714348,0.0,1.0,0.0,0.0,0.0,0.0,1.0
1.1846604642119807,1.474826247869519,1.5411629831910536,1.073968999736143,1.0994862343811829,-1.1699423107285818,1.362031412089991,0.0,1.0,0.0,1.0,0.0,0.0,0.0
1.993428389765828,0.4994823807245569,1.4039051312637199,1.2499670247368433,1.0994862343811829,-0.6818572333322747,-0.9967438097775616,0.0,1.0,0.0,0.0,1.0,0.0,0.0
0.9150711556940316,-0.36332180944214043,0.04925207772716631,1.176634514319885,-0.22750709092960855,-0.3712576386255345,-0.2533532145879206,0.0,1.0,1.0,0.0,0.0,0.0,0.0
1.993428389765828,-0.6215010683922775,0.3703739924974563,-1.3166708398567015,0.4962376781670235,-0.32688626795314313,0.6468708395024885,1.0,0.0,0.0,0.0,1.0,0.0,0.0
-0.16328607837776465,1.302706741902761,1.29840096149868,-0.040685158601624825,1.0994862343811829,0.24994155078794664,0.9354444038799019,1.0,0.0,0.0,0.0,0.0,1.0,0.0
-0.9720540039316119,-0.656807633718792,-0.7707099406894772,-0.09935116693519162,-0.002631993002446797,-0.8859655384252759,-1.4099999739810856,1.0,0.0,0.0,0.0,1.0,0.0,0.0
-1.51123262096751,-1.347492317918731,0.9214540248624222,-1.331337341940093,-1.1385198596652406,0.08133034223285861,-1.3010007200450517,0.0,1.0,0.0,0.0,0.0,1.0,0.0
0.3758925386581335,0.640708642030615,-0.7748071900007415,1.279300028903626,0.35655417023957126,0.7025295316463398,-0.12474977828929071,0.0,1.0,0.0,0.0,0.0,1.0,0.0
-0.4328753868957137,1.5873659248477843,1.5411629831910536,1.0153029914025762,1.0994862343811829,-1.6225302915869748,1.2773413442835764,0.0,1.0,0.0,0.0,0.0,1.0,0.0
-0.9720540039316119,0.46638247573094954,1.3608840134954512,1.5286305643212845,1.0994862343811829,0.276564373191381,0.5308140799159198,0.0,1.0,0.0,0.0,0.0,0.0,1.0
-1.51123262096751,-1.4622386552299032,-1.6659589152005922,-1.360670346106877,-0.9604617616478301,0.24106727665346775,-0.6077968317036566,0.0,1.0,0.0,0.0,1.0,0.0,0.0
-0.4328753868957137,-0.49572142941656966,-0.13666060977142294,-0.6126787398539014,-0.609718008225602,0.24994155078794664,0.3833906285491981,0.0,1.0,0.0,0.0,0.0,1.0,0.0
-0.9720540039316119,0.5369956063839785,-0.747150757149712,0.003314347648550597,-1.539150580204415,-0.21152070420492536,-0.5293801022532725,1.0,0.0,0.0,0.0,0.0,1.0,0.0
0.10630323014018443,-0.05659602316804588,1.5411629831910536,-1.4046698523570524,-0.03947159948880799,1.5100884778838644,2.258334629707881,1.0,0.0,1.0,0.0,0.0,0.0,0.0
1.993428389765828,0.01622376781789023,1.5411629831910536,0.12064636431568289,-0.75323897516205,-0.8770912642907979,0.12618375595193826,1.0,0.0,1.0,0.0,0.0,0.0,0.0
0.9150711556940316,-0.6656342750504204,-1.172240373193318,0.2233118788994251,0.2882473998794448,0.8356436436635145,-0.6109335008816719,1.0,0.0,0.0,0.0,0.0,1.0,0.0
0.9150711556940316,0.7047017916849222,1.5411629831910536,0.09131336014890014,1.0994862343811829,1.0663747711599494,2.258334629707881,1.0,0.0,1.0,0.0,0.0,0.0,0.0
0.6454818471760826,1.7131455638234923,1.5391143585354221,1.6312960789050268,1.0994862343811829,1.075249045294429,0.17009712444415323,1.0,0.0,0.0,0.0,1.0,0.0,0.0
0.6454818471760826,1.5807459438490625,0.16653583926208873,0.13531286639907555,1.0994862343811829,0.13457598703972884,-1.4099999739810856,1.0,0.0,0.0,0.0,1.0,0.0,0.0
-0.16328607837776465,1.56750598185162,0.6305493237627006,-0.6126787398539014,1.0994862343811829,-0.22039497833940347,0.6625541853925655,1.0,0.0,0.0,0.0,0.0,1.0,0.0
0.6454818471760826,1.0908673499436745,1.5411629831910536,1.1326350080697098,1.0994862343811829,-0.9569597315011024,0.36457061348110575,0.0,1.0,0.0,0.0,0.0,0.0,1.0
0.3758925386581335,1.0599741052829743,0.32223131309010816,1.0593024976527516,0.1961483836635424,0.24994155078794664,-0.8869603885470239,1.0,0.0,0.0,0.0,0.0,0.0,1.0
-0.9720540039316119,0.12435012413034084,-0.5883823463382447,-1.3753368481902684,-0.6250678442615859,0.04583324569494538,0.11677374841789209,1.0,0.0,0.0,0.0,0.0,1.0,0.0
-0.4328753868957137,-1.486511918891882,-1.1015628225740197,0.6926399455679595,0.026532695465921886,-0.8327198936184065,2.0677819771434476,1.0,0.0,0.0,0.0,1.0,0.0,0.0
0.6454818471760826,-0.2772620564587613,0.7268346825773968,1.1326350080697098,-0.8177082865131817,0.7823979988566443,0.8162509751153179,1.0,0.0,0.0,1.0,0.0,0.0,0.0
-1.51123262096751,1.4417263428759122,1.5411629831910536,1.3819655434873683,1.0994862343811829,-1.808890048411019,-1.2539506823748212,1.0,0.0,0.0,0.0,0.0,0.0,1.0
-0.16328607837776465,-1.7380711968432976,-0.23909184255301494,-0.36334820443624155,-1.8246575304737125,-0.7084800557357098,0.5088573956698125,1.0,0.0,0.0,0.0,1.0,0.0,0.0
-0.16328607837776465,-1.851714203988016,-0.44395430811619896,-1.5220018690241848,-0.806963401287993,-0.149400785263577,-1.4099999739810856,1.0,0.0,0.0,0.0,0.0,1.0,0.0
1.7238390812478788,-0.01908279750862427,-0.12539317416544787,0.5313084226506505,-0.5575285657032579,1.7940652501871701,-0.036923041304860474,1.0,0.0,0.0,0.0,0.0,0.0,1.0
0.6454818471760826,0.5171356633878141,0.9829127645313769,0.29664438931638326,0.15777379357358315,0.9332606591427761,-0.10279309404318336,1.0,0.0,0.0,0.0,0.0,0.0,1.0
0.6454818471760826,0.8437213926580731,0.6244034497958049,0.14997936848246693,0.34887925222157984,-0.4866232023737523,-1.2194473214166524,1.0,0.0,0.0,0.0,0.0,1.0,0.0
1.993428389765828,1.2056136872548466,-0.42244374923206524,0.2233118788994251,1.0994862343811829,0.9865063039496448,-0.8587303659448857,1.0,0.0,0.0,0.0,0.0,0.0,1.0
0.10630323014018443,0.6980818106862009,0.7186401839548697,0.6193074351510013,1.0994862343811829,-0.9658340056355805,0.37084395183713664,1.0,0.0,0.0,0.0,1.0,0.0,0.0
1.993428389765828,1.1283805756030958,1.5411629831910536,1.2646335268202347,1.0994862343811829,-0.9835825539045375,0.5088573956698125,0.0,1.0,0.0,0.0,0.0,1.0,0.0
-0.9720540039316119,-1.851714203988016,-0.7307617599046577,-0.906008781521734,-1.7049288093930393,0.8356436436635145,-0.20002983856165948,0.0,1.0,0.0,0.0,0.0,0.0,1.0
0.3758925386581335,-0.4802748070862195,-0.4920969875235471,-0.5393462294369419,-0.054821435524791906,-0.12277796286014188,-0.15297980089142893,1.0,0.0,0.0,0.0,0.0,1.0,0.0
1.1846604642119807,-1.851714203988016,0.938867334435293,-0.23134968568571657,0.4609330552842615,1.0929975935633853,0.49317404977973567,1.0,0.0,0.0,1.0,0.0,0.0,0.0
-0.4328753868957137,-1.6873180091864328,0.7247860579217654,-0.36334820443624155,0.07795464618646743,-1.1255709400561897,-0.8555936967668702,1.0,0.0,0.0,0.0,1.0,0.0,0.0
-0.4328753868957137,1.8676117871269928,1.1304137397368692,1.8366271080725112,1.0994862343811829,-0.9037140866942321,0.16382378608812265,1.0,0.0,0.0,0.0,0.0,1.0,0.0
-0.16328607837776465,1.2938801005711325,-0.721542948954314,0.003314347648550597,0.3074346949244245,0.613786790301557,1.9172218565987107,1.0,0.0,0.0,0.0,0.0,1.0,0.0
0.10630323014018443,1.5961925661794127,1.5411629831910536,0.8979709747354425,1.0994862343811829,-0.7972227970804933,-0.1623898084254751,1.0,0.0,0.0,0.0,0.0,1.0,0.0
1.1846604642119807,0.6804285280229436,0.29150194325563084,0.8393049664018758,0.36192661285216615,1.1728660607736898,-0.8995070652590853,1.0,0.0,0.0,0.0,0.0,0.0,1.0
-1.51123262096751,-0.10514255049200341,0.17165740090116804,0.003314347648550597,-0.4984316969647199,-1.0811995693837984,1.594144931263128,0.0,1.0,0.0,0.0,0.0,0.0,1.0
1.4542497727299297,-1.4291387502362958,0.04925207772716631,-1.5660013752743602,-1.399467072276964,-0.8149713453494495,0.6625541853925655,1.0,0.0,0.0,1.0,0.0,0.0,0.0
-1.51123262096751,0.4509358534005998,1.5411629831910536,0.003314347648550597,0.36576407186116183,1.2349859797150382,-1.0406571782697767,1.0,0.0,0.0,1.0,0.0,0.0,0.0
-0.9720540039316119,-0.33022190444853305,-0.22987303160267275,1.0886355018195344,0.12630662969981574,-0.9392111832321454,-1.4099999739810856,1.0,0.0,1.0,0.0,0.0,0.0,0.0
-0.16328607837776465,-0.42952161942935485,-0.7707099406894772,-1.8446649148588028,-0.04407655029960327,-0.8682169901563197,0.6625541853925655,1.0,0.0,0.0,0.0,0.0,0.0,1.0
-1.51123262096751,-0.7561073486996138,0.2792101953218408,-1.8446649148588028,-0.9558568108370348,-0.5398688471806226,-0.6924868995100715,1.0,0.0,1.0,0.0,0.0,0.0,0.0
-0.16328607837776465,-0.3346352251143473,-1.926134246465835,0.809971962235093,0.2690601048344652,-0.3801319127600126,-1.0155638248456538,1.0,0.0,0.0,0.0,0.0,1.0,0.0
-1.51123262096751,1.013634238291924,0.42773548285514806,0.7366394518181348,1.0994862343811829,0.22331872838451153,1.5878715929070972,1.0,0.0,0.0,0.0,1.0,0.0,0.0
1.7238390812478788,1.3093267229014824,-1.926134246465835,-1.0380073002722603,1.0994862343811829,-1.1965651331320162,0.1826438011562147,0.0,1.0,0.0,0.0,0.0,0.0,1.0
1.1846604642119807,0.7554549793417868,0.6684488798918902,1.7192950914053777,1.0994862343811829,-0.13165223699462078,0.12618375595193826,1.0,0.0,0.0,0.0,1.0,0.0,0.0
-1.51123262096751,-0.6148810873935557,-0.7748071900007415,-0.568679233603726,-0.37870297588404794,0.9066378367393402,-0.6987602378661021,1.0,0.0,1.0,0.0,0.0,0.0,0.0
-0.4328753868957137,-0.32801524411562594,-0.11105280157602494,0.19397887473264236,-0.1407805173262999,0.019210423291510258,-0.19689316938364418,1.0,0.0,0.0,1.0,0.0,0.0,0.0
0.3758925386581335,0.002983805820447194,-0.5402396669308952,-1.8446649148588028,0.7456725137517587,-0.6286115885254052,-0.12161310911127542,1.0,0.0,1.0,0.0,0.0,0.0,0.0
-0.9720540039316119,0.10007686046836188,-0.7338346968881041,0.03264735181533334,-0.17148018939826773,0.9865063039496448,-0.5921134858135798,1.0,0.0,0.0,0.0,1.0,0.0,0.0
-1.241643312449561,0.9871543142970378,-0.172511541244981,-0.3926812086030256,1.0994862343811829,0.6049125161670782,1.845078465504357,1.0,0.0,0.0,0.0,1.0,0.0,0.0
-1.51123262096751,0.2876429887654703,-0.6314034641065122,0.8246384643184844,0.4877952683472325,-1.5781589209145834,2.258334629707881,0.0,1.0,0.0,0.0,0.0,0.0,1.0
0.10630323014018443,-1.2989457905947737,-0.6529140229906473,-1.1260063127726099,-0.18452755002885401,0.3120614697292942,0.39280063608324395,0.0,1.0,0.0,1.0,0.0,0.0,0.0
0.10630323014018443,1.6050192075110412,1.0494930658394122,-0.02601865651823345,0.929103054381764,-1.8355128708144544,-0.40077666595464256,0.0,1.0,1.0,0.0,0.0,0.0,0.0
1.993428389765828,-0.28829535812329726,-1.926134246465835,-1.8446649148588028,-0.1568978451640834,-0.18489788180149022,-0.3537266282844123,1.0,0.0,0.0,0.0,0.0,1.0,0.0
0.3758925386581335,0.7201484140152723,0.10610141192094912,0.7219729497347422,1.0994862343811829,-1.3119306968802347,-0.516833425541211,1.0,0.0,0.0,0.0,1.0,0.0,0.0
0.6454818471760826,-0.213268906804454,-0.14075785908268726,1.0299694934859676,-1.4931010720964644,-1.8355128708144544,-0.6517102001958718,1.0,0.0,1.0,0.0,0.0,0.0,0.0
-1.241643312449561,-0.943673476996722,-0.016816067416960123,0.2673113851496005,-1.3795122854301847,1.7940652501871701,-1.4099999739810856,1.0,0.0,0.0,1.0,0.0,0.0,0.0
0.3758925386581335,-0.8112738570222926,-0.5013157984738907,0.8539714684852672,0.9881999231203009,1.7940652501871701,-0.6046601625256413,0.0,1.0,0.0,0.0,0.0,0.0,1.0
0.10630323014018443,0.20158323578209117,-0.2841615849769152,0.6779734434845681,0.005042925015544618,-1.338553519283669,0.5339507490939356,0.0,1.0,0.0,0.0,0.0,0.0,1.0
-1.51123262096751,0.9805343332983169,0.8794572194219699,1.1619680122364926,1.0994862343811829,-0.7351028781391449,-0.14356979335738304,1.0,0.0,0.0,0.0,0.0,1.0,0.0
-1.51123262096751,0.6914618296874796,0.1009798502818698,0.13531286639907555,0.9858974477149033,-1.1610680365941028,-0.5293801022532725,0.0,1.0,1.0,0.0,0.0,0.0,0.0
0.3758925386581335,-0.1007292298261888,0.23823770220920343,-0.36334820443624155,1.0994862343811829,1.7940652501871701,-0.9371470953952697,0.0,1.0,0.0,0.0,0.0,1.0,0.0
-1.241643312449561,0.6892551693545724,0.5025102827857106,0.6046409330676086,1.0994862343811829,0.3209357438637731,0.33634059087896756,1.0,0.0,0.0,0.0,0.0,0.0,1.0
1.4542497727299297,1.8676117871269928,0.13273353244416355,1.8366271080725112,1.0096896935706783,-0.8415941677528846,-0.8775503810129779,0.0,1.0,1.0,0.0,0.0,0.0,0.0
-0.4328753868957137,-0.19120230347538217,-1.0247393979878257,-1.1406728148560012,-0.2612767302087725,-1.5781589209145834,1.8199851120802342,1.0,0.0,0.0,0.0,0.0,1.0,0.0
-1.51123262096751,-0.1713423604792178,-1.135365129391945,-1.5513348731909689,-1.6450644488527033,-0.7084800557357098,2.258334629707881,1.0,0.0,0.0,0.0,0.0,0.0,1.0
0.6454818471760826,-0.930433514999279,0.04925207772716631,0.29664438931638326,-0.984254007503605,0.8356436436635145,-0.3129499289702126,0.0,1.0,0.0,0.0,1.0,0.0,0.0
0.10630323014018443,-0.4846881277520337,0.543482775898348,-0.994007794022085,-0.660372467144349,-0.46887465410479606,0.1732337936221688,1.0,0.0,0.0,1.0,0.0,0.0,0.0
1.993428389765828,-0.18899564314247505,-0.41527356293735307,-1.5220018690241848,0.2867124162758457,-1.1344452141906685,-0.9183270803271776,1.0,0.0,0.0,0.0,1.0,0.0,0.0
-0.4328753868957137,-1.851714203988016,-0.7235915736099455,-1.463335860690618,-2.0788891898196917,0.11682743877077184,0.11991041759590766,0.0,1.0,0.0,0.0,1.0,0.0,0.0
0.10630323014018443,-0.39421505410284036,0.6244034497958049,1.4846310580711104,-1.333462777322234,1.7141967829768656,1.622374953865266,0.0,1.0,0.0,0.0,0.0,0.0,1.0
0.6454818471760826,-0.4251082987635406,-0.6355007134177765,-0.07001816276840887,0.24603535078048877,0.7646494505876881,-0.16552647760349037,0.0,1.0,0.0,0.0,0.0,0.0,1.0
0.3758925386581335,0.7157350933494582,1.5411629831910536,1.0006364893191848,-0.24899686137998472,-0.7351028781391449,-1.4099999739810856,1.0,0.0,0.0,0.0,0.0,1.0,0.0
0.3758925386581335,-1.2393659616062807,0.6551328196302821,0.35531039764995004,-0.8438030077743532,-1.8355128708144544,0.2798805456746911,0.0,1.0,0.0,0.0,0.0,0.0,1.0
-0.9720540039316119,0.3339828557565203,-0.050618374234886764,0.10597986223229151,-0.010306911020438212,0.019210423291510258,-1.398237464563528,0.0,1.0,0.0,0.0,0.0,0.0,1.0
0.3758925386581335,-0.05659602316804588,0.5424584635705315,0.4433094101503009,1.0994862343811829,0.1789473577121202,1.3181180435977764,1.0,0.0,0.0,0.0,1.0,0.0,0.0
0.10630323014018443,1.5432327181896406,1.5411629831910536,-0.3780147065196342,1.0994862343811829,1.0131291263530806,-0.04946971801692193,1.0,0.0,1.0,0.0,0.0,0.0,0.0
0.6454818471760826,-1.5416784272145607,-0.12027161252636856,-1.8446649148588028,-0.5452486968744712,0.8711407402014277,-0.44155336526884226,1.0,0.0,0.0,0.0,0.0,1.0,0.0
-0.9720540039316119,0.5789221527092148,1.5411629831910536,0.3846434018167341,1.0994862343811829,0.47179840414990415,-0.5199700947192264,0.0,1.0,0.0,0.0,1.0,0.0,0.0
-0.7024646954136627,-0.09410924882746749,-0.4162978752651695,-1.8446649148588028,-0.4738719593071465,1.1018718676978634,-1.398237464563528,0.0,1.0,0.0,0.0,0.0,0.0,1.0
-1.51123262096751,1.251953554245897,-0.6805704558416766,1.103302003902927,1.0994862343811829,1.6432025899010392,0.40221064361729014,1.0,0.0,0.0,0.0,1.0,0.0,0.0
0.3758925386581335,-0.6501876527200703,1.0505173781672272,1.367299041403977,-0.24515940237098902,-0.5842402178530138,-0.8399103508767934,0.0,1.0,0.0,0.0,0.0,1.0,0.0
-1.241643312449561,-0.5773678617341341,1.004423323415512,0.003314347648550597,-0.6941421064235129,0.8178950953945575,-1.0845705467619917,0.0,1.0,0.0,0.0,1.0,0.0,0.0
-0.4328753868957137,1.5697126421845267,1.5411629831910536,1.5286305643212845,1.0994862343811829,0.7114038057808179,1.6506049764674044,0.0,1.0,0.0,0.0,1.0,0.0,0.0
0.10630323014018443,-0.6192944080593704,-1.666983227528407,-0.5980122377705087,-1.1093551711968719,1.0929975935633853,0.5841374559421815,1.0,0.0,0.0,0.0,0.0,0.0,1.0
1.7238390812478788,-1.7844110638343478,-1.926134246465835,-0.9206752836051267,-1.8645671041672698,-0.149400785263577,0.16382378608812265,1.0,0.0,0.0,1.0,0.0,0.0,0.0
-0.4328753868957137,0.5546488890472357,-0.5791635353879011,-0.08468466485180025,1.0994862343811829,0.5960382420326,-0.5293801022532725,1.0,0.0,0.0,0.0,0.0,0.0,1.0
0.10630323014018443,-0.21547556713736113,-0.6949108284310996,-0.4806802211033751,-1.6281796292131214,1.4923399296149082,-0.5482001173213649,1.0,0.0,0.0,0.0,1.0,0.0,0.0
-0.9720540039316119,1.4351063618771904,1.103781619213656,0.25264488306620914,0.648968546725061,-0.007412399111924074,0.7127408922408108,0.0,1.0,0.0,0.0,1.0,0.0,0.0
-1.51123262096751,-1.5482984082132822,-1.348422093577656,0.003314347648550597,-0.5897632213788239,-0.3712576386255345,0.9824944415501324,0.0,1.0,0.0,0.0,0.0,1.0,0.0
1.1846604642119807,1.2144403285864749,-0.9755724062526612,1.1619680122364926,0.15777379357358315,-1.8355128708144544,-1.1535772686783297,0.0,1.0,0.0,0.0,0.0,0.0,1.0
0.10630323014018443,-1.1665461706203446,-0.671351644891333,-1.067340304439043,-0.0962659928219473,-1.1699423107285818,-0.2219865228077671,0.0,1.0,0.0,0.0,0.0,0.0,1.0
0.6454818471760826,-0.6965275197111207,0.10405278726531768,-1.8446649148588028,0.147796400150193,0.7469009023187311,1.4435848107183904,1.0,0.0,0.0,0.0,0.0,0.0,1.0
0.3758925386581335,0.5568555493801429,-0.37634969448034855,-0.12868417110197566,0.15777379357358315,0.11682743877077184,-1.3292307426471899,1.0,0.0,0.0,0.0,1.0,0.0,0.0
1.1846604642119807,-1.7689644415039976,-1.8831131286975678,-1.0526738023556517,-0.9021323847110917,1.5367113002873003,1.3024346977076993,1.0,0.0,0.0,1.0,0.0,0.0,0.0
-0.9720540039316119,0.39356268474501344,0.7176158716270532,0.9273039789022266,1.0327144476246535,1.7940652501871701,1.481224840854575,1.0,0.0,0.0,1.0,0.0,0.0,0.0
-0.4328753868957137,-0.1713423604792178,-1.3658354031505269,-1.8446649148588028,-0.4508472052531712,-0.32688626795314313,0.10422707170583062,1.0,0.0,0.0,0.0,1.0,0.0,0.0
0.6454818471760826,-1.40265882624141,-0.4685378039837819,-0.7006777523542509,0.19845085906894006,0.8533921919324707,0.9228977271678401,0.0,1.0,0.0,0.0,1.0,0.0,0.0
-1.241643312449561,-0.7980338950248496,-0.736907633871552,-1.3460038440234856,-1.334997760925832,0.47179840414990415,-0.1592531392474598,1.0,0.0,0.0,0.0,0.0,0.0,1.0
-0.4328753868957137,-1.2614325649353522,-1.926134246465835,-0.040685158601624825,-1.513823350745042,1.6343283157665611,1.3902614346921291,1.0,0.0,0.0,0.0,1.0,0.0,0.0
-0.9720540039316119,-1.851714203988016,-1.505141879733492,-0.8033432669379932,-2.0788891898196917,1.1107461418323414,-0.5827034782795336,0.0,1.0,1.0,0.0,0.0,0.0,0.0
-1.51123262096751,-0.630327709723906,-0.22680009461922487,0.1646458705658583,0.015020318438934767,-1.036828198711407,-0.783450305672517,1.0,0.0,1.0,0.0,0.0,0.0,0.0
1.993428389765828,1.2387135922484536,1.5411629831910536,0.23797838098281646,1.0994862343811829,-0.3535090903565783,-0.17179981595952126,1.0,0.0,0.0,0.0,0.0,1.0,0.0
0.6454818471760826,-1.574778332208168,-1.5082148167169398,-0.3193486981860674,-0.024889255254623644,1.7940652501871701,-1.1002538926520686,1.0,0.0,0.0,0.0,1.0,0.0,0.0
-0.9720540039316119,-0.09410924882746749,-0.8659709871763585,-0.5393462294369419,0.12170167888902154,1.2616088021184726,0.3112472374548446,1.0,0.0,1.0,0.0,0.0,0.0,0.0
0.9150711556940316,-1.1731661516190661,-1.9199883724989408,1.8366271080725112,-0.3318859759742977,0.6847809833773827,0.4178939895073669,0.0,1.0,0.0,0.0,0.0,1.0,0.0
1.1846604642119807,-0.22209554813608245,-0.11412573855947282,0.4433094101503009,0.1715886460059679,-0.9392111832321454,-0.7332635988242712,0.0,1.0,1.0,0.0,0.0,0.0,0.0
-1.51123262096751,1.470412927203705,0.2802345076496558,0.12064636431568289,0.8569588250126408,-0.5043717506427093,-0.8116803282746553,1.0,0.0,0.0,0.0,0.0,0.0,1.0
0.9150711556940316,-1.1444795672912729,-1.926134246465835,0.19397887473264236,-2.0788891898196917,0.36530711453616443,-0.3537266282844123,1.0,0.0,0.0,1.0,0.0,0.0,0.0
1.993428389765828,1.2651935162433396,1.5411629831910536,1.7632945976555519,1.0994862343811829,-0.8060970712149713,-0.0588797255509681,1.0,0.0,0.0,0.0,1.0,0.0,0.0
-0.16328607837776465,-0.6060544460619274,-1.556357496124288,-1.3900033502736597,-0.7348191719188699,0.6670324351084265,-1.4099999739810856,0.0,1.0,0.0,1.0,0.0,0.0,0.0
0.3758925386581335,-0.6016411253961131,0.47895109924594403,-0.42201421276980833,-0.6281378114687831,-0.6552344109288404,0.48376404224568953,0.0,1.0,0.0,1.0,0.0,0.0,0.0
-0.4328753868957137,-0.5575079187379698,-0.09159086734752268,1.8366271080725112,-0.9259246305668666,-0.7351028781391449,0.6907842079947037,0.0,1.0,0.0,0.0,0.0,1.0,0.0
-0.9720540039316119,-0.8090671966893855,-0.31489095481139395,-1.7126663961082778,-0.02949420606541784,1.1018718676978634,0.2547871922505682,1.0,0.0,0.0,1.0,0.0,0.0,0.0
0.10630323014018443,0.7620749603405081,1.5411629831910536,1.6899620872385936,1.0994862343811829,1.7940652501871701,-0.9026437344371007,0.0,1.0,0.0,1.0,0.0,0.0,0.0
-1.241643312449561,0.9805343332983169,0.774977361984745,1.3232995351538015,1.0994862343811829,0.9510092074117323,0.348887267591029,1.0,0.0,0.0,0.0,1.0,0.0,0.0
0.10630323014018443,-1.851714203988016,-1.926134246465835,-1.2286718273563522,-2.0788891898196917,-0.76172570054258,-0.32863327486028937,1.0,0.0,0.0,0.0,1.0,0.0,0.0
1.993428389765828,-1.851714203988016,-1.313595474431916,-0.1726836773521498,-0.7670538275944346,0.48067267828438226,-0.852457027588855,1.0,0.0,0.0,1.0,0.0,0.0,0.0
0.3758925386581335,-0.3368418854472544,-0.9612320336632397,0.36997689973334275,-0.6711173523695365,-0.9392111832321454,1.205197953189223,0.0,1.0,0.0,0.0,0.0,0.0,1.0
-0.16328607837776465,-1.3452856575858239,-1.926134246465835,-1.1553393169393926,0.15777379357358315,-0.20264643007044725,-0.4195966810227349,0.0,1.0,1.0,0.0,0.0,0.0,0.0
-0.7024646954136627,-0.5067547310811056,-0.5443369162421595,-0.6566782461040755,-0.20371484507383364,1.1196204159668197,-0.1623898084254751,0.0,1.0,0.0,1.0,0.0,0.0,0.0
0.6454818471760826,-1.8086843274963262,-1.8595539451578011,-1.8446649148588028,-1.8177501042575195,0.24994155078794664,-0.6297535159497643,1.0,0.0,1.0,0.0,0.0,0.0,0.0
-1.51123262096751,-0.01908279750862427,-0.5545800395203181,0.003314347648550597,-0.6979795654325087,0.6049125161670782,0.1763704628001841,0.0,1.0,1.0,0.0,0.0,0.0,0.0
1.7238390812478788,1.8676117871269928,1.5411629831910536,0.6193074351510013,1.0994862343811829,0.613786790301557,-1.4099999739810856,1.0,0.0,0.0,0.0,0.0,0.0,1.0
-0.7024646954136627,-0.01908279750862427,1.5411629831910536,-0.12868417110197566,1.0250395296066621,-0.06065804391879431,0.8037042984032566,0.0,1.0,0.0,1.0,0.0,0.0,0.0
0.3758925386581335,-1.259225904602445,0.6991782497263674,-1.1846723211061767,-0.42935743480279387,0.14345026117420695,2.2152054285101697,0.0,1.0,0.0,0.0,0.0,0.0,1.0
-0.16328607837776465,-1.851714203988016,-0.4306382478545924,-1.8446649148588028,-0.11468579606512734,-0.21152070420492536,-0.7332635988242712,1.0,0.0,1.0,0.0,0.0,0.0,0.0
0.3758925386581335,-0.4118683367660976,0.04925207772716631,1.0153029914025762,-2.0510676120044717,1.2971058986563866,0.7848842833351644,0.0,1.0,0.0,0.0,0.0,0.0,1.0
-0.9720540039316119,-0.4140749970990047,0.03849679828509874,-0.02601865651823345,1.0994862343811829,-0.18489788180149022,0.2485138538945373,1.0,0.0,1.0,0.0,0.0,0.0,0.0
0.3758925386581335,0.25674974410477003,1.3844431970352176,0.9859699872357934,0.15777379357358315,0.37418138867064255,1.8199851120802342,1.0,0.0,0.0,0.0,0.0,0.0,1.0
0.10630323014018443,1.262986855910432,-0.19504641245693113,0.8246384643184844,1.0994862343811829,-0.7705999746770581,-1.4099999739810856,0.0,1.0,0.0,0.0,1.0,0.0,0.0
0.6454818471760826,1.8676117871269928,1.5411629831910536,1.8366271080725112,1.0994862343811829,-0.7351028781391449,-1.4099999739810856,1.0,0.0,0.0,0.0,1.0,0.0,0.0
1.4542497727299297,-0.01908279750862427,1.3475679532338447,-0.3193486981860674,1.0994862343811829,-0.3623833644910564,0.27360720731866023,0.0,1.0,0.0,0.0,0.0,1.0,0.0
0.6454818471760826,0.2898496490983774,0.23926201453701987,1.3232995351538015,1.0994862343811829,-1.8355128708144544,-0.8210903358087013,1.0,0.0,0.0,0.0,0.0,0.0,1.0
0.9150711556940316,-0.2816753771245755,-0.582236472371349,-1.1846723211061767,0.13474903951960782,0.738026628184253,2.258334629707881,0.0,1.0,0.0,0.0,0.0,0.0,1.0
0.10630323014018443,-1.851714203988016,-0.7205186366264976,-1.8446649148588028,-2.0788891898196917,-0.318011993818665,0.3802539593711825,1.0,0.0,0.0,0.0,0.0,0.0,1.0
0.3758925386581335,-1.2901191492631452,0.35500930758021837,-0.9500082877719095,1.016597119786871,0.5782896937636438,-0.44782670362487315,1.0,0.0,0.0,1.0,0.0,0.0,0.0
0.3758925386581335,0.30308961109582044,-0.28518589730473165,0.6926399455679595,1.0994862343811829,0.9243863850082964,-0.48233006458304223,1.0,0.0,0.0,0.0,1.0,0.0,0.0
-0.9720540039316119,-0.01908279750862427,-1.271598668991462,-0.45134721693659235,0.15777379357358315,0.03695897156046727,-0.07456307144104486,1.0,0.0,0.0,0.0,0.0,0.0,1.0
0.6454818471760826,0.656155264360965,1.5411629831910536,1.1473015101531012,0.6105939566351017,-0.9392111832321454,-0.14356979335738304,1.0,0.0,0.0,0.0,0.0,0.0,1.0
0.3758925386581335,-0.03894274050478863,-0.981718280219557,-0.1726836773521498,0.15777379357358315,0.05470751982942349,0.3018372299207984,1.0,0.0,0.0,0.0,0.0,0.0,1.0
0.3758925386581335,0.6605685850267793,1.5411629831910536,0.8686379705686599,0.5706843829415444,0.8800150143359059,-1.078297208405961,1.0,0.0,0.0,0.0,0.0,0.0,1.0
-0.7024646954136627,-0.7450740470350778,-1.567624931730263,1.0886355018195344,-0.15536286156048423,1.7940652501871701,-1.3072740584010822,0.0,1.0,0.0,0.0,0.0,1.0,0.0
1.7238390812478788,1.67563233816407,0.04925207772716631,1.8366271080725112,1.0994862343811829,-0.22926925247388158,-0.8932337269030546,1.0,0.0,0.0,1.0,0.0,0.0,0.0
0.10630323014018443,0.726768395013994,-0.21143540970198552,-0.275349191935892,-0.045611533903201336,-0.5221202989116656,2.149335375771847,0.0,1.0,0.0,0.0,0.0,0.0,1.0
-0.4328753868957137,-0.7252141040389135,-0.8147553707855625,0.3113108913997759,-0.2589742548033749,-1.507164727838757,-0.930873757039239,1.0,0.0,1.0,0.0,0.0,0.0,0.0
-0.7024646954136627,1.3049134022356683,0.5004616581300791,1.4406315518209352,0.011950351231737546,-0.8504684418873627,-0.24707987623189004,1.0,0.0,0.0,0.0,1.0,0.0,0.0
-1.241643312449561,0.865787995987145,-0.787098937934533,-0.09935116693519162,0.2851774326722476,-0.5576173954495788,-1.2319939981287138,0.0,1.0,0.0,0.0,0.0,1.0,0.0
0.9150711556940316,1.8676117871269928,1.5411629831910536,0.5899744309842172,1.0994862343811829,-0.8948398125597541,-0.1623898084254751,1.0,0.0,0.0,0.0,1.0,0.0,0.0
0.10630323014018443,1.2938801005711325,0.6694731922197051,1.4406315518209352,0.7717672350129312,-0.7084800557357098,1.791755089478096,1.0,0.0,0.0,1.0,0.0,0.0,0.0
1.1846604642119807,0.8282747703277229,-1.0554687678223031,-0.8620092752715599,-1.281273334799889,-0.45112610583583906,-0.792860313206563,1.0,0.0,0.0,1.0,0.0,0.0,0.0
0.10630323014018443,-0.7053541610427492,-1.926134246465835,1.0593024976527516,-2.0788891898196917,-0.9480854573666243,0.6468708395024885,0.0,1.0,0.0,0.0,1.0,0.0,0.0
0.3758925386581335,1.2828467989065964,0.16243858995082588,0.003314347648550597,0.15777379357358315,-0.8149713453494495,-0.498013410473119,0.0,1.0,0.0,0.0,0.0,1.0,0.0
-1.51123262096751,-0.01908279750862427,-1.1783862471602138,-0.7006777523542509,0.2943873342938382,-1.7023987587972795,0.22655716964842995,0.0,1.0,1.0,0.0,0.0,0.0,0.0
-0.16328607837776465,-1.5063718618880464,-0.2165569713410648,-1.0233407981888676,-0.06019387813738568,1.1906146090426462,-1.4099999739810856,1.0,0.0,0.0,0.0,0.0,1.0,0.0
-0.7024646954136627,-0.972360061324515,0.8518007865709389,0.809971962235093,-0.4708019920999493,-1.2586850520733646,-1.4099999739810856,1.0,0.0,0.0,1.0,0.0,0.0,0.0
-0.16328607837776465,0.8856479389833093,0.2648698227324179,1.0006364893191848,1.0994862343811829,0.38305566280512066,-0.4321433577347964,1.0,0.0,0.0,0.0,1.0,0.0,0.0
-1.51123262096751,-0.444968241759705,0.7780502989681929,-0.8913422794383427,0.9690126280753213,0.8445179177979927,-0.7269902604682403,1.0,0.0,0.0,0.0,0.0,0.0,1.0
0.9150711556940316,-0.8002405553577567,-1.926134246465835,-1.360670346106877,-1.5759901866907762,0.23219300251898964,-1.0657505316938995,0.0,1.0,0.0,0.0,0.0,0.0,1.0
0.10630323014018443,-0.8752670066766003,0.837460413981516,-0.5540127315203346,1.0994862343811829,-1.7378958553351926,-1.018700494023669,0.0,1.0,0.0,0.0,0.0,0.0,1.0
1.1846604642119807,-1.5041652015551392,0.6059658278951191,0.780638958068309,0.15777379357358315,1.2793573503874287,-0.17493648513753654,0.0,1.0,0.0,0.0,0.0,1.0,0.0
0.3758925386581335,0.25895640443767715,0.23823770220920343,1.8366271080725112,0.8416089889766568,1.7940652501871701,-0.24707987623189004,1.0,0.0,0.0,0.0,0.0,1.0,0.0
0.9150711556940316,-0.4427615814267979,0.9911072631539041,-0.29001569401928334,-2.0788891898196917,0.24106727665346775,-0.49174007211708815,1.0,0.0,0.0,0.0,0.0,1.0,0.0
0.10630323014018443,0.6054020767041004,1.5411629831910536,0.5019754184838677,-0.031796681470815484,0.7912722729911225,-0.36313663581845823,1.0,0.0,0.0,1.0,0.0,0.0,0.0
1.4542497727299297,-0.2618154341284112,-0.5238506696858408,0.35531039764995004,0.6543409893376558,-0.4777489282392742,0.6437341703244732,1.0,0.0,1.0,0.0,0.0,0.0,0.0
-0.16328607837776465,-1.4710652965615318,1.5411629831910536,-1.5660013752743602,0.15777379357358315,0.8001465471256013,0.44298734293148984,1.0,0.0,0.0,0.0,0.0,1.0,0.0
0.3758925386581335,-1.3386656765871026,0.04925207772716631,-1.6246673836079268,1.0994862343811829,-0.06953231805327242,-0.5293801022532725,1.0,0.0,0.0,0.0,0.0,0.0,1.0
-1.241643312449561,-0.9414668166638147,1.016715071349302,0.7366394518181348,0.15777379357358315,-1.498290453704279,0.21401049293636848,1.0,0.0,1.0,0.0,0.0,0.0,0.0
0.10630323014018443,0.38473604341338496,0.48304834855720835,-0.6713447481874681,1.0994862343811829,1.474591381345952,-0.11533977075524454,1.0,0.0,0.0,0.0,0.0,0.0,1.0
0.10630323014018443,0.40459598640954936,-0.5709690367653739,0.003314347648550597,1.0994862343811829,0.21444445425003342,-0.6109335008816719,1.0,0.0,0.0,0.0,1.0,0.0,0.0
-1.241643312449561,1.0776273879462313,1.0781738110182582,0.4579759122336923,1.0994862343811829,-1.631404565721453,-1.018700494023669,1.0,0.0,0.0,0.0,0.0,1.0,0.0
-0.7024646954136627,0.48182909806129964,0.08663947769244687,1.8366271080725112,0.6443635959142657,-0.7084800557357098,-0.1623898084254751,0.0,1.0,0.0,0.0,1.0,0.0,0.0
-0.9720540039316119,-0.5023414104152909,1.1754834821607707,-1.1700058190227853,0.6228738254638895,0.03695897156046727,0.8946677045657019,1.0,0.0,1.0,0.0,0.0,0.0,0.0
-0.4328753868957137,0.14200340679359807,0.28228313230528723,0.9126374768188339,0.7709997432111316,-1.64915311399041,0.40534731279530545,0.0,1.0,0.0,0.0,0.0,1.0,0.0
-0.7024646954136627,-0.3699417904408618,-0.5965768449607719,-0.7593437606878177,-1.7647931699333759,-0.22039497833940347,0.10422707170583062,1.0,0.0,0.0,1.0,0.0,0.0,0.0
1.1846604642119807,0.12876344479615506,0.19214364745748674,-0.46601371901998373,-0.058658894533787614,-0.40675473516344773,-0.20943984609570565,0.0,1.0,0.0,0.0,0.0,1.0,0.0
-0.16328607837776465,0.49286239972583556,0.3089152528285017,0.25264488306620914,0.836236546364062,-0.19377215593596833,-0.21257651527372093,0.0,1.0,0.0,0.0,0.0,1.0,0.0
-0.7024646954136627,-0.29270867878911144,-0.05471562354614963,-0.9500082877719095,-0.4193800413794048,0.09020461636733672,0.3457505984130137,1.0,0.0,0.0,0.0,0.0,1.0,0.0
-0.4328753868957137,0.06697695547475488,1.5411629831910536,1.1326350080697098,0.1362840231232059,0.13457598703972884,-0.44155336526884226,1.0,0.0,0.0,0.0,0.0,0.0,1.0
-0.7024646954136627,-0.7627273296983351,-1.4324157044585624,-1.8446649148588028,-0.567505959126647,-1.4006734382250174,0.9824944415501324,1.0,0.0,0.0,1.0,0.0,0.0,0.0
1.7238390812478788,1.1769271029270538,1.3065954601212073,-0.055351660685016194,0.6297812516800814,1.039751948756515,1.559641570304959,0.0,1.0,0.0,0.0,0.0,0.0,1.0
-1.241643312449561,1.1305872359360034,0.8897003427001284,0.1646458705658583,1.0994862343811829,0.019210423291510258,0.973084434016086,1.0,0.0,0.0,0.0,0.0,1.0,0.0
-0.7024646954136627,0.8966812406478445,-0.47878092726194055,1.8366271080725112,0.6228738254638895,0.6670324351084265,0.7001942155287496,0.0,1.0,0.0,0.0,1.0,0.0,0.0
-1.51123262096751,-0.888506968674043,-1.7407337151311548,-0.8180097690213846,-0.6450226311083651,-0.18489788180149022,0.1732337936221688,1.0,0.0,0.0,0.0,0.0,0.0,1.0
0.10630323014018443,1.1283805756030958,1.3680541997901634,0.8833044726520513,1.0994862343811829,0.1700730835776421,0.028947011433462132,0.0,1.0,0.0,0.0,0.0,0.0,1.0
0.6454818471760826,-1.851714203988016,-0.05778856052959751,0.3846434018167341,-0.2674166646231659,0.1789473577121202,-0.9779237947094694,1.0,0.0,0.0,0.0,0.0,0.0,1.0
-1.51123262096751,-0.6810808973807706,-1.014496274709667,-0.02601865651823345,0.044185006907303453,-1.1255709400561897,-1.4099999739810856,1.0,0.0,0.0,0.0,0.0,0.0,1.0
0.10630323014018443,0.06918361580766198,1.2533312190747798,-0.275349191935892,1.0373193984354487,0.7114038057808179,-0.6893502303320559,1.0,0.0,0.0,0.0,1.0,0.0,0.0
0.10630323014018443,-0.5795745220670413,-0.952013222712896,-0.9353417856885181,-1.0341409746205514,-0.9480854573666243,1.026407810042347,1.0,0.0,0.0,0.0,0.0,1.0,0.0
0.3758925386581335,-1.6630447455244544,-1.182483496471478,0.003314347648550597,1.0994862343811829,-0.6286115885254052,-0.0588797255509681,0.0,1.0,0.0,1.0,0.0,0.0,0.0
0.10630323014018443,-1.4909252395576962,-1.9230613094823872,-1.3460038440234856,-2.0788891898196917,0.019210423291510258,0.12304708677392295,1.0,0.0,0.0,1.0,0.0,0.0,0.0
0.6454818471760826,0.22806315977697683,-0.27289414937094014,0.03264735181533334,-0.06940377975897626,1.2438602538495163,0.29556389156476787,0.0,1.0,0.0,0.0,0.0,0.0,1.0
-0.16328607837776465,-0.02570277850734559,0.04925207772716631,-0.08468466485180025,0.14856389195199257,0.5161697748222955,-1.4099999739810856,1.0,0.0,0.0,0.0,0.0,0.0,1.0
0.10630323014018443,-0.8443737620159,-0.6867163298085724,-0.5100132252701591,-0.11852325507412415,-0.8682169901563197,1.697655014137635,0.0,1.0,0.0,0.0,0.0,1.0,0.0
-1.51123262096751,-1.851714203988016,-1.236772049845722,-1.8446649148588028,-1.0210936139899651,-1.8355128708144544,0.15755044773209176,1.0,0.0,0.0,0.0,1.0,0.0,0.0
0.3758925386581335,-1.4843052585589747,-1.926134246465835,-0.568679233603726,-1.2881807610160818,-0.10502941459118566,-1.407647472097574,1.0,0.0,0.0,0.0,0.0,0.0,1.0
-0.9720540039316119,0.07139027614056909,0.3212070007622932,-0.24601618776910925,0.41872100618530544,-0.6818572333322747,0.19832714704629173,0.0,1.0,0.0,0.0,0.0,1.0,0.0
-1.51123262096751,-1.1643395102874374,-0.76251544206695,1.8366271080725112,-2.0788891898196917,1.1551175125047337,-0.9371470953952697,1.0,0.0,0.0,0.0,1.0,0.0,0.0
-0.4328753868957137,-1.851714203988016,-1.926134246465835,-0.5980122377705087,-1.6082248423663421,-1.0811995693837984,2.258334629707881,0.0,1.0,0.0,0.0,0.0,0.0,1.0
0.3758925386581335,-0.08528260749583906,-1.482607008521542,-0.6713447481874681,-0.4984316969647199,-0.8327198936184065,0.7127408922408108,0.0,1.0,0.0,0.0,1.0,0.0,0.0
1.993428389765828,1.0312875209551815,0.23516476522575555,0.06198035598211609,0.43867579303208465,-0.5576173954495788,-0.9591037796413773,0.0,1.0,1.0,0.0,0.0,0.0,0.0
-1.51123262096751,0.5546488890472357,-0.915137978911523,-1.4340028565238352,-0.44700974624417544,-1.8355128708144544,1.7447050518078655,0.0,1.0,0.0,0.0,0.0,1.0,0.0
0.3758925386581335,0.7642816206734157,1.5411629831910536,0.25264488306620914,1.0994862343811829,0.5339183230912518,0.7911576216911949,1.0,0.0,0.0,1.0,0.0,0.0,0.0
0.3758925386581335,-1.4843052585589747,-1.3105225374484681,-0.08468466485180025,-1.9589685957885699,0.5161697748222955,-0.06515306390699897,1.0,0.0,0.0,1.0,0.0,0.0,0.0
0.6454818471760826,-0.2353355101335255,-0.827047118719354,1.176634514319885,1.0971837589757854,0.09907889050181562,-0.41646001184471965,0.0,1.0,0.0,0.0,0.0,1.0,0.0
0.9150711556940316,1.8676117871269928,0.6192818881567256,-0.3926812086030256,0.15777379357358315,-0.41562900929792584,-0.19061983102761332,1.0,0.0,0.0,0.0,1.0,0.0,0.0
-0.9720540039316119,0.8591680149884232,0.7637099263787699,0.3259773934831673,1.0994862343811829,0.09907889050181562,-0.8242270049867166,0.0,1.0,0.0,0.0,0.0,0.0,1.0
1.7238390812478788,1.3335999865634611,1.5411629831910536,0.8979709747354425,1.0994862343811829,-0.7883485229460143,0.141867101842015,1.0,0.0,0.0,0.0,1.0,0.0,0.0
-1.51123262096751,-0.15810239848177515,0.21365420634162188,0.2819778872329919,-0.506874106784512,0.019210423291510258,0.9228977271678401,1.0,0.0,0.0,0.0,1.0,0.0,0.0
-1.51123262096751,-0.6391543510555348,-0.671351644891333,-1.1406728148560012,-0.9259246305668666,-0.11390368872566377,0.10109040252781533,0.0,1.0,0.0,0.0,0.0,1.0,0.0
-0.9720540039316119,1.3402199675621829,1.377273010740507,0.3993099039001255,0.7924895136615089,0.16119880944316317,-0.6830768919760254,0.0,1.0,1.0,0.0,0.0,0.0,0.0
0.3758925386581335,-0.12279583315526066,0.6366951977295964,0.6633069414011754,-0.13771055011910377,-1.7378958553351926,0.022673673077431265,1.0,0.0,0.0,0.0,1.0,0.0,0.0
0.6454818471760826,0.5061023617232786,-0.9981072774646128,-0.40734771068641695,1.0994862343811829,-0.10502941459118566,-0.5105600871851804,1.0,0.0,0.0,0.0,0.0,1.0,0.0
0.10630323014018443,1.8676117871269928,1.5411629831910536,-0.7006777523542509,1.0994862343811829,-0.007412399111924074,0.5872741251201967,0.0,1.0,0.0,0.0,0.0,1.0,0.0
1.993428389765828,0.1486233877923194,-0.3220611411061047,-0.14335067318536704,-0.07784618957876724,0.7557751764532092,-0.7552202830703787,0.0,1.0,0.0,0.0,0.0,1.0,0.0
0.6454818471760826,-1.0517998333091725,-0.981718280219557,-0.4806802211033751,0.4678404815004533,-0.9037140866942321,-0.7175802529341945,1.0,0.0,0.0,1.0,0.0,0.0,0.0
-0.7024646954136627,-1.1930260946152305,-1.1957995567330846,-0.8180097690213846,-0.4193800413794048,-0.21152070420492536,-1.260224020730852,0.0,1.0,0.0,0.0,0.0,0.0,1.0
0.9150711556940316,-0.1338291348197962,-1.8954048766313578,-1.8446649148588028,1.0994862343811829,0.9421349332772543,0.6562808470365344,0.0,1.0,0.0,0.0,1.0,0.0,0.0
-1.51123262096751,-0.8509937430146214,-1.9066723122373328,-1.492668864857402,-1.2344563348901387,-1.3917991640905392,1.0075877949742553,0.0,1.0,0.0,0.0,0.0,0.0,1.0
1.4542497727299297,0.5303756253852572,0.04925207772716631,0.9713034851524007,-0.864525286422932,0.19669590598107642,-0.8054069899186246,1.0,0.0,0.0,0.0,0.0,1.0,0.0
-1.51123262096751,1.8676117871269928,0.2279945789310448,1.6899620872385936,1.0994862343811829,0.9687577556806886,-0.3254966056822741,0.0,1.0,0.0,0.0,0.0,0.0,1.0
0.3758925386581335,-0.01908279750862427,-0.5627745381428467,1.8366271080725112,0.22377808852831302,-0.0429094956498373,-1.0563405241598536,1.0,0.0,0.0,1.0,0.0,0.0,0.0
1.993428389765828,-0.8421671016829929,0.17575465021243236,1.4406315518209352,-0.4339623856135892,-0.2647663490117948,0.18578047033423026,1.0,0.0,0.0,1.0,0.0,0.0,0.0
-0.9720540039316119,1.8676117871269928,0.3171097514510289,-0.5246797273535505,1.0994862343811829,-0.76172570054258,-0.7426736063583173,1.0,0.0,0.0,0.0,0.0,1.0,0.0
0.3758925386581335,0.583335473375029,0.6377195100574128,1.7486280955721605,-0.21138976309182506,1.518962752018344,-0.3129499289702126,1.0,0.0,0.0,0.0,0.0,0.0,1.0
-0.7024646954136627,-0.9635334199928863,0.3673010555140099,1.1179685059863185,0.12937659690701295,-0.8682169901563197,-1.4099999739810856,1.0,0.0,0.0,1.0,0.0,0.0,0.0
-0.7024646954136627,0.9275744853085447,1.5411629831910536,1.8366271080725112,1.0542042180750308,1.7408196053803016,-1.3323674118252053,0.0,1.0,0.0,0.0,0.0,1.0,0.0
0.6454818471760826,-1.245985942605002,-0.9366485377956567,-0.994007794022085,-0.6465576147119632,-0.9125883608287111,0.3520239367690443,1.0,0.0,1.0,0.0,0.0,0.0,0.0
-0.9720540039316119,-0.8774736670095075,0.42978410751078094,0.14997936848246693,-1.1699870235390069,1.6964482347079095,0.32065724498889075,1.0,0.0,0.0,1.0,0.0,0.0,0.0
-1.51123262096751,-0.8245138190197356,-1.0196178363487465,0.5753079289008258,-1.0947728269626875,-0.610863040256449,2.258334629707881,1.0,0.0,0.0,0.0,0.0,0.0,1.0
-0.16328607837776465,-0.6590142940516991,-0.022961941383855877,1.8366271080725112,0.35425169483417474,-0.9835825539045375,-0.33490661321632,0.0,1.0,0.0,1.0,0.0,0.0,0.0
1.993428389765828,0.022843748816611553,-0.7061782640370747,1.8366271080725112,-0.09396351741654965,-0.7705999746770581,0.6280508244343962,0.0,1.0,0.0,0.0,0.0,1.0,0.0
0.9150711556940316,1.415246418881026,1.3434707039225804,1.8366271080725112,1.0994862343811829,-1.8355128708144544,1.195787945655177,1.0,0.0,0.0,0.0,0.0,1.0,0.0
0.3758925386581335,1.8676117871269928,1.056663252134123,1.5432970664046772,1.0994862343811829,-0.6907315074667536,-0.664256876907933,1.0,0.0,0.0,0.0,1.0,0.0,0.0
-1.51123262096751,-0.01908279750862427,0.17165740090116804,0.07664685806550876,-0.17071269759646815,0.9155121108738183,-1.1567139378563451,1.0,0.0,0.0,1.0,0.0,0.0,0.0
1.1846604642119807,1.5321994165251054,1.5411629831910536,0.7219729497347422,1.0994862343811829,-0.9125883608287111,0.9542644189479942,0.0,1.0,0.0,1.0,0.0,0.0,0.0
-0.4328753868957137,0.27660968710093436,-1.4109051455744273,-1.0820068065224344,0.4647705142932572,1.767442427783736,-1.206900644704591,1.0,0.0,1.0,0.0,0.0,0.0,0.0
0.6454818471760826,-0.45820820375714805,0.31506112679539744,-0.23134968568571657,-0.35337574642467495,0.5339183230912518,-0.5482001173213649,0.0,1.0,1.0,0.0,0.0,0.0,0.0
1.993428389765828,-1.102553020966037,-0.2882588342881795,0.3993099039001255,-1.1615446137192158,1.0575004970254713,0.9950411182621935,1.0,0.0,0.0,0.0,1.0,0.0,0.0
0.6454818471760826,-0.5420612964076197,-1.3965647729850057,-1.199338823189568,-1.3426726789438235,-0.60198876612197,1.1581479155189922,1.0,0.0,0.0,0.0,0.0,0.0,1.0
1.993428389765828,-1.1775794722848802,-0.455221743722174,-0.7446772586044264,-0.7348191719188699,-0.8770912642907979,-0.41332334266670406,1.0,0.0,1.0,0.0,0.0,0.0,0.0
-0.4328753868957137,1.0379075019539024,-1.926134246465835,0.7953054601517003,1.0994862343811829,-0.8327198936184065,-0.4321433577347964,1.0,0.0,0.0,0.0,0.0,0.0,1.0
-0.4328753868957137,0.572302171710493,-0.8833842967492292,-0.906008781521734,1.0994862343811829,0.40967848520855576,-1.11280056936413,1.0,0.0,0.0,0.0,0.0,1.0,0.0
-0.16328607837776465,0.6605685850267793,0.5455314005539794,0.2819778872329919,1.0994862343811829,-0.0340352215153592,-0.498013410473119,1.0,0.0,0.0,0.0,0.0,1.0,0.0
-0.4328753868957137,-1.190819434282323,-1.046249956871961,-0.7886767648546005,-1.0878654007464945,-1.3740506158215822,-1.4099999739810856,0.0,1.0,1.0,0.0,0.0,0.0,0.0
1.993428389765828,-0.14486243648433214,0.04925207772716631,-0.7300107565210336,-0.07247374696617238,-0.318011993818665,2.258334629707881,1.0,0.0,0.0,0.0,0.0,0.0,1.0
0.9150711556940316,-0.49351476908366254,-1.926134246465835,-1.8006654086086273,0.15777379357358315,1.4657171072114739,-0.07769974061906043,0.0,1.0,0.0,1.0,0.0,0.0,0.0
-0.7024646954136627,-0.6215010683922775,-0.9345999131400252,-0.14335067318536704,-0.7517039915584518,0.2854386473258599,-0.2627632221219668,1.0,0.0,1.0,0.0,0.0,0.0,0.0
-1.51123262096751,0.6451219626964292,0.04925207772716631,0.6193074351510013,0.8393065135712592,-0.06065804391879431,-1.4099999739810856,1.0,0.0,0.0,1.0,0.0,0.0,0.0
-0.16328607837776465,-1.851714203988016,-1.926134246465835,-0.14335067318536704,-1.9766209072299508,-0.06953231805327242,-0.5983868241696104,0.0,1.0,0.0,0.0,0.0,0.0,1.0
0.10630323014018443,0.4796224377283926,-0.08134774406936407,0.003314347648550597,0.8984033823097961,-1.8355128708144544,2.04582529289734,1.0,0.0,0.0,0.0,0.0,0.0,1.0
1.1846604642119807,-0.7892072536932212,1.5411629831910536,-0.4953467231867678,-2.0788891898196917,0.4185527593430339,0.08227038745972327,0.0,1.0,0.0,0.0,1.0,0.0,0.0
0.3758925386581335,0.49286239972583556,0.6336222607461485,1.1619680122364926,0.768697267805734,-0.08728086632222865,-1.1943539679925295,1.0,0.0,0.0,1.0,0.0,0.0,0.0
-1.51123262096751,-1.851714203988016,0.04925207772716631,-0.906008781521734,-1.9543636449777746,0.019210423291510258,1.427901464828314,1.0,0.0,0.0,0.0,1.0,0.0,0.0
0.3758925386581335,1.0334941812880882,0.826192978375541,0.8539714684852672,0.08946702321345563,1.6343283157665611,-0.1623898084254751,1.0,0.0,0.0,0.0,0.0,0.0,1.0
0.9150711556940316,0.5458222477156074,0.42466254587170016,1.7486280955721605,0.7172753170851884,0.2055701801155553,-1.407647472097574,1.0,0.0,0.0,0.0,0.0,0.0,1.0
0.6454818471760826,0.7400083570114367,0.9511590823690831,1.3379660372371929,0.8308641037514681,-1.010205376307972,-0.1623898084254751,0.0,1.0,0.0,0.0,0.0,0.0,1.0
-1.51123262096751,0.9099212026452879,0.2034110830634618,-1.2873378356899188,1.0994862343811829,0.48954695241886037,0.12304708677392295,1.0,0.0,0.0,0.0,1.0,0.0,0.0
-0.9720540039316119,1.002600936627388,1.1887995424223774,0.3113108913997759,-0.0018645012006472193,0.40080421107407765,0.7378342456649337,1.0,0.0,0.0,0.0,0.0,1.0,0.0
0.6454818471760826,-0.44717490209261207,1.2195289122568547,-0.568679233603726,-1.0587007122781258,-0.8593427160218409,-0.4321433577347964,1.0,0.0,0.0,0.0,0.0,1.0,0.0
0.3758925386581335,-1.851714203988016,-1.926134246465835,-1.8446649148588028,-2.0788891898196917,-0.7705999746770581,0.4367140045754592,1.0,0.0,1.0,0.0,0.0,0.0,0.0
-0.4328753868957137,-1.851714203988016,-1.926134246465835,-1.8446649148588028,-2.0788891898196917,-1.5249132761077133,-0.00241968034669166,1.0,0.0,1.0,0.0,0.0,0.0,0.0
-0.4328753868957137,0.6627752453596863,0.210581269358174,0.29664438931638326,0.5399847108695766,-0.30913771968418613,-1.1190739077201608,1.0,0.0,0.0,0.0,0.0,1.0,0.0
-0.9720540039316119,-0.6987341800440278,0.04925207772716631,-1.8446649148588028,-1.793957858401745,-1.8355128708144544,-1.2382673364847445,1.0,0.0,0.0,0.0,0.0,1.0,0.0
0.3758925386581335,-0.42952161942935485,-1.121024756802522,1.5139640622378931,-1.3733723510157914,0.40967848520855576,0.13559376348598443,1.0,0.0,0.0,0.0,0.0,0.0,1.0
0.6454818471760826,-0.4052483557673763,1.5411629831910536,-0.1726836773521498,1.0994862343811829,1.5810826709596908,-1.3480507577152823,1.0,0.0,0.0,1.0,0.0,0.0,0.0
-1.51123262096751,1.8676117871269928,1.5411629831910536,1.8366271080725112,1.0994862343811829,-1.4095477123594955,0.21401049293636848,0.0,1.0,0.0,0.0,0.0,0.0,1.0
-0.9720540039316119,-0.2529887927967827,-0.18890053849003538,-0.09935116693519162,0.36115912105036657,-0.7084800557357098,-0.5889768166355646,0.0,1.0,0.0,0.0,0.0,0.0,1.0
-0.4328753868957137,0.21923651844534842,-0.012718818105697258,0.003314347648550597,1.0994862343811829,0.294312921460338,-0.7552202830703787,0.0,1.0,0.0,0.0,1.0,0.0,0.0
-0.16328607837776465,0.6583619246938721,-0.34766894930150266,-0.994007794022085,0.1109567936638329,1.2793573503874287,1.6411949689333585,1.0,0.0,0.0,0.0,0.0,1.0,0.0
0.10630323014018443,-0.01908279750862427,-0.5535557271925031,-0.5100132252701591,1.0994862343811829,-0.13165223699462078,-1.2288573289506983,1.0,0.0,1.0,0.0,0.0,0.0,0.0
-0.7024646954136627,-0.8796803273424145,-1.3197413483988116,-1.8446649148588028,-1.9635735465993644,-0.22039497833940347,0.07286037992567711,1.0,0.0,0.0,0.0,0.0,1.0,0.0
-0.16328607837776465,1.6469457538362773,1.5411629831910536,1.57263007057146,1.0994862343811829,0.39192993693959954,1.6098282771532049,1.0,0.0,0.0,1.0,0.0,0.0,0.0
0.6454818471760826,-0.760520669365428,1.5411629831910536,-1.3020043377733101,1.0994862343811829,-0.5576173954495788,0.7409709148429496,1.0,0.0,0.0,0.0,0.0,1.0,0.0
-0.4328753868957137,-1.0098732869839366,-0.480829551917572,-0.7593437606878177,-2.0788891898196917,1.3148544469253427,1.7541150593419113,0.0,1.0,0.0,0.0,0.0,0.0,1.0
-0.16328607837776465,-1.851714203988016,-0.8454847406200398,-1.8446649148588028,-2.0788891898196917,1.7940652501871701,-0.23139653034181298,1.0,0.0,0.0,0.0,0.0,1.0,0.0
1.993428389765828,-0.4626215244229622,0.10610141192094912,-1.3166708398567015,0.15777379357358315,-0.149400785263577,-0.5136967563631958,1.0,0.0,0.0,0.0,1.0,0.0,0.0
-0.7024646954136627,-1.851714203988016,-0.787098937934533,0.4579759122336923,-1.7908878911945478,-0.9569597315011024,-1.4099999739810856,0.0,1.0,1.0,0.0,0.0,0.0,0.0
-0.4328753868957137,0.24571644244023408,1.5411629831910536,-0.5393462294369419,-1.051793286061933,0.22331872838451153,-0.34117995157235087,1.0,0.0,0.0,0.0,0.0,0.0,1.0
-0.7024646954136627,0.6385019816977078,1.5411629831910536,0.7366394518181348,1.0994862343811829,0.2676900990569029,-1.2225839905946676,0.0,1.0,0.0,0.0,0.0,0.0,1.0
0.3758925386581335,-0.9194002133347432,-0.981718280219557,-0.8326762711047759,-1.4201893509255417,-0.2825148972807518,-0.00241968034669166,1.0,0.0,1.0,0.0,0.0,0.0,0.0
-1.241643312449561,0.21040987711371958,-0.19504641245693113,-0.26068268985250065,1.0994862343811829,-0.05178376978431541,0.6970575463507344,1.0,0.0,0.0,1.0,0.0,0.0,0.0
0.9150711556940316,0.243509782107327,-0.991961403497717,1.2206340205700592,1.0994862343811829,-0.5753659437185358,-0.7520836138923632,1.0,0.0,0.0,0.0,0.0,1.0,0.0
1.993428389765828,0.969501031633781,0.6479626333355715,0.6633069414011754,1.0994862343811829,-1.6402788398559311,-0.8493203584108395,1.0,0.0,0.0,0.0,0.0,0.0,1.0
0.9150711556940316,-1.851714203988016,-1.159948625259528,-0.6566782461040755,-2.0788891898196917,-1.8355128708144544,-0.04946971801692193,0.0,1.0,0.0,0.0,0.0,0.0,1.0
-1.51123262096751,-0.36773513010795467,-0.51668048339113,0.03264735181533334,-1.4647038754298942,-0.2913891714152299,1.4090814497602215,0.0,1.0,0.0,0.0,0.0,1.0,0.0
-0.9720540039316119,-0.01908279750862427,0.06717754346394461,0.5899744309842172,1.0994862343811829,-1.338553519283669,-0.2564898837659359,0.0,1.0,1.0,0.0,0.0,0.0,0.0
-0.16328607837776465,-0.5376479757418055,0.009816053106252864,-1.2140053252729595,0.7694647596075336,1.6698254123044751,-1.1849439604584835,1.0,0.0,1.0,0.0,0.0,0.0,0.0
-0.16328607837776465,-0.7781739520286852,0.22697026660322836,0.7513059539015262,0.13321405591600866,0.11682743877077184,0.13559376348598443,1.0,0.0,0.0,0.0,0.0,1.0,0.0
-0.4328753868957137,-1.851714203988016,-1.6444483563164571,-1.8446649148588028,-1.245968711917127,1.1728660607736898,0.7880209525131796,1.0,0.0,0.0,0.0,0.0,0.0,1.0
0.10630323014018443,-1.851714203988016,-0.17968172753969175,-0.8473427731881673,-2.0788891898196917,0.6847809833773827,1.0860045244246395,1.0,0.0,0.0,1.0,0.0,0.0,0.0
-0.16328607837776465,-1.3210123939238454,-1.3781271510843185,-1.0820068065224344,-1.488496121285669,-0.9835825539045375,-0.45096337280288845,1.0,0.0,0.0,0.0,0.0,1.0,0.0
0.9150711556940316,1.2784334782407822,-0.5125832340798657,0.5606414268174345,1.0994862343811829,-0.22926925247388158,-0.6203435084157181,1.0,0.0,1.0,0.0,0.0,0.0,0.0
-0.16328607837776465,0.20158323578209117,1.5411629831910536,-0.994007794022085,0.7748372022201274,-0.06953231805327242,1.2177446299012846,1.0,0.0,0.0,0.0,0.0,1.0,0.0
0.3758925386581335,-1.4423787122337388,-1.926134246465835,0.06198035598211609,-1.5046134491234526,1.039751948756515,-0.1623898084254751,1.0,0.0,0.0,0.0,0.0,1.0,0.0
0.3758925386581335,-0.3721484507737689,-0.20528953573508976,-0.5393462294369419,-0.20448233687563214,1.7940652501871701,-1.4099999739810856,1.0,0.0,0.0,0.0,0.0,0.0,1.0
0.3758925386581335,-0.0676293248325818,0.4052006116431979,0.8393049664018758,-1.56294282606019,0.8977635626048621,2.258334629707881,1.0,0.0,0.0,1.0,0.0,0.0,0.0
-1.51123262096751,-1.7137979331813187,-1.926134246465835,-1.8446649148588028,-1.2613185479531108,0.9865063039496448,-1.4099999739810856,1.0,0.0,0.0,1.0,0.0,0.0,0.0
-0.9720540039316119,-1.2128860376113948,-0.06905599613557256,0.941970480985618,-1.1093551711968719,1.6343283157665611,-0.9841971330655002,1.0,0.0,0.0,0.0,0.0,0.0,1.0
0.9150711556940316,-0.05218270250223166,0.07127479277520894,-1.5806678773577516,0.3972312357349282,0.019210423291510258,0.10109040252781533,1.0,0.0,0.0,1.0,0.0,0.0,0.0
-0.16328607837776465,-1.7557244795065547,0.04925207772716631,-1.3900033502736597,-0.9735091222784164,0.12570171290524995,0.9793577723721171,1.0,0.0,0.0,0.0,1.0,0.0,0.0
-1.51123262096751,0.37590940208175616,1.5411629831910536,-0.5393462294369419,0.15777379357358315,-0.3978804610289696,-0.8869603885470239,1.0,0.0,0.0,0.0,0.0,0.0,1.0
0.10630323014018443,0.7973815256670227,1.1017329945580232,1.8366271080725112,0.1193992034836239,-0.2825148972807518,1.4749515024985445,1.0,0.0,0.0,0.0,1.0,0.0,0.0
1.7238390812478788,1.0268742002893665,0.29867212955034306,0.487308916400475,0.2736650556452594,-0.6463601367943622,0.9542644189479942,0.0,1.0,0.0,0.0,0.0,0.0,1.0
-0.16328607837776465,-0.6126744270606487,-0.3865928177585072,-0.36334820443624155,-1.3848847280427796,0.2676900990569029,0.010126996365369801,1.0,0.0,0.0,0.0,0.0,0.0,1.0
-1.51123262096751,0.42886925007152793,0.2279945789310448,-0.1726836773521498,0.5914066615901221,1.2172374314460803,-0.4572367111589193,1.0,0.0,1.0,0.0,0.0,0.0,0.0
1.7238390812478788,1.415246418881026,-0.06803168380775612,0.3993099039001255,1.0994862343811829,1.731945331245822,-1.181807291280468,0.0,1.0,1.0,0.0,0.0,0.0,0.0
-0.16328607837776465,-0.8223071586868286,-0.35586344792402985,-1.8446649148588028,-0.6511625655227584,1.1107461418323414,-0.49174007211708815,1.0,0.0,0.0,0.0,0.0,1.0,0.0
-0.7024646954136627,0.3251562144248919,-1.683372224773463,1.601963074738244,0.2207081213211158,-0.6818572333322747,0.2673338689626296,1.0,0.0,0.0,0.0,0.0,0.0,1.0
-0.16328607837776465,-1.5129918428867677,-0.4920969875235471,-1.4340028565238352,-1.0387459254313467,-1.3208049710147127,1.0201344716863165,1.0,0.0,0.0,0.0,0.0,1.0,0.0
1.1846604642119807,-0.19561562414119676,0.04925207772716631,0.20864537681603373,1.0994862343811829,1.785190976052692,1.7164750292057271,0.0,1.0,0.0,0.0,0.0,1.0,0.0
-1.51123262096751,-1.1091730019647585,1.4766313065386512,0.25264488306620914,-0.32421105795630517,-0.8859655384252759,-1.131620584432222,1.0,0.0,0.0,0.0,0.0,1.0,0.0
1.993428389765828,1.8676117871269928,1.29840096149868,1.8366271080725112,1.0994862343811829,-1.8355128708144544,-1.0406571782697767,1.0,0.0,0.0,0.0,1.0,0.0,0.0
0.3758925386581335,-0.7450740470350778,-0.6836433928251245,0.01798084973194197,-0.33418845137969533,-1.8355128708144544,0.3394772600569828,0.0,1.0,0.0,0.0,0.0,1.0,0.0
0.6454818471760826,-0.4251082987635406,0.46256210200088965,0.5313084226506505,0.18310102303295614,0.14345026117420695,-0.585840147457549,0.0,1.0,0.0,0.0,0.0,1.0,0.0
-0.4328753868957137,0.23688980110860566,-0.11310142623165782,-0.5393462294369419,1.0994862343811829,0.24106727665346775,-1.3825541186734511,1.0,0.0,1.0,0.0,0.0,0.0,0.0
0.3758925386581335,1.704318922491863,-0.9192352282227859,0.3993099039001255,1.0994862343811829,1.7496938795147796,-0.6140701700596874,1.0,0.0,0.0,0.0,1.0,0.0,0.0
0.6454818471760826,0.9893609746299453,-0.20836247271853764,-0.3340152002694588,0.8723086610486247,0.6049125161670782,-1.0469305166258074,0.0,1.0,0.0,0.0,1.0,0.0,0.0
-1.51123262096751,1.8676117871269928,1.5411629831910536,1.073968999736143,1.0994862343811829,1.3503515434632551,-1.053203854981838,1.0,0.0,0.0,1.0,0.0,0.0,0.0
0.6454818471760826,1.1129339532727456,-0.377374006808165,0.6046409330676086,0.9352429887961573,0.09020461636733672,-1.4099999739810856,1.0,0.0,0.0,0.0,0.0,1.0,0.0
-1.241643312449561,-0.1669290398134036,-0.037302313973278815,0.03264735181533334,0.26061769501467313,-0.6286115885254052,1.1989246148331922,1.0,0.0,0.0,0.0,0.0,1.0,0.0
-1.51123262096751,0.6031954163711933,0.21365420634162188,-0.12868417110197566,1.0994862343811829,-0.8593427160218409,-0.5701568015674722,1.0,0.0,0.0,1.0,0.0,0.0,0.0
0.6454818471760826,0.700288471019108,0.26589413506023285,1.1326350080697098,0.49547018636522394,-0.5576173954495788,-0.23453319951982857,0.0,1.0,0.0,0.0,1.0,0.0,0.0
1.993428389765828,-1.5505050685461894,-0.5771149107322697,-1.7419994002750605,-1.7049288093930393,0.21444445425003342,-1.1410305919662682,1.0,0.0,0.0,0.0,0.0,0.0,1.0
-0.4328753868957137,1.430693041211376,1.3393734546113174,1.7486280955721605,1.0994862343811829,1.1728660607736898,-0.576430139923503,1.0,0.0,1.0,0.0,0.0,0.0,0.0
-1.51123262096751,0.0007771454875400869,1.169337608193875,0.648640439317784,-0.3288160087671005,-0.610863040256449,2.258334629707881,0.0,1.0,0.0,1.0,0.0,0.0,0.0
1.993428389765828,0.9430211076388949,0.06922616811957605,-1.1700058190227853,1.0994862343811829,0.5161697748222955,-1.3072740584010822,1.0,0.0,0.0,0.0,0.0,0.0,1.0
0.10630323014018443,-1.2548125839366306,-1.926134246465835,-1.654000387774711,-1.3442076625474226,0.5605411454946868,-0.8744137118349624,1.0,0.0,1.0,0.0,0.0,0.0,0.0
0.6454818471760826,-0.9944266646535864,-1.12409769378597,-1.8446649148588028,-1.0280010402061581,-1.4894161795698,0.4555340196435513,1.0,0.0,0.0,0.0,0.0,1.0,0.0
-0.4328753868957137,-0.32360192344981176,-1.926134246465835,-0.18735017943554247,-1.1469622694850314,0.8533921919324707,-0.7269902604682403,1.0,0.0,0.0,0.0,1.0,0.0,0.0
-0.7024646954136627,1.1416205376005393,1.5411629831910536,1.1619680122364926,1.0994862343811829,0.09020461636733672,-0.17493648513753654,1.0,0.0,0.0,0.0,0.0,1.0,0.0
-0.16328607837776465,0.036083710814054586,-1.926134246465835,-1.4340028565238352,1.0994862343811829,0.6847809833773827,-1.1567139378563451,1.0,0.0,0.0,0.0,0.0,1.0,0.0
-1.51123262096751,-1.102553020966037,-1.6608373535615129,-1.8446649148588028,-0.040239091290606474,-0.7883485229460143,-0.21571318445173623,0.0,1.0,0.0,0.0,1.0,0.0,0.0
0.10630323014018443,0.6583619246938721,0.3621794938749291,-0.5833457356871173,0.19921835087073853,0.12570171290524995,-0.6611202077299178,1.0,0.0,0.0,0.0,0.0,1.0,0.0
-0.4328753868957137,-0.6656342750504204,0.044642672251994496,-1.3753368481902684,0.22454558033011152,1.1906146090426462,0.496310718957751,1.0,0.0,0.0,0.0,0.0,0.0,1.0
-1.241643312449561,-0.6744609163820492,-1.2408692991569847,-1.0086742961054762,0.03113764627671717,-0.318011993818665,-0.8963703960810699,1.0,0.0,0.0,0.0,0.0,0.0,1.0
0.10630323014018443,1.8676117871269928,0.8415576632927804,0.9126374768188339,1.0994862343811829,0.9865063039496448,-0.9591037796413773,1.0,0.0,0.0,0.0,0.0,1.0,0.0
-0.16328607837776465,0.038290371146961696,0.3990547376763022,-0.30468219610267605,-0.9527868436298376,0.4274270334775128,-0.7646302906044247,1.0,0.0,0.0,1.0,0.0,0.0,0.0
1.7238390812478788,0.3538427987526847,0.8026337948357759,1.8366271080725112,0.9421504150123502,1.5278370261528222,-0.2251231919857824,1.0,0.0,0.0,0.0,0.0,0.0,1.0
1.4542497727299297,-0.2794687167916684,-0.18377897685095607,-1.8446649148588028,1.0994862343811829,0.9066378367393402,-1.078297208405961,1.0,0.0,1.0,0.0,0.0,0.0,0.0
1.4542497727299297,1.3997997965506759,0.10917434890439699,-0.3340152002694588,0.06337230195228308,-1.5781589209145834,-1.0814338775839765,1.0,0.0,0.0,0.0,0.0,0.0,1.0
-0.4328753868957137,0.11993680346452662,-0.5760905984044532,-0.7593437606878177,0.15777379357358315,0.9243863850082964,-0.0933830865091372,1.0,0.0,0.0,1.0,0.0,0.0,0.0
-0.7024646954136627,0.7466283380101584,-1.1281949430972342,-1.360670346106877,1.0994862343811829,1.7940652501871701,0.4743540347116436,1.0,0.0,0.0,0.0,0.0,0.0,1.0
-0.16328607837776465,-0.8532004033475284,-0.8874815460604921,-0.6566782461040755,0.8316315955532677,0.7291523540497749,-0.758356952248394,1.0,0.0,0.0,0.0,0.0,0.0,1.0
-0.4328753868957137,0.05373699347731184,1.4325858764425659,0.003314347648550597,1.0994862343811829,0.5516668713602088,0.9574010881260094,0.0,1.0,0.0,0.0,0.0,0.0,1.0
0.3758925386581335,0.1111101621328978,0.4646107266565211,0.29664438931638326,-0.24362441876739097,0.4984212265533385,0.9166243888118095,1.0,0.0,0.0,0.0,0.0,1.0,0.0
-0.4328753868957137,0.6649819056925935,0.18907071047403887,-1.4486693586072266,-0.43165991020819156,-0.2558920748773167,0.9385810730579172,0.0,1.0,0.0,0.0,0.0,1.0,0.0
-0.16328607837776465,-1.8130976481621408,-0.326158390417369,0.09131336014890014,-0.8077308930897916,-0.3623833644910564,-0.1623898084254751,1.0,0.0,1.0,0.0,0.0,0.0,0.0
-1.51123262096751,0.40238932607664224,0.7063484360210782,1.660629083071811,0.9168231855529773,-1.187690858997538,-1.2225839905946676,1.0,0.0,0.0,0.0,1.0,0.0,0.0
-0.16328607837776465,-0.9083669116702076,-0.519753420374578,0.2819778872329919,-1.8568921861492782,0.1878216318465983,0.3551606059470599,1.0,0.0,0.0,0.0,1.0,0.0,0.0
0.3758925386581335,-1.1797861326177874,-0.7952934365570602,0.19397887473264236,-0.022586779849226003,-1.054576746980364,0.3771172901931672,0.0,1.0,0.0,0.0,0.0,0.0,1.0
0.10630323014018443,-0.6656342750504204,-1.5471386851739457,0.8246384643184844,-0.6219978770543897,0.6581581609739484,-0.01810302623676842,0.0,1.0,0.0,0.0,0.0,0.0,1.0
-1.51123262096751,1.7175588844893064,1.5411629831910536,1.0446359955693603,1.0994862343811829,-0.19377215593596833,0.07286037992567711,0.0,1.0,1.0,0.0,0.0,0.0,0.0
-1.51123262096751,-0.23312884980061838,0.04925207772716631,0.5459749247340419,0.8761461200576204,0.019210423291510258,-0.1623898084254751,1.0,0.0,0.0,1.0,0.0,0.0,0.0
-1.241643312449561,-0.33904854578016147,-0.2985019575663381,-0.26068268985250065,-2.0788891898196917,-0.7173543298701879,-0.6736668844419792,1.0,0.0,0.0,0.0,0.0,0.0,1.0
-0.16328607837776465,1.3468399485609046,-1.0800522636898862,-0.20201668151893384,1.0994862343811829,1.7053225088423876,-0.6893502303320559,0.0,1.0,0.0,0.0,0.0,1.0,0.0
-1.51123262096751,-1.4357587312350173,1.2594770930416757,0.2673113851496005,-1.3380677281330293,-0.8415941677528846,-0.18120982349356743,1.0,0.0,0.0,0.0,0.0,0.0,1.0
-0.4328753868957137,-1.7689644415039976,-0.6406222750568558,-1.8446649148588028,-2.0788891898196917,0.16119880944316317,-0.04319637966089134,1.0,0.0,0.0,1.0,0.0,0.0,0.0
0.9150711556940316,0.21040987711371958,-1.2142371786337718,1.5139640622378931,0.8692386938414275,0.8178950953945575,-0.4227333502007502,0.0,1.0,0.0,1.0,0.0,0.0,0.0
-0.9720540039316119,-1.851714203988016,-0.3456203246458713,-1.8446649148588028,-2.0788891898196917,1.48346565548043,-0.28471990636807415,1.0,0.0,0.0,0.0,0.0,0.0,1.0
-0.7024646954136627,-0.7914139140261283,-0.8168039954411939,-0.7593437606878177,-0.3487707956138797,-1.4095477123594955,2.258334629707881,1.0,0.0,0.0,1.0,0.0,0.0,0.0
1.993428389765828,-0.6766675767149564,-1.0124476500540356,-0.9793412919386936,-1.4647038754298942,-0.4777489282392742,-0.1623898084254751,1.0,0.0,0.0,0.0,0.0,0.0,1.0
-0.7024646954136627,1.8676117871269928,0.6325979484183321,0.03264735181533334,1.0994862343811829,-1.7201473070662365,-0.3976399967766273,0.0,1.0,0.0,0.0,1.0,0.0,0.0
1.7238390812478788,1.5145461338618478,0.12044178451037205,-0.20201668151893384,1.0994862343811829,-0.2825148972807518,0.010126996365369801,1.0,0.0,0.0,0.0,0.0,1.0,0.0
-0.7024646954136627,-0.01908279750862427,-1.0739063897229904,-0.7740102627712091,0.6973205302384103,0.8090208212600795,-0.7865869748505323,1.0,0.0,1.0,0.0,0.0,0.0,0.0
1.1846604642119807,0.027257069482426156,0.11941747218255706,0.047313853898724716,0.6190363664548927,1.4923399296149082,0.7378342456649337,1.0,0.0,0.0,0.0,1.0,0.0,0.0
0.3758925386581335,0.3339828557565203,-0.3220611411061047,0.19397887473264236,1.0994862343811829,0.9776320298151667,-0.02437636459279929,1.0,0.0,0.0,0.0,0.0,1.0,0.0
0.3758925386581335,-1.5482984082132822,-1.926134246465835,0.3113108913997759,-2.0788891898196917,-0.8238456194839275,-1.4099999739810856,0.0,1.0,0.0,0.0,0.0,1.0,0.0
1.1846604642119807,1.0886606896107671,1.3946863203133764,1.8366271080725112,0.8569588250126408,-0.0429094956498373,-0.827363674164732,1.0,0.0,0.0,0.0,0.0,0.0,1.0
-0.4328753868957137,1.8676117871269928,0.7452723044780841,0.8539714684852672,0.962872693660928,-0.5576173954495788,-1.1755339529244373,0.0,1.0,0.0,0.0,0.0,0.0,1.0
1.1846604642119807,-0.10293589015909631,-0.13563629744360794,-0.8326762711047759,0.7372301039319676,1.2616088021184726,-1.1692606145684066,1.0,0.0,0.0,1.0,0.0,0.0,0.0
0.3758925386581335,-0.9194002133347432,-1.926134246465835,-0.7886767648546005,-1.6112948095735382,0.2055701801155553,0.1763704628001841,1.0,0.0,0.0,1.0,0.0,0.0,0.0
-1.241643312449561,1.8676117871269928,1.5411629831910536,0.003314347648550597,1.0994862343811829,-0.3712576386255345,-0.9559671104633619,1.0,0.0,1.0,0.0,0.0,0.0,0.0
-0.9720540039316119,-0.8289271396855499,-1.2531610470907764,0.047313853898724716,0.5261698584371918,0.19669590598107642,-1.0375205090917612,0.0,1.0,0.0,0.0,1.0,0.0,0.0
0.6454818471760826,0.23247648044279146,0.4308084198385959,0.34064389556655866,-0.12696566489391514,0.22331872838451153,2.258334629707881,1.0,0.0,0.0,0.0,1.0,0.0,0.0
0.6454818471760826,-0.5685412204025058,0.04925207772716631,-0.6566782461040755,-1.7632581863297772,0.569415419629165,-1.1943539679925295,1.0,0.0,0.0,0.0,0.0,1.0,0.0
-1.51123262096751,0.629675340366079,1.5411629831910536,1.103302003902927,0.5353797600587824,0.019210423291510258,1.750978390163896,1.0,0.0,1.0,0.0,0.0,0.0,0.0
1.993428389765828,-0.5751612014012271,0.04156973526854662,-0.6273452419372928,1.0994862343811829,0.13457598703972884,-0.6830768919760254,1.0,0.0,0.0,0.0,0.0,0.0,1.0
-0.4328753868957137,0.32956953509070613,1.334251892972238,0.5606414268174345,1.0994862343811829,0.7114038057808179,0.12304708677392295,0.0,1.0,0.0,0.0,1.0,0.0,0.0
0.3758925386581335,0.5038957013903711,-0.29747764523852316,-0.3193486981860674,1.0994862343811829,0.9510092074117323,0.4178939895073669,0.0,1.0,0.0,0.0,1.0,0.0,0.0
0.9150711556940316,0.6274686800331719,0.15629271598393013,-0.5100132252701591,-0.0018645012006472193,0.8356436436635145,-0.2564898837659359,1.0,0.0,0.0,0.0,0.0,0.0,1.0
1.7238390812478788,0.10228352080126937,0.02927798733475511,0.2819778872329919,0.03420761348391439,0.5782896937636438,-1.344914088537267,1.0,0.0,0.0,0.0,0.0,0.0,1.0
-0.16328607837776465,-0.5486812774063414,-1.2214073649284825,0.4433094101503009,-0.6319752704777788,1.5810826709596908,0.8131143059373025,0.0,1.0,0.0,0.0,1.0,0.0,0.0
0.9150711556940316,0.9364011266401732,1.2523069067469648,1.8366271080725112,1.0994862343811829,0.8622664660669489,2.139925368237801,0.0,1.0,0.0,0.0,1.0,0.0,0.0
-0.9720540039316119,-0.5442679567405272,0.7206888086105011,-1.4780023627740106,1.0994862343811829,0.6759067092429046,1.101687870314716,1.0,0.0,0.0,0.0,0.0,0.0,1.0
-0.4328753868957137,0.5921621147066574,0.14604959270577006,-0.20201668151893384,0.9690126280753213,0.019210423291510258,-0.1623898084254751,0.0,1.0,0.0,0.0,0.0,1.0,0.0
1.4542497727299297,0.468589136063857,0.08049360372555112,0.941970480985618,0.665853366364643,-0.167149333532534,0.08854372581575387,1.0,0.0,0.0,0.0,0.0,0.0,1.0
-0.9720540039316119,-0.6501876527200703,-0.4316625601824089,-1.1113398106892185,-0.2758590744429569,-0.5487431213151006,-1.0030171481335923,1.0,0.0,0.0,1.0,0.0,0.0,0.0
-0.4328753868957137,0.19937657544918405,0.4881699101962877,0.13531286639907555,0.46400302249145764,1.1817403349081679,-0.0588797255509681,1.0,0.0,1.0,0.0,0.0,0.0,0.0
-1.51123262096751,0.29426296976419164,0.10200416260968624,1.0446359955693603,0.15777379357358315,-0.41562900929792584,-0.8242270049867166,1.0,0.0,0.0,0.0,0.0,0.0,1.0
0.3758925386581335,0.12876344479615506,-0.26879690005967727,1.7779610997389446,0.2537102687984813,0.22331872838451153,-0.17179981595952126,0.0,1.0,0.0,0.0,1.0,0.0,0.0
0.10630323014018443,0.36708276075012775,0.543482775898348,-0.3340152002694588,1.0994862343811829,0.40080421107407765,0.900941042921733,0.0,1.0,0.0,1.0,0.0,0.0,0.0
-0.7024646954136627,-0.9480867976625362,-0.8946517323552043,-1.6100008815245355,-1.132379925250847,1.7940652501871701,-0.3129499289702126,1.0,0.0,0.0,0.0,0.0,0.0,1.0
1.1846604642119807,-1.3783855625794315,-0.12539317416544787,1.8366271080725112,-0.9197846961524733,-0.4954974765082304,-0.758356952248394,1.0,0.0,0.0,0.0,0.0,0.0,1.0
1.4542497727299297,-1.851714203988016,-1.926134246465835,-1.5073353669407934,-0.3687255824606578,-0.3712576386255345,1.569051577839005,0.0,1.0,0.0,0.0,0.0,1.0,0.0
0.9150711556940316,0.7797282430037654,0.888676030372312,0.003314347648550597,0.6213388418602903,0.8356436436635145,0.01640033472140067,1.0,0.0,1.0,0.0,0.0,0.0,0.0
0.9150711556940316,0.629675340366079,-0.23601890556956706,0.35531039764995004,-0.3150011563347157,-1.8355128708144544,-0.6266168467717489,1.0,0.0,0.0,0.0,1.0,0.0,0.0
-0.16328607837776465,-0.11617585215653894,0.1982895214243825,1.5139640622378931,0.2045907934833334,0.019210423291510258,-1.4099999739810856,1.0,0.0,0.0,0.0,0.0,0.0,1.0
-0.4328753868957137,-1.1643395102874374,-1.479534071538094,-1.331337341940093,0.15777379357358315,0.0724560680983805,-1.4099999739810856,1.0,0.0,0.0,1.0,0.0,0.0,0.0
-0.16328607837776465,-1.7248312348458545,0.04925207772716631,-0.275349191935892,-0.2750915826411573,0.16119880944316317,-0.8210903358087013,1.0,0.0,0.0,0.0,0.0,1.0,0.0
-0.9720540039316119,-0.7208007833730993,-1.0523958308388552,-1.1846723211061767,0.1677511869969722,0.5605411454946868,-1.2225839905946676,1.0,0.0,1.0,0.0,0.0,0.0,0.0
-1.51123262096751,1.4726195875366124,1.0976357452467604,1.8366271080725112,1.0994862343811829,-0.2825148972807518,-1.131620584432222,0.0,1.0,0.0,0.0,1.0,0.0,0.0
-0.9720540039316119,0.15303670845813364,0.37242261715308916,0.8833044726520513,0.2897823834830429,1.7940652501871701,-0.7959969823845784,1.0,0.0,0.0,1.0,0.0,0.0,0.0
0.9150711556940316,1.018047558957738,1.5411629831910536,0.003314347648550597,1.0994862343811829,-0.40675473516344773,-0.7771769673164862,1.0,0.0,0.0,0.0,1.0,0.0,0.0
0.3758925386581335,1.1725137822612388,-0.052666998890518193,0.9713034851524007,0.09407197402425092,-1.4716676313008439,2.258334629707881,1.0,0.0,0.0,0.0,0.0,0.0,1.0
1.7238390812478788,-0.1404491158185179,0.7452723044780841,1.1179685059863185,1.0994862343811829,-0.9747082797700586,1.4749515024985445,1.0,0.0,0.0,0.0,0.0,1.0,0.0
1.993428389765828,1.4792395685353332,-1.1681431238820552,0.03264735181533334,1.041924349246244,-1.3829248899560604,0.3112472374548446,1.0,0.0,0.0,0.0,0.0,0.0,1.0
0.3758925386581335,-0.45820820375714805,-0.17456016590061244,-0.4806802211033751,-0.25590428759617767,0.019210423291510258,-0.9904704714215309,1.0,0.0,1.0,0.0,0.0,0.0,0.0
-0.4328753868957137,0.8371014116593518,0.04925207772716631,1.2206340205700592,1.0994862343811829,1.0575004970254713,-1.4099999739810856,0.0,1.0,0.0,0.0,1.0,0.0,0.0
1.993428389765828,1.2607801955775253,0.8825301564054163,0.8686379705686599,0.46707298969865485,0.1700730835776421,-0.5701568015674722,1.0,0.0,0.0,0.0,0.0,1.0,0.0
0.9150711556940316,1.029080860622274,0.04925207772716631,-0.994007794022085,-1.0149536795755718,0.019210423291510258,-0.8555936967668702,1.0,0.0,0.0,0.0,0.0,0.0,1.0
-0.9720540039316119,-0.05880268350095299,0.30686662817287025,-0.3193486981860674,0.903775824922391,1.2793573503874287,0.33320392170095225,0.0,1.0,0.0,1.0,0.0,0.0,0.0
-1.51123262096751,-0.9282268546663719,-0.991961403497717,-0.568679233603726,-0.278929041650153,-0.42450328343240473,-0.1623898084254751,0.0,1.0,1.0,0.0,0.0,0.0,0.0
0.6454818471760826,0.13097010512906215,-0.40503043965919444,-0.6126787398539014,-0.08168364858776295,-1.5870331950490617,0.6813742004606573,1.0,0.0,0.0,0.0,0.0,0.0,1.0
-0.4328753868957137,1.8389252027992,-0.014767442761328691,0.648640439317784,1.0994862343811829,-0.06953231805327242,-1.1253472460761915,0.0,1.0,1.0,0.0,0.0,0.0,0.0
-0.16328607837776465,-1.851714203988016,-1.926134246465835,-1.2140053252729595,-2.0788891898196917,0.40080421107407765,-0.05260638719493751,1.0,0.0,0.0,0.0,1.0,0.0,0.0
1.1846604642119807,-0.2022356051399181,0.6018685785838548,-0.30468219610267605,-0.1285006484975132,1.7940652501871701,1.129917892916854,1.0,0.0,0.0,0.0,1.0,0.0,0.0
-0.16328607837776465,0.5965754353724716,1.1601187972435314,0.8393049664018758,0.741835054742763,1.1639917866392118,-0.6862135611540406,1.0,0.0,0.0,0.0,0.0,0.0,1.0
-1.241643312449561,-1.0407665316446366,1.3567867641841882,-0.994007794022085,-1.2782033675926927,0.5072955006878174,-0.127886447467306,1.0,0.0,0.0,0.0,0.0,1.0,0.0
-0.16328607837776465,-0.6237077287251847,0.20443539539127825,0.5313084226506505,-0.41554258237040803,1.7053225088423876,-1.1002538926520686,0.0,1.0,1.0,0.0,0.0,0.0,0.0
0.6454818471760826,0.969501031633781,0.8518007865709389,-0.4953467231867678,0.1109567936638329,-1.782267226007584,-1.2006273063485602,1.0,0.0,1.0,0.0,0.0,0.0,0.0
0.3758925386581335,-1.2548125839366306,0.5762607703884567,-0.8913422794383427,-1.2191064988541547,-0.08728086632222865,-0.45410004198090376,1.0,0.0,0.0,0.0,0.0,0.0,1.0
-0.9720540039316119,-0.8509937430146214,0.37139830482527275,-0.3193486981860674,0.5315423010497855,-1.4539190830318869,-1.344914088537267,1.0,0.0,1.0,0.0,0.0,0.0,0.0
-1.51123262096751,-0.49351476908366254,-0.5535557271925031,-1.1406728148560012,-0.17531764840726344,1.1284946901012978,-0.8367736816987781,1.0,0.0,0.0,0.0,0.0,0.0,1.0
-0.16328607837776465,-1.851714203988016,-0.048569749579253876,-1.3460038440234856,-2.0788891898196917,0.7291523540497749,-0.08083640979707572,1.0,0.0,0.0,0.0,1.0,0.0,0.0
0.10630323014018443,-1.2790858475986093,-1.710004345296676,-1.2286718273563522,-1.2045241546199703,0.08133034223285861,0.5057207264917971,1.0,0.0,1.0,0.0,0.0,0.0,0.0
-0.9720540039316119,1.8676117871269928,1.1734348575051379,1.601963074738244,1.0994862343811829,-0.4866232023737523,-0.5136967563631958,1.0,0.0,0.0,0.0,0.0,0.0,1.0
-0.16328607837776465,1.3247733452318327,1.2144073506177753,1.235300522653452,1.0994862343811829,-0.3535090903565783,-0.13729645500135218,0.0,1.0,0.0,0.0,0.0,1.0,0.0
-0.16328607837776465,0.038290371146961696,-1.6792749754621987,0.003314347648550597,0.15777379357358315,-0.8327198936184065,0.6249141552563808,1.0,0.0,0.0,1.0,0.0,0.0,0.0
-0.7024646954136627,-0.6788742370478634,-0.11412573855947282,1.176634514319885,1.021969562399465,0.8533921919324707,0.19832714704629173,1.0,0.0,0.0,0.0,0.0,0.0,1.0
1.4542497727299297,0.1442100671265052,-1.0616146417891987,0.5606414268174345,-0.4945942379557242,0.9510092074117323,0.07599704910369241,0.0,1.0,0.0,0.0,1.0,0.0,0.0
-1.51123262096751,0.2126165374466271,0.4891942225241041,1.792627601822336,1.089508840957794,1.5100884778838644,-0.7897236440285477,1.0,0.0,0.0,0.0,0.0,0.0,1.0
1.993428389765828,-0.9348468356650934,-1.0872224499845968,-1.8446649148588028,-0.10931335345253357,-0.5753659437185358,-0.1623898084254751,1.0,0.0,0.0,1.0,0.0,0.0,0.0
0.9150711556940316,0.4068026467424565,1.5411629831910536,1.6899620872385936,0.8646337430306321,-0.12277796286014188,-0.6077968317036566,0.0,1.0,0.0,0.0,1.0,0.0,0.0
0.10630323014018443,0.24792310277314158,1.5411629831910536,-0.8326762711047759,-0.3272810251635024,0.028084697425989156,0.4116206511513363,1.0,0.0,1.0,0.0,0.0,0.0,0.0
1.4542497727299297,-0.5111680517469198,0.9552563316803474,0.7513059539015262,1.0994862343811829,0.7557751764532092,2.258334629707881,1.0,0.0,0.0,0.0,1.0,0.0,0.0
0.3758925386581335,-1.4975452205564177,-0.6570112723019101,-0.6566782461040755,-1.206826630025368,0.8622664660669489,-0.6046601625256413,1.0,0.0,0.0,0.0,0.0,1.0,0.0
-0.16328607837776465,-0.1316224744868891,-0.6314034641065122,-0.7300107565210336,1.0994862343811829,1.776316701918214,-0.8022703207406091,1.0,0.0,0.0,0.0,0.0,1.0,0.0
1.1846604642119807,0.4906557393929285,1.2369422218297255,0.003314347648550597,0.1677511869969722,-0.12277796286014188,-0.5607467940334263,1.0,0.0,0.0,0.0,1.0,0.0,0.0
-0.7024646954136627,-1.2195060186101163,-0.052666998890518193,0.648640439317784,-0.5552260902978603,-0.2647663490117948,-0.1623898084254751,0.0,1.0,0.0,1.0,0.0,0.0,0.0
-0.7024646954136627,1.0423208226197167,0.6592300689415465,1.601963074738244,0.29208485888844055,0.7912722729911225,2.0677819771434476,1.0,0.0,0.0,0.0,1.0,0.0,0.0
1.993428389765828,-1.1334462656267372,-0.3220611411061047,-1.8446649148588028,-0.7923810570538088,-1.4006734382250174,-0.9371470953952697,1.0,0.0,1.0,0.0,0.0,0.0,0.0
0.9150711556940316,-1.7204179141800402,-1.926134246465835,-1.4340028565238352,-1.9305713991219995,0.9687577556806886,-0.9779237947094694,1.0,0.0,0.0,0.0,0.0,1.0,0.0
-1.51123262096751,-0.21106224647154653,-1.27467160597491,-0.040685158601624825,0.15777379357358315,1.376974365866691,-0.40077666595464256,0.0,1.0,0.0,0.0,0.0,0.0,1.0
1.7238390812478788,-1.7535178191736476,-1.0493228938554087,-1.8446649148588028,-1.5030784655198535,0.8090208212600795,-0.974787125531454,1.0,0.0,1.0,0.0,0.0,0.0,0.0
-1.241643312449561,-1.0120799473168438,-1.0564930801501196,-1.1113398106892185,0.15777379357358315,0.7025295316463398,-1.4099999739810856,1.0,0.0,0.0,0.0,0.0,0.0,1.0
-0.4328753868957137,-1.0959330399673155,-1.399637709968452,0.5459749247340419,-0.8468729749815505,0.5427925972257306,-1.3480507577152823,0.0,1.0,0.0,0.0,0.0,0.0,1.0
-0.7024646954136627,1.6425324331704632,0.863068222176914,0.6926399455679595,1.0994862343811829,-0.6463601367943622,-1.4099999739810856,1.0,0.0,1.0,0.0,0.0,0.0,0.0
-0.4328753868957137,0.0404970314798688,-1.5092391290447562,-0.5833457356871173,-1.6895789733570559,0.6226610644360352,2.0646453079654323,1.0,0.0,0.0,0.0,1.0,0.0,0.0
1.1846604642119807,0.46638247573094954,-1.0073260884149549,-0.26068268985250065,1.0994862343811829,0.4274270334775128,-0.027513033770814585,0.0,1.0,0.0,1.0,0.0,0.0,0.0
1.4542497727299297,-1.7358645365103904,-0.941770099434736,0.003314347648550597,-1.94899120236518,-0.5132460247771874,-0.748946944714348,1.0,0.0,0.0,0.0,0.0,1.0,0.0
0.10630323014018443,0.42004260873989946,-0.9397214747791046,0.13531286639907555,1.0994862343811829,-1.8355128708144544,1.0734578477125776,0.0,1.0,1.0,0.0,0.0,0.0,0.0
1.7238390812478788,-0.29270867878911144,0.3662767431861934,1.7779610997389446,0.9152882019493781,-1.8177643225454971,0.15441377855407648,0.0,1.0,0.0,0.0,0.0,0.0,1.0
1.993428389765828,-1.851714203988016,0.6131360141898298,1.8366271080725112,0.3918587931223344,-0.42450328343240473,-0.7520836138923632,0.0,1.0,1.0,0.0,0.0,0.0,0.0
-0.16328607837776465,-0.7097674817085637,-0.326158390417369,-1.1260063127726099,-2.0280428579504965,-1.5426618243766703,1.791755089478096,1.0,0.0,1.0,0.0,0.0,0.0,0.0
0.6454818471760826,-1.113586322630573,-0.2606024014371501,-0.36334820443624155,-1.0003713353413874,0.9066378367393402,1.1267812237388388,0.0,1.0,0.0,0.0,1.0,0.0,0.0
-0.7024646954136627,-0.05659602316804588,0.5250451539976607,0.03264735181533334,0.15777379357358315,0.47179840414990415,0.2579238614285835,1.0,0.0,0.0,0.0,0.0,0.0,1.0
0.9150711556940316,-0.760520669365428,-0.7717342530172936,-0.8326762711047759,-1.1500322366922286,-0.6818572333322747,-0.4321433577347964,0.0,1.0,0.0,0.0,0.0,1.0,0.0
0.9150711556940316,-1.851714203988016,-1.2039940553556117,-0.7740102627712091,-1.749443333897392,0.03695897156046727,0.5559074333400427,1.0,0.0,0.0,0.0,0.0,0.0,1.0
-1.51123262096751,1.4417263428759122,-0.5986254696164034,0.8246384643184844,-0.5183864838114991,0.04583324569494538,0.5339507490939356,0.0,1.0,0.0,0.0,1.0,0.0,0.0
-0.16328607837776465,-1.0319398903130081,-1.081076576017701,0.809971962235093,-0.05175146831759469,-1.2143136814009732,-0.9434204337513005,1.0,0.0,0.0,0.0,0.0,0.0,1.0
-0.9720540039316119,0.4862424187271139,1.5411629831910536,1.733961593488769,1.0994862343811829,0.3209357438637731,1.8231217812582494,0.0,1.0,0.0,0.0,0.0,0.0,1.0
0.10630323014018443,-0.25519545312968983,0.04925207772716631,-0.8766757773549513,0.4862602847436345,1.7940652501871701,0.7158775614188266,1.0,0.0,0.0,0.0,1.0,0.0,0.0
0.6454818471760826,-1.851714203988016,-1.926134246465835,-1.8446649148588028,-1.6972538913750475,1.474591381345952,2.258334629707881,1.0,0.0,0.0,0.0,0.0,0.0,1.0
0.10630323014018443,-0.22209554813608245,-0.747150757149712,-0.011352154434842079,-1.6059223669609446,-1.3917991640905392,-0.47605672622701134,0.0,1.0,0.0,0.0,1.0,0.0,0.0
0.6454818471760826,-0.01908279750862427,1.2195289122568547,-1.5806678773577516,-1.3986995804751643,0.9066378367393402,-0.783450305672517,0.0,1.0,0.0,0.0,0.0,1.0,0.0
-1.51123262096751,-0.42069497809772644,1.0269581946274622,0.19397887473264236,-1.7908878911945478,-1.1610680365941028,-0.8650037043009164,1.0,0.0,0.0,0.0,1.0,0.0,0.0
1.4542497727299297,-0.4140749970990047,-0.274942774026573,-1.5073353669407934,-1.1853368595749907,-0.12277796286014188,-1.4099999739810856,1.0,0.0,0.0,1.0,0.0,0.0,0.0
1.1846604642119807,-1.5240251445513036,0.04925207772716631,-0.9500082877719095,-0.3687255824606578,1.1639917866392118,1.4749515024985445,1.0,0.0,0.0,0.0,0.0,1.0,0.0
-0.16328607837776465,-0.01908279750862427,-1.926134246465835,-1.258004831523135,-2.0788891898196917,-1.8177643225454971,1.0107244641522706,1.0,0.0,0.0,0.0,0.0,0.0,1.0
-0.7024646954136627,1.8676117871269928,1.5411629831910536,0.7513059539015262,1.0994862343811829,1.2882316245219068,1.8137117737242037,1.0,0.0,0.0,0.0,0.0,0.0,1.0
-0.7024646954136627,-0.2971219994549257,-0.5996497819442198,-1.331337341940093,-1.401002055880562,-1.8355128708144544,-0.5576101248554107,1.0,0.0,1.0,0.0,0.0,0.0,0.0
1.993428389765828,-1.851714203988016,0.825168666047726,-0.8620092752715599,-1.1684520399354088,-0.5664916695840568,-0.3976399967766273,1.0,0.0,1.0,0.0,0.0,0.0,0.0
-0.7024646954136627,1.8676117871269928,0.7729287373291136,0.9126374768188339,0.9237306117691692,-0.33576054208762124,-0.1623898084254751,0.0,1.0,0.0,0.0,0.0,0.0,1.0
0.6454818471760826,-0.9039535910043931,0.36013086921929766,1.8366271080725112,-0.5206889592168967,-0.08728086632222865,-0.08710974815310632,0.0,1.0,0.0,0.0,1.0,0.0,0.0
-0.16328607837776465,-0.930433514999279,-0.6180874038449056,-0.3193486981860674,-2.044160185788279,0.48954695241886037,-0.5576101248554107,1.0,0.0,0.0,1.0,0.0,0.0,0.0
0.10630323014018443,-0.02570277850734559,-1.2347234251900892,0.06198035598211609,0.7786746612291231,-1.8355128708144544,1.4153547881162523,1.0,0.0,0.0,0.0,1.0,0.0,0.0
-0.4328753868957137,0.1773099721201126,0.8692140961438098,0.4433094101503009,0.47858536672564195,1.6609511381699953,0.3457505984130137,1.0,0.0,0.0,0.0,1.0,0.0,0.0
1.4542497727299297,-0.6148810873935557,-0.9806939678917419,0.17931237264924968,1.0994862343811829,0.8445179177979927,-0.8054069899186246,0.0,1.0,0.0,0.0,1.0,0.0,0.0
-0.9720540039316119,0.029463729815333264,0.8692140961438098,-1.8446649148588028,1.0994862343811829,-0.5043717506427093,-0.1623898084254751,1.0,0.0,0.0,1.0,0.0,0.0,0.0
1.993428389765828,1.801411977139778,1.5411629831910536,-0.3780147065196342,1.0994862343811829,0.294312921460338,0.703330884706765,0.0,1.0,0.0,0.0,0.0,1.0,0.0
0.10630323014018443,-0.10734921082491052,0.47792678691812907,0.5606414268174345,0.3987662193385273,0.5161697748222955,-0.02437636459279929,0.0,1.0,0.0,0.0,0.0,0.0,1.0
-0.4328753868957137,-0.3831817524383048,-0.122320237182,1.6752955851552023,-2.0788891898196917,0.10795316463629373,1.1769679305870846,1.0,0.0,0.0,1.0,0.0,0.0,0.0
0.10630323014018443,-0.1360357951527033,0.13170922011634711,0.34064389556655866,0.11402676087102903,-1.1166966659217115,-0.6297535159497643,0.0,1.0,0.0,0.0,1.0,0.0,0.0
0.10630323014018443,-1.851714203988016,-1.926134246465835,-1.3460038440234856,0.15777379357358315,0.2676900990569029,-0.12474977828929071,1.0,0.0,0.0,0.0,0.0,0.0,1.0
0.3758925386581335,-1.851714203988016,-0.7768558146563729,-1.0966733086058258,-2.0788891898196917,-1.7023987587972795,-0.20630317691769007,0.0,1.0,0.0,0.0,1.0,0.0,0.0
0.10630323014018443,-0.7759672916957782,0.015961927073148616,-1.1406728148560012,-1.1861043513767904,0.019210423291510258,-0.8148169974526706,1.0,0.0,0.0,1.0,0.0,0.0,0.0
-0.16328607837776465,0.26557638543639844,0.14502528037795506,0.003314347648550597,0.47551539951844585,-0.4600003799703172,-1.4099999739810856,1.0,0.0,0.0,0.0,0.0,0.0,1.0
-1.51123262096751,0.19716991511627693,-1.0421527075606967,0.2673113851496005,0.7978619562741027,-1.480541905435322,-0.1623898084254751,1.0,0.0,0.0,0.0,0.0,0.0,1.0
-0.4328753868957137,0.5943687750395645,-0.4378084341493032,-1.8446649148588028,1.0994862343811829,0.38305566280512066,1.129917892916854,1.0,0.0,0.0,0.0,0.0,0.0,1.0
1.4542497727299297,-1.1841994532836018,0.04925207772716631,1.0153029914025762,-0.8023584504771978,0.6404096127049914,1.129917892916854,0.0,1.0,0.0,0.0,0.0,1.0,0.0
0.3758925386581335,0.19716991511627693,0.49943734580226273,-0.040685158601624825,0.7234152514995819,1.6432025899010392,-0.12474977828929071,0.0,1.0,0.0,1.0,0.0,0.0,0.0
0.10630323014018443,0.34060283675524206,1.5411629831910536,-1.0380073002722603,0.5062150715904126,0.1789473577121202,-0.9528304412853466,1.0,0.0,0.0,0.0,0.0,1.0,0.0
-1.51123262096751,-0.26843541512713287,-1.148681189653553,-0.09935116693519162,0.12170167888902154,1.7940652501871701,-0.08710974815310632,1.0,0.0,0.0,0.0,0.0,0.0,1.0
-0.16328607837776465,-0.09410924882746749,-1.1394623787032092,-0.011352154434842079,-2.063347480833259,-0.743977152273623,2.258334629707881,0.0,1.0,0.0,0.0,0.0,0.0,1.0
-1.51123262096751,0.4332825707373425,0.31403681446758097,1.2206340205700592,0.6082914812297041,-0.167149333532534,-0.11847643993326011,1.0,0.0,0.0,1.0,0.0,0.0,0.0
-0.4328753868957137,1.8676117871269928,1.5247739859459992,1.8366271080725112,0.15777379357358315,-0.44225183170136095,-0.8022703207406091,1.0,0.0,0.0,0.0,0.0,0.0,1.0
0.10630323014018443,-0.7781739520286852,-0.09363949200315412,-0.994007794022085,-1.3365327445294302,-0.3712576386255345,-0.41646001184471965,1.0,0.0,0.0,1.0,0.0,0.0,0.0
0.6454818471760826,-0.47586148642040527,-0.3445960123180548,0.36997689973334275,-1.1492647448904292,-1.6846502105283232,-0.34117995157235087,1.0,0.0,0.0,0.0,0.0,1.0,0.0
-0.4328753868957137,0.03167039014824037,-0.2606024014371501,-0.08468466485180025,-2.0788891898196917,0.40080421107407765,-0.9277370878612236,0.0,1.0,0.0,0.0,0.0,1.0,0.0
0.3758925386581335,0.13759008612778387,0.8558980358822033,1.57263007057146,0.17465861321316514,-1.063451021114842,-0.13415978582333687,0.0,1.0,1.0,0.0,0.0,0.0,0.0
-1.51123262096751,-0.9811867026561436,-0.7563695681000557,-0.14335067318536704,-1.5307081703846241,0.44517558174646904,0.40534731279530545,1.0,0.0,0.0,0.0,0.0,0.0,1.0
-0.9720540039316119,0.05594365381021894,0.7012268743819988,0.4579759122336923,0.6858081532114222,0.9243863850082964,1.4780881716765597,1.0,0.0,1.0,0.0,0.0,0.0,0.0
-1.51123262096751,-0.3522885077776045,-1.833946136962403,-1.8446649148588028,0.3105046621316206,-0.4777489282392742,0.49003738060172036,1.0,0.0,1.0,0.0,0.0,0.0,0.0
0.3758925386581335,1.8676117871269928,0.34374187197424333,-0.3926812086030256,1.0994862343811829,-1.8355128708144544,-0.664256876907933,1.0,0.0,0.0,0.0,0.0,1.0,0.0
1.4542497727299297,-1.851714203988016,-0.6006740942720348,-1.8446649148588028,-1.4286317607453325,0.3031871955948161,-0.6203435084157181,1.0,0.0,0.0,0.0,0.0,0.0,1.0
0.10630323014018443,-1.2195060186101163,0.04925207772716631,-1.3900033502736597,0.09023451501525412,-0.34463481622209935,-0.394503327598612,1.0,0.0,0.0,0.0,0.0,1.0,0.0
0.6454818471760826,1.6800456588298844,1.309668397104655,-0.040685158601624825,0.7786746612291231,0.6404096127049914,-1.1504405995003144,0.0,1.0,0.0,0.0,0.0,1.0,0.0
-1.51123262096751,-0.11176253149072474,0.9706210165975868,0.3113108913997759,-0.7708912866034314,0.0724560680983805,-0.748946944714348,1.0,0.0,0.0,0.0,0.0,1.0,0.0
-0.16328607837776465,0.9341944663072664,1.5411629831910536,1.8366271080725112,1.0994862343811829,0.7646494505876881,-0.1623898084254751,0.0,1.0,0.0,0.0,0.0,0.0,1.0
0.6454818471760826,1.7793453738107061,1.0208123206605664,1.2939665309870187,0.010415367628139481,0.9155121108738183,1.9705452326249717,1.0,0.0,0.0,0.0,0.0,1.0,0.0
0.3758925386581335,0.4619691550651353,-1.2859390415808851,0.41397640598351687,0.21763815411391968,-1.8355128708144544,2.258334629707881,0.0,1.0,0.0,0.0,0.0,0.0,1.0
0.6454818471760826,0.4266625897386208,-0.853679239242567,-0.18735017943554247,-0.36642310705526016,-1.329679245149191,0.15127710937606118,1.0,0.0,0.0,0.0,0.0,0.0,1.0
1.4542497727299297,-0.4229016384306335,0.47382953760686475,0.003314347648550597,1.0994862343811829,-0.18489788180149022,-0.00241968034669166,0.0,1.0,0.0,0.0,0.0,1.0,0.0
0.10630323014018443,-0.943673476996722,1.5411629831910536,0.01798084973194197,-0.1323381075065089,0.04583324569494538,-0.07142640226302956,1.0,0.0,0.0,0.0,1.0,0.0,0.0
0.9150711556940316,1.697698941493142,0.17268171322898448,-0.7300107565210336,1.0994862343811829,-1.64915311399041,0.08540705663773858,1.0,0.0,0.0,0.0,0.0,1.0,0.0
0.6454818471760826,-0.01908279750862427,0.3212070007622932,-1.8446649148588028,-1.087097908944695,0.888889288470384,-1.0249738323796997,1.0,0.0,0.0,0.0,0.0,0.0,1.0
-0.7024646954136627,1.8676117871269928,1.5411629831910536,0.809971962235093,1.0994862343811829,0.6226610644360352,0.2046004854023223,0.0,1.0,0.0,1.0,0.0,0.0,0.0
-0.9720540039316119,1.2078203475877531,0.7381021181833719,0.8686379705686599,1.0994862343811829,0.3564328404016863,-0.6893502303320559,1.0,0.0,0.0,0.0,1.0,0.0,0.0
1.7238390812478788,-1.4247254295704816,1.2492339697635169,-0.436680714853201,-1.240596269304532,0.8001465471256013,-1.0249738323796997,1.0,0.0,0.0,0.0,0.0,1.0,0.0
0.3758925386581335,-0.08307594716293155,0.27818588299402436,0.42864290806690825,0.42946589141049407,0.8800150143359059,-1.0720238700499303,0.0,1.0,0.0,0.0,0.0,0.0,1.0
-0.4328753868957137,0.36487610041722063,0.40929786095446224,0.47264241431708365,-0.28199900885735024,1.332602995194299,-0.601523493347626,0.0,1.0,0.0,1.0,0.0,0.0,0.0
0.3758925386581335,0.26778304576930595,-1.2398449868291699,-0.7446772586044264,0.20612577708693147,-1.0811995693837984,-1.2915907125110058,0.0,1.0,0.0,0.0,1.0,0.0,0.0
-0.4328753868957137,-0.01908279750862427,-0.7041296393814432,0.5313084226506505,-0.018749320840229206,1.5810826709596908,-0.7991336515625937,1.0,0.0,0.0,1.0,0.0,0.0,0.0
-0.4328753868957137,-1.034146550645915,0.5998199539282233,-0.5540127315203346,-0.2551367957943792,0.6759067092429046,0.22655716964842995,1.0,0.0,1.0,0.0,0.0,0.0,0.0
0.9150711556940316,-1.851714203988016,-1.926134246465835,-1.8446649148588028,0.15777379357358315,-0.6729829591977966,-1.0814338775839765,1.0,0.0,0.0,0.0,1.0,0.0,0.0
0.3758925386581335,0.8944745803149378,1.5411629831910536,-0.02601865651823345,1.0994862343811829,-0.610863040256449,-0.827363674164732,1.0,0.0,0.0,0.0,1.0,0.0,0.0
1.7238390812478788,-0.041149400837695735,0.6909837511038402,0.7513059539015262,-0.7401916145314636,0.7291523540497749,1.8043017661901573,1.0,0.0,0.0,0.0,0.0,0.0,1.0
0.3758925386581335,-0.26402209446131825,1.1887995424223774,-0.07001816276840887,1.0994862343811829,1.7940652501871701,-0.1623898084254751,1.0,0.0,1.0,0.0,0.0,0.0,0.0
-0.7024646954136627,1.8676117871269928,-0.5453612285699759,-1.258004831523135,0.42179097339250265,0.995380578084123,-0.11220310157722925,1.0,0.0,0.0,0.0,0.0,1.0,0.0
-1.51123262096751,-0.023496118174438484,-0.25035927815899,-0.1726836773521498,-0.2528343203889815,0.3120614697292942,-0.9214637495051928,1.0,0.0,0.0,1.0,0.0,0.0,0.0
-1.241643312449561,-0.16472237948049648,0.9214540248624222,-0.7300107565210336,-1.3871872034481771,0.019210423291510258,0.2547871922505682,1.0,0.0,0.0,0.0,0.0,0.0,1.0
-0.9720540039316119,-1.851714203988016,0.04925207772716631,-1.8446649148588028,-2.0265078743468976,-1.7201473070662365,0.3112472374548446,1.0,0.0,0.0,0.0,0.0,0.0,1.0
1.993428389765828,0.3891493640791992,1.1908481670780087,1.4112985476541524,1.0994862343811829,0.7823979988566443,-1.304137389223067,1.0,0.0,1.0,0.0,0.0,0.0,0.0
0.6454818471760826,1.8676117871269928,1.5411629831910536,1.8366271080725112,0.15777379357358315,-0.20264643007044725,1.2616579983934992,1.0,0.0,0.0,0.0,0.0,1.0,0.0
0.10630323014018443,-1.0209065886484723,-0.5914552833216912,-0.26068268985250065,-2.0788891898196917,-0.9037140866942321,-0.18120982349356743,1.0,0.0,0.0,0.0,0.0,0.0,1.0
0.6454818471760826,0.7047017916849222,-0.3497175739571341,-0.568679233603726,0.6781332351934307,-0.8238456194839275,0.5245407415598892,1.0,0.0,0.0,0.0,0.0,1.0,0.0
1.1846604642119807,-1.851714203988016,-0.2698212123874937,-0.6566782461040755,-1.8469147927258887,-0.7262286040046668,-1.172397283746422,1.0,0.0,1.0,0.0,0.0,0.0,0.0
1.7238390812478788,1.0776273879462313,0.646938321007755,0.4579759122336923,1.0472967918588378,1.5810826709596908,0.0791337182817077,1.0,0.0,0.0,0.0,1.0,0.0,0.0
0.10630323014018443,-0.010256156176995842,0.2833074446331037,-0.8180097690213846,-1.6228071866005265,0.6226610644360352,-0.17807315431555185,1.0,0.0,0.0,0.0,0.0,1.0,0.0
-1.51123262096751,0.48182909806129964,-0.43268687251022386,0.2233118788994251,0.2613851868164727,0.9332606591427761,-0.41332334266670406,1.0,0.0,0.0,0.0,1.0,0.0,0.0
1.993428389765828,-0.8840936480082288,-1.926134246465835,-0.5100132252701591,-1.0763530237195065,1.1284946901012978,-1.4099999739810856,0.0,1.0,0.0,0.0,0.0,1.0,0.0
0.6454818471760826,1.5454393785225482,0.8210714167364617,1.6752955851552023,0.05262741672709444,-1.0811995693837984,1.0169978025083013,1.0,0.0,0.0,0.0,0.0,0.0,1.0
-0.9720540039316119,-0.857613724013343,0.7196644962826861,1.4406315518209352,1.0104571853724778,0.019210423291510258,0.44926068128752067,0.0,1.0,0.0,0.0,0.0,0.0,1.0
0.6454818471760826,1.1151406136056532,1.1181219918030791,1.279300028903626,1.0994862343811829,-0.24701780074283858,-0.19061983102761332,1.0,0.0,0.0,0.0,1.0,0.0,0.0
-0.16328607837776465,1.8676117871269928,0.890724655027945,1.57263007057146,1.0994862343811829,1.5899569450941688,0.3175205758108755,0.0,1.0,0.0,0.0,1.0,0.0,0.0
-1.51123262096751,1.8455451837979209,0.8640925345047304,0.6779734434845681,1.0994862343811829,1.7940652501871701,0.2202838312923991,0.0,1.0,0.0,0.0,0.0,1.0,0.0
1.993428389765828,-0.42731495909644773,0.1265876584772678,-1.1846723211061767,0.5484271206893675,-0.11390368872566377,0.6123674785443197,1.0,0.0,0.0,0.0,0.0,0.0,1.0
-1.51123262096751,0.3163295730932631,0.365252430858377,-0.7886767648546005,0.15777379357358315,-1.8266385966799754,1.1142345470267776,1.0,0.0,1.0,0.0,0.0,0.0,0.0
0.10630323014018443,0.7024951313520151,1.5411629831910536,0.7219729497347422,0.2682926130326656,1.1284946901012978,1.107961208670747,1.0,0.0,1.0,0.0,0.0,0.0,0.0
-1.241643312449561,-0.8664403653449715,-0.48185386424538845,-1.067340304439043,-1.2605510561513111,-0.8770912642907979,2.1211053531697086,1.0,0.0,0.0,0.0,1.0,0.0,0.0
1.1846604642119807,1.31153338323439,0.007767428450621432,0.8393049664018758,0.9260330871745668,-1.1433194883251467,1.3777147579800681,1.0,0.0,0.0,1.0,0.0,0.0,0.0
-1.51123262096751,1.289466779905318,1.5411629831910536,1.0299694934859676,1.0994862343811829,1.7940652501871701,1.6694249915354966,1.0,0.0,0.0,1.0,0.0,0.0,0.0
0.6454818471760826,-1.851714203988016,-0.5474098532256074,-0.30468219610267605,-2.0788891898196917,-0.8948398125597541,0.44612401210950514,1.0,0.0,0.0,0.0,0.0,0.0,1.0
1.4542497727299297,1.0003942762944813,0.9112109015842622,0.3259773934831673,1.0994862343811829,-1.498290453704279,0.6970575463507344,1.0,0.0,1.0,0.0,0.0,0.0,0.0
-1.51123262096751,-0.016876137175717162,0.083566540708999,-1.8446649148588028,1.0104571853724778,-0.4600003799703172,2.258334629707881,1.0,0.0,1.0,0.0,0.0,0.0,0.0
0.9150711556940316,-0.9635334199928863,-0.828071431047169,-1.2873378356899188,0.3887888259151372,0.5072955006878174,-0.9434204337513005,1.0,0.0,0.0,0.0,1.0,0.0,0.0
0.10630323014018443,-1.6211181991992183,-1.7386850904755218,-0.040685158601624825,0.15777379357358315,0.05470751982942349,-0.41646001184471965,1.0,0.0,0.0,0.0,0.0,1.0,0.0
1.993428389765828,-1.851714203988016,-0.3220611411061047,-0.8620092752715599,-2.0788891898196917,-1.0811995693837984,1.7666617360539731,1.0,0.0,0.0,0.0,1.0,0.0,0.0
1.993428389765828,1.073214067280417,1.004423323415512,-0.14335067318536704,-0.1077783698489355,-0.9658340056355805,0.6876475388166879,1.0,0.0,0.0,0.0,0.0,0.0,1.0
-0.9720540039316119,-0.15148241748305344,1.0802224356738896,1.7192950914053777,-0.09396351741654965,-0.2736406231462729,1.5439582244148822,1.0,0.0,0.0,0.0,0.0,0.0,1.0
-0.9720540039316119,0.8966812406478445,0.2966235048947102,1.1913010164032765,1.0994862343811829,-1.1965651331320162,-0.3129499289702126,0.0,1.0,0.0,0.0,0.0,0.0,1.0
0.6454818471760826,1.6403257728375558,-0.9223081652062337,1.0006364893191848,-0.024889255254623644,-0.5842402178530138,-0.3317699440383047,0.0,1.0,0.0,0.0,0.0,1.0,0.0
0.3758925386581335,-0.7803806123615924,-1.220383052600666,0.10597986223229151,-0.567505959126647,1.376974365866691,0.01640033472140067,1.0,0.0,0.0,0.0,1.0,0.0,0.0
0.10630323014018443,0.7554549793417868,1.5411629831910536,1.8366271080725112,-0.15459536975868576,0.12570171290524995,0.3143839066328599,1.0,0.0,0.0,0.0,0.0,1.0,0.0
1.1846604642119807,0.8481347133238873,0.38061711577561635,-0.29001569401928334,-0.24362441876739097,0.40080421107407765,0.9605377573040248,1.0,0.0,0.0,0.0,1.0,0.0,0.0
1.993428389765828,-0.23312884980061838,0.036448173629467305,-0.29001569401928334,1.0994862343811829,-1.010205376307972,0.27360720731866023,1.0,0.0,0.0,0.0,0.0,1.0,0.0
1.1846604642119807,-1.6078782372017755,0.25052945014299494,-0.5980122377705087,-2.0788891898196917,-1.1344452141906685,-0.44155336526884226,1.0,0.0,0.0,0.0,0.0,1.0,0.0
1.4542497727299297,-0.4537948830913338,0.5311910279645565,-0.5246797273535505,0.061837318348685014,0.7114038057808179,-0.9057804036151161,0.0,1.0,0.0,0.0,0.0,0.0,1.0
0.10630323014018443,-0.01908279750862427,-1.926134246465835,-0.994007794022085,-2.0788891898196917,-0.4954974765082304,-0.09965642486516778,1.0,0.0,1.0,0.0,0.0,0.0,0.0
1.1846604642119807,0.1773099721201126,1.5411629831910536,-0.11401766901858298,0.9482903494267436,-1.187690858997538,0.6092308093663038,1.0,0.0,0.0,0.0,1.0,0.0,0.0
-0.16328607837776465,1.7109389034905846,-0.2954290205828917,-0.011352154434842079,1.0994862343811829,-1.4095477123594955,-0.005556349524706956,1.0,0.0,1.0,0.0,0.0,0.0,0.0
0.9150711556940316,0.4001826657437351,0.8302902276868053,-0.6126787398539014,0.7579523825805454,0.8001465471256013,0.7754742758011184,1.0,0.0,0.0,0.0,0.0,0.0,1.0
1.4542497727299297,0.43990255173606385,-0.6631571462688058,-1.5073353669407934,0.044185006907303453,1.332602995194299,2.258334629707881,1.0,0.0,0.0,1.0,0.0,0.0,0.0
-0.16328607837776465,-1.8263376101595836,-1.8749186300750391,-1.8446649148588028,-2.0788891898196917,-0.025160947380881083,-1.2037639755265757,0.0,1.0,0.0,1.0,0.0,0.0,0.0
0.9150711556940316,-0.5817811823999488,-1.14663256499792,-1.5660013752743602,0.16391372798797652,0.6759067092429046,-0.0933830865091372,1.0,0.0,0.0,0.0,0.0,0.0,1.0
1.993428389765828,-0.3721484507737689,0.35296068292458693,1.1179685059863185,-1.5990149407447516,0.587163967898122,-0.05260638719493751,1.0,0.0,0.0,1.0,0.0,0.0,0.0
0.9150711556940316,-0.041149400837695735,1.5411629831910536,0.9713034851524007,0.018857777447930473,1.7940652501871701,0.1826438011562147,1.0,0.0,0.0,0.0,1.0,0.0,0.0
0.6454818471760826,-1.1113796622976657,-1.798095205488845,0.003314347648550597,-1.7225811208344208,-1.063451021114842,-0.44782670362487315,0.0,1.0,0.0,0.0,1.0,0.0,0.0
-0.4328753868957137,-1.851714203988016,-1.926134246465835,-1.7419994002750605,-0.66881487696414,1.7940652501871701,-0.04633304883890664,1.0,0.0,0.0,0.0,0.0,0.0,1.0
-1.51123262096751,0.7642816206734157,1.5411629831910536,0.8833044726520513,1.0994862343811829,0.9421349332772543,0.44926068128752067,0.0,1.0,0.0,1.0,0.0,0.0,0.0
-0.16328607837776465,-0.2397488307993397,-0.05881287285741395,0.9566369830690094,0.15777379357358315,-1.5692846467801047,-0.3537266282844123,1.0,0.0,0.0,0.0,0.0,1.0,0.0
-0.16328607837776465,1.4064197775493976,0.04925207772716631,1.8366271080725112,1.0994862343811829,0.6936552575118616,0.09168039499376916,1.0,0.0,0.0,0.0,0.0,1.0,0.0
1.1846604642119807,0.5546488890472357,0.04925207772716631,0.13531286639907555,0.0380450724929101,-0.7528514264081011,-1.1347572536102375,1.0,0.0,0.0,1.0,0.0,0.0,0.0
0.10630323014018443,-1.0650397953066155,0.04361835992417805,-0.7300107565210336,-2.0788891898196917,-1.205439407266495,-1.2319939981287138,1.0,0.0,0.0,0.0,0.0,1.0,0.0
-0.16328607837776465,-0.46703484508877646,0.5772850827162732,0.648640439317784,-0.30809373011852276,-0.7883485229460143,0.40534731279530545,1.0,0.0,0.0,1.0,0.0,0.0,0.0
-1.51123262096751,-0.01908279750862427,-1.1558513759482636,0.003314347648550597,-2.0788891898196917,0.5782896937636438,-0.4258700193787655,1.0,0.0,0.0,0.0,0.0,0.0,1.0
0.6454818471760826,0.8194481289960945,-1.926134246465835,0.5166419205672591,-1.7456058748883962,-1.0723252952493203,-0.9810604638874847,1.0,0.0,0.0,0.0,1.0,0.0,0.0
0.3758925386581335,0.8326880909935371,0.6418167593686757,0.7073064476513509,0.4970051699688231,-0.10502941459118566,0.0791337182817077,1.0,0.0,0.0,0.0,0.0,0.0,1.0
-0.7024646954136627,0.9253678249756381,1.3936620079855613,-0.23134968568571657,1.0994862343811829,0.15232453530868506,-0.7113069145781635,1.0,0.0,0.0,0.0,1.0,0.0,0.0
0.9150711556940316,-1.287912488930238,-1.926134246465835,-1.1113398106892185,-1.4823561868712758,-0.19377215593596833,-0.6046601625256413,1.0,0.0,0.0,0.0,1.0,0.0,0.0
1.1846604642119807,-0.08086928683002445,1.5411629831910536,-0.11401766901858298,1.0849038901469987,0.6226610644360352,-0.8242270049867166,1.0,0.0,1.0,0.0,0.0,0.0,0.0
-0.4328753868957137,0.26998970610221307,0.17473033788461592,-0.7886767648546005,1.0994862343811829,0.3031871955948161,-0.3129499289702126,1.0,0.0,0.0,0.0,0.0,0.0,1.0
-0.4328753868957137,0.7355950363456225,1.1662646712104272,0.780638958068309,-0.9704391550712191,0.24106727665346775,0.6029574710102733,1.0,0.0,0.0,0.0,1.0,0.0,0.0
-1.51123262096751,0.19054993411755522,-0.30259920687760244,-0.906008781521734,-0.7670538275944346,-0.09615514045670755,0.4680806963556127,1.0,0.0,1.0,0.0,0.0,0.0,0.0
-0.16328607837776465,0.7444216776772513,1.5411629831910536,1.6312960789050268,0.15777379357358315,-0.5309945730461436,-1.4099999739810856,1.0,0.0,1.0,0.0,0.0,0.0,0.0
1.993428389765828,-1.2261259996088376,1.334251892972238,-1.1700058190227853,0.8400740053730588,0.8711407402014277,-0.9528304412853466,1.0,0.0,0.0,0.0,0.0,0.0,1.0
-0.9720540039316119,0.42004260873989946,0.11839315985474062,-0.26068268985250065,1.0994862343811829,1.0841233194289073,0.574727448408135,1.0,0.0,0.0,0.0,1.0,0.0,0.0
-0.4328753868957137,-0.2728487357929471,0.6418167593686757,-0.18735017943554247,0.6029190386171103,-1.8355128708144544,-1.4099999739810856,1.0,0.0,1.0,0.0,0.0,0.0,0.0
1.1846604642119807,-1.7777910828356265,-1.4600721373095917,-1.8446649148588028,-0.8507104339905461,0.11682743877077184,0.29556389156476787,0.0,1.0,0.0,0.0,0.0,1.0,0.0
1.1846604642119807,-0.8355471206842712,-1.5881111782865818,-0.8620092752715599,-2.0788891898196917,-1.4450448088974088,-1.0971172234740532,0.0,1.0,0.0,0.0,0.0,0.0,1.0
-0.9720540039316119,-0.4780681467533124,0.3867629897425121,-0.5100132252701591,-0.5283638772348882,0.6581581609739484,-1.2100373138826062,0.0,1.0,0.0,1.0,0.0,0.0,0.0
0.3758925386581335,-0.398628374768655,-1.7765846466047113,0.003314347648550597,-0.4731044675053469,1.0042548522186026,-0.9716504563534387,0.0,1.0,0.0,0.0,0.0,0.0,1.0
0.10630323014018443,0.8569613546555161,0.9306728358127658,1.4992975601545018,0.6635508909592454,-0.7883485229460143,-1.4099999739810856,0.0,1.0,0.0,0.0,0.0,1.0,0.0
0.10630323014018443,-1.6078782372017755,-1.327935847021339,-1.3020043377733101,-2.0618124972296603,0.40967848520855576,0.6751008621046267,0.0,1.0,0.0,0.0,0.0,0.0,1.0
1.7238390812478788,0.6274686800331719,-0.2964533329107067,0.5753079289008258,1.0994862343811829,-0.3712576386255345,0.304973899098814,0.0,1.0,0.0,0.0,0.0,0.0,1.0
-0.9720540039316119,-0.37435511110667596,0.04925207772716631,-0.5246797273535505,-0.049448992912197044,-0.2381435266083597,0.9385810730579172,1.0,0.0,0.0,0.0,0.0,1.0,0.0
1.993428389765828,-0.7583140090325209,-0.44497862044401537,-0.5100132252701591,-0.3710280578660554,0.7202780799152959,0.719014230596842,1.0,0.0,0.0,0.0,1.0,0.0,0.0
-0.4328753868957137,0.4641758153980424,0.6172332635010941,-1.4046698523570524,0.5568695305091597,1.4302200106735599,-1.1347572536102375,1.0,0.0,0.0,0.0,1.0,0.0,0.0
-0.16328607837776465,-0.17575568114503243,-1.2255046142397468,0.4579759122336923,-1.1791969251605974,-0.7883485229460143,1.1675579230530388,1.0,0.0,0.0,0.0,0.0,0.0,1.0
-0.4328753868957137,-0.36552846977504755,1.5268226106016307,-0.9353417856885181,1.0227370542012644,-1.0989481176527554,-0.9622404488193926,1.0,0.0,0.0,0.0,1.0,0.0,0.0
-0.4328753868957137,1.5101328131960337,0.8538494112265719,1.8366271080725112,1.0994862343811829,0.21444445425003342,-0.16552647760349037,1.0,0.0,0.0,0.0,0.0,0.0,1.0
-0.7024646954136627,0.6936684900203867,0.6674245675640736,-0.3780147065196342,1.0994862343811829,1.030877674622037,0.05090369567956948,1.0,0.0,1.0,0.0,0.0,0.0,0.0
0.6454818471760826,-1.851714203988016,0.22594595427541192,0.23797838098281646,-0.3150011563347157,1.2882316245219068,-0.7144435837561789,1.0,0.0,0.0,1.0,0.0,0.0,0.0
-0.16328607837776465,0.6649819056925935,-0.24318909186427926,-0.23134968568571657,0.6666208581664426,0.2588158249224248,-0.06828973308501426,1.0,0.0,0.0,1.0,0.0,0.0,0.0
-0.16328607837776465,1.8676117871269928,0.8548737235543868,1.792627601822336,1.0994862343811829,0.6492838868394702,-0.792860313206563,1.0,0.0,0.0,0.0,1.0,0.0,0.0
-0.4328753868957137,-0.7318340850376353,-1.926134246465835,-1.5513348731909689,-1.1331474170526468,1.0042548522186026,-0.33490661321632,1.0,0.0,0.0,1.0,0.0,0.0,0.0
0.10630323014018443,1.04011416228681,1.3076197724490237,-0.3193486981860674,1.0994862343811829,-0.3890061868944915,0.33006725252293695,1.0,0.0,0.0,1.0,0.0,0.0,0.0
1.1846604642119807,1.4328997015442828,1.5411629831910536,0.6926399455679595,0.1754261050149636,1.7940652501871701,-0.3568632974624276,1.0,0.0,0.0,0.0,0.0,1.0,0.0
1.993428389765828,0.23026982010988434,1.2594770930416757,0.780638958068309,1.0994862343811829,-1.3030564227457557,0.10422707170583062,1.0,0.0,0.0,0.0,0.0,0.0,1.0
-1.241643312449561,0.7400083570114367,0.7186401839548697,0.09131336014890014,0.8231891857334768,0.5427925972257306,0.22342050047041437,1.0,0.0,0.0,0.0,1.0,0.0,0.0
0.9150711556940316,-1.0562131539749868,0.21570283099725332,0.35531039764995004,-0.8791076306571163,-1.1521937624596248,-0.36313663581845823,1.0,0.0,1.0,0.0,0.0,0.0,0.0
-1.51123262096751,-0.1007292298261888,-0.5105346094242343,-1.199338823189568,1.0879738573541948,0.06358179396390239,2.258334629707881,0.0,1.0,1.0,0.0,0.0,0.0,0.0
0.3758925386581335,0.3714960814159419,0.9665237672863225,0.8833044726520513,0.8807510708684156,-1.010205376307972,-0.6360268543057948,1.0,0.0,0.0,0.0,0.0,1.0,0.0
-1.51123262096751,1.7616920911474494,0.660254381269363,1.5286305643212845,0.5430546780767738,0.3298100179982512,-1.1943539679925295,1.0,0.0,0.0,0.0,1.0,0.0,0.0
0.10630323014018443,1.8676117871269928,-0.026034878367303754,0.003314347648550597,1.0994862343811829,-1.5692846467801047,1.0734578477125776,1.0,0.0,0.0,0.0,0.0,0.0,1.0
0.10630323014018443,-0.15368907781596056,0.594698392289144,1.0006364893191848,0.41411605537451013,0.6670324351084265,0.12618375595193826,1.0,0.0,0.0,0.0,0.0,0.0,1.0
-0.4328753868957137,1.3313933262305544,0.9214540248624222,1.4552980539043265,1.0994862343811829,-1.8355128708144544,0.2422405155385067,0.0,1.0,0.0,0.0,1.0,0.0,0.0
-0.16328607837776465,-0.19561562414119676,-0.2165569713410648,-0.4953467231867678,-0.770123794801632,0.6581581609739484,0.615504147722335,0.0,1.0,0.0,0.0,1.0,0.0,0.0
0.6454818471760826,-0.034529419838974416,1.1488513616375564,0.6193074351510013,1.0994862343811829,1.4479685589425175,-0.0620163947289834,1.0,0.0,1.0,0.0,0.0,0.0,0.0
1.7238390812478788,0.6848418486887579,0.1911193351296703,1.8366271080725112,0.8032343988866976,1.1639917866392118,-0.0933830865091372,1.0,0.0,0.0,0.0,1.0,0.0,0.0
-1.241643312449561,1.2320936112497325,0.01084036543406931,0.7659724559849176,0.15777379357358315,-0.2647663490117948,-1.1284839152542068,0.0,1.0,0.0,1.0,0.0,0.0,0.0
-0.9720540039316119,1.0268742002893665,-1.926134246465835,-0.055351660685016194,0.15700630177178357,1.731945331245822,-0.44469003444685784,0.0,1.0,0.0,0.0,0.0,1.0,0.0
0.3758925386581335,-0.8156871776881068,-0.2585537767815172,-0.055351660685016194,-1.2183390070523563,1.7940652501871701,-0.3599999666404429,1.0,0.0,0.0,0.0,0.0,1.0,0.0
0.6454818471760826,1.8676117871269928,-0.8669952995041749,-0.2166831836023252,1.0994862343811829,-1.480541905435322,-0.6768035536199944,1.0,0.0,0.0,1.0,0.0,0.0,0.0
1.1846604642119807,0.7047017916849222,-0.699008077742364,-1.258004831523135,0.13091158051061103,-1.8355128708144544,0.49317404977973567,0.0,1.0,0.0,0.0,0.0,0.0,1.0
-1.241643312449561,0.40238932607664224,-0.2923560835994438,-0.08468466485180025,0.8216542021298776,1.7940652501871701,-1.0030171481335923,1.0,0.0,0.0,0.0,1.0,0.0,0.0
-1.51123262096751,-0.5707478807354128,0.4758781622624962,0.003314347648550597,-0.06633381255177903,-0.6463601367943622,1.3808514271580834,0.0,1.0,0.0,0.0,0.0,0.0,1.0
-0.4328753868957137,-1.7844110638343478,-1.0134719623818507,-0.5393462294369419,-1.2989256462412704,-0.6907315074667536,0.23596717718247584,0.0,1.0,0.0,0.0,0.0,0.0,1.0
0.10630323014018443,0.243509782107327,-0.7307617599046577,1.073968999736143,-1.481588695069476,0.5250440489567736,-0.6485735310178563,0.0,1.0,0.0,0.0,0.0,0.0,1.0
0.6454818471760826,-0.0963159091603746,-0.18275466452313963,-0.11401766901858298,1.0058522345616825,0.019210423291510258,-1.11280056936413,0.0,1.0,0.0,0.0,0.0,0.0,1.0
-0.4328753868957137,0.1133168224658049,-0.1929977878012997,-1.2433383294397435,-0.8453379913779524,-1.010205376307972,-0.5325167714312878,0.0,1.0,0.0,0.0,0.0,1.0,0.0
0.3758925386581335,-0.3898017334370261,-0.3732767574969007,-1.5660013752743602,-0.021819288047426423,1.7940652501871701,-0.8555936967668702,1.0,0.0,1.0,0.0,0.0,0.0,0.0
-0.7024646954136627,0.40459598640954936,0.04925207772716631,0.47264241431708365,0.8224216939316772,1.7940652501871701,1.362031412089991,0.0,1.0,0.0,0.0,0.0,1.0,0.0
0.6454818471760826,1.1504471789321677,0.890724655027945,1.8366271080725112,1.0994862343811829,0.8977635626048621,-0.8555936967668702,0.0,1.0,0.0,1.0,0.0,0.0,0.0
0.10630323014018443,-0.023496118174438484,1.2666472793363863,1.4846310580711104,-0.5698084345320447,-0.43337755756688284,-1.0061538173116076,1.0,0.0,0.0,0.0,0.0,0.0,1.0
-1.51123262096751,0.4332825707373425,-0.27801571101002087,-0.11401766901858298,1.0994862343811829,-1.1166966659217115,-0.008693018702722252,0.0,1.0,0.0,0.0,0.0,1.0,0.0
0.9150711556940316,-0.19340896380828929,-0.46239193001688617,-0.7740102627712091,-0.9681366796658215,-0.8327198936184065,-0.5136967563631958,0.0,1.0,0.0,0.0,0.0,0.0,1.0
0.9150711556940316,0.04270369181277591,-0.8731411734710692,1.5286305643212845,1.0994862343811829,0.6670324351084265,0.12932042512995356,0.0,1.0,0.0,0.0,0.0,1.0,0.0
-1.51123262096751,0.8746146373187734,0.5557745238321381,0.8833044726520513,0.49470269456342547,0.6847809833773827,2.258334629707881,0.0,1.0,0.0,0.0,0.0,1.0,0.0
0.6454818471760826,1.029080860622274,1.0617848137732022,0.5899744309842172,1.0779964639308057,-0.0429094956498373,-0.2627632221219668,1.0,0.0,0.0,0.0,1.0,0.0,0.0
-0.4328753868957137,-0.5332346550759912,-0.5156561710633136,-0.5246797273535505,-0.9382044993956533,-0.016286673246402185,-0.7269902604682403,1.0,0.0,0.0,0.0,1.0,0.0,0.0
-0.7024646954136627,-0.2441621514651539,1.5411629831910536,1.8366271080725112,-0.4078676643524166,-1.6580273881248881,1.6380582997553432,1.0,0.0,0.0,0.0,1.0,0.0,0.0
-0.9720540039316119,0.6958751503532937,-1.1404866910310256,0.003314347648550597,-1.1070526957914741,0.6581581609739484,0.7315609073089032,0.0,1.0,0.0,1.0,0.0,0.0,0.0
-0.4328753868957137,-1.2062660566126733,0.6131360141898298,-0.055351660685016194,0.15777379357358315,1.7940652501871701,-0.11847643993326011,0.0,1.0,0.0,0.0,1.0,0.0,0.0
1.7238390812478788,-1.851714203988016,0.058983044841417434,0.41397640598351687,-1.4554939738083048,0.019210423291510258,2.258334629707881,0.0,1.0,1.0,0.0,0.0,0.0,0.0
0.10630323014018443,-1.287912488930238,-0.761491129739135,-1.199338823189568,-2.0788891898196917,-0.7173543298701879,-1.4099999739810856,0.0,1.0,0.0,0.0,1.0,0.0,0.0
1.7238390812478788,1.860991806128271,1.1017329945580232,-0.9793412919386936,1.0994862343811829,1.332602995194299,0.37398062101515195,1.0,0.0,0.0,0.0,0.0,0.0,1.0
0.10630323014018443,-0.9502934579954433,-0.35586344792402985,0.9713034851524007,-2.0788891898196917,-0.24701780074283858,-1.0406571782697767,0.0,1.0,0.0,0.0,0.0,0.0,1.0
-0.4328753868957137,0.9099212026452879,1.3946863203133764,0.003314347648550597,1.0994862343811829,-0.3978804610289696,-0.4666467186929652,1.0,0.0,0.0,1.0,0.0,0.0,0.0
-1.51123262096751,-0.01908279750862427,-1.6096217371707169,-0.3340152002694588,-1.4370741705651235,-1.800015774276541,0.13559376348598443,0.0,1.0,0.0,1.0,0.0,0.0,0.0
-0.4328753868957137,0.42886925007152793,1.0187636960049349,1.0153029914025762,0.8968683987061981,1.1551175125047337,-0.8210903358087013,0.0,1.0,0.0,0.0,0.0,0.0,1.0
-0.4328753868957137,-0.5089613914140126,0.4205652965604373,-0.9646747898553009,0.13321405591600866,1.0220034004875589,0.4680806963556127,1.0,0.0,0.0,0.0,0.0,1.0,0.0
-1.51123262096751,1.8676117871269928,1.0751008740348102,1.8366271080725112,-0.3687255824606578,0.7823979988566443,-0.2627632221219668,1.0,0.0,0.0,0.0,0.0,0.0,1.0
-1.51123262096751,0.7907615446683014,0.18804639814622387,-1.4780023627740106,1.0994862343811829,-0.13165223699462078,-0.48233006458304223,1.0,0.0,0.0,0.0,0.0,0.0,1.0
-0.4328753868957137,-0.4868947880849408,-0.7573938804278707,0.1646458705658583,-1.240596269304532,0.3386842921327293,-0.18120982349356743,1.0,0.0,0.0,0.0,1.0,0.0,0.0
-1.51123262096751,1.8676117871269928,1.1549972356044522,0.7953054601517003,1.0994862343811829,-0.8504684418873627,-1.0720238700499303,1.0,0.0,0.0,0.0,1.0,0.0,0.0
-0.4328753868957137,-0.08969592816165327,0.4717809129512333,-0.20201668151893384,1.0994862343811829,1.4657171072114739,0.5182674032038586,1.0,0.0,0.0,0.0,0.0,1.0,0.0
0.10630323014018443,1.8676117871269928,1.4346345010981971,0.5166419205672591,1.0994862343811829,-1.7201473070662365,-0.08083640979707572,1.0,0.0,0.0,0.0,0.0,1.0,0.0
0.10630323014018443,1.8676117871269928,1.5411629831910536,0.003314347648550597,1.0994862343811829,-0.60198876612197,0.40221064361729014,1.0,0.0,0.0,1.0,0.0,0.0,0.0
-0.7024646954136627,1.121760594604375,0.35910655689148124,0.36997689973334275,0.9636401854627276,0.44517558174646904,-0.1623898084254751,1.0,0.0,0.0,0.0,1.0,0.0,0.0
1.7238390812478788,1.8676117871269928,0.9552563316803474,1.073968999736143,1.0994862343811829,0.6670324351084265,0.43044066621942834,1.0,0.0,0.0,0.0,0.0,1.0,0.0
0.9150711556940316,-0.3699417904408618,0.013913302417517185,-1.654000387774711,-1.4708438098442875,-0.6907315074667536,-0.6862135611540406,1.0,0.0,1.0,0.0,0.0,0.0,0.0
-0.16328607837776465,-0.8156871776881068,1.1877752300945608,0.5313084226506505,-0.33342095957789575,1.4302200106735599,0.8162509751153179,1.0,0.0,0.0,0.0,1.0,0.0,0.0
-0.16328607837776465,0.6164353783686364,-0.07622618243028477,-0.994007794022085,1.0994862343811829,1.2261117055805602,-0.723853591290225,1.0,0.0,1.0,0.0,0.0,0.0,0.0
-1.51123262096751,-0.01908279750862427,-1.0155205870374822,-1.4486693586072266,-1.061770679485322,-0.45112610583583906,0.9228977271678401,1.0,0.0,1.0,0.0,0.0,0.0,0.0
-1.51123262096751,0.5502355683814215,-0.8690439241598064,1.704628589321985,0.15777379357358315,0.2588158249224248,-0.827363674164732,0.0,1.0,0.0,1.0,0.0,0.0,0.0
0.3758925386581335,0.29646963009709876,0.30276937886160593,-0.45134721693659235,0.6029190386171103,-0.0429094956498373,1.3588947429119758,0.0,1.0,0.0,0.0,1.0,0.0,0.0
-0.9720540039316119,0.007397126486261409,-1.4518776386870647,-1.1553393169393926,-1.503845957321653,-0.300263445549708,-1.304137389223067,1.0,0.0,0.0,0.0,0.0,1.0,0.0
0.9150711556940316,1.611639188509763,1.5411629831910536,1.8366271080725112,1.0994862343811829,-0.46887465410479606,-1.3010007200450517,1.0,0.0,0.0,0.0,1.0,0.0,0.0
0.3758925386581335,-0.01908279750862427,0.7042998113654467,1.601963074738244,0.23145300654630444,-0.3801319127600126,1.3181180435977764,0.0,1.0,0.0,0.0,0.0,0.0,1.0
-0.7024646954136627,0.35825611941849933,0.30379369118942234,-0.20201668151893384,0.768697267805734,1.2616088021184726,-0.6328901851277795,1.0,0.0,0.0,0.0,0.0,0.0,1.0
-1.51123262096751,0.11773014313161913,0.3857386774146957,1.2499670247368433,0.7395325793373654,0.4274270334775128,-1.4099999739810856,0.0,1.0,0.0,0.0,0.0,1.0,0.0
1.993428389765828,-0.1404491158185179,0.4758781622624962,1.2059675184866678,0.2874799080776453,0.47179840414990415,-1.2194473214166524,0.0,1.0,0.0,0.0,0.0,0.0,1.0
-0.16328607837776465,-0.5839878427328559,-0.8413874913087769,0.23797838098281646,-0.7332841883152708,-1.5426618243766703,-0.965377117997408,1.0,0.0,0.0,0.0,1.0,0.0,0.0
0.6454818471760826,-0.01908279750862427,1.5411629831910536,0.780638958068309,1.0994862343811829,0.6226610644360352,-1.0218371632016845,0.0,1.0,1.0,0.0,0.0,0.0,0.0
-0.7024646954136627,-1.2062660566126733,-1.8943805643035427,-1.8446649148588028,-1.6281796292131214,-0.167149333532534,-0.5544734556773955,0.0,1.0,0.0,0.0,0.0,0.0,1.0
0.3758925386581335,0.06256363480894027,0.9890586384982726,1.0593024976527516,-1.1339149088544453,-0.149400785263577,-0.27844656801204354,1.0,0.0,1.0,0.0,0.0,0.0,0.0
-0.16328607837776465,-1.0098732869839366,-1.084149513001149,-0.30468219610267605,-0.8998299093056941,-0.09615514045670755,-1.3951007953855128,0.0,1.0,0.0,0.0,1.0,0.0,0.0
0.10630323014018443,-0.43172827976226197,-0.9202595405506023,-1.4780023627740106,-0.3940528119200308,-1.0811995693837984,0.0038536580093392102,1.0,0.0,0.0,0.0,0.0,1.0,0.0
-0.4328753868957137,-0.28608869779039015,0.7780502989681929,-0.30468219610267605,0.15777379357358315,-0.9569597315011024,-0.9340104262172543,0.0,1.0,0.0,0.0,0.0,0.0,1.0
-0.16328607837776465,-0.632534370056813,0.21262989401380544,-0.906008781521734,0.9682451362735228,-0.60198876612197,-0.9810604638874847,0.0,1.0,1.0,0.0,0.0,0.0,0.0
1.993428389765828,-0.6501876527200703,0.8661411591603619,1.3526325393205856,0.34887925222157984,0.46292413001542526,-0.5544734556773955,1.0,0.0,0.0,0.0,0.0,1.0,0.0
-0.16328607837776465,-1.0517998333091725,-1.2859390415808851,1.2499670247368433,-1.417886875520144,0.24106727665346775,-1.4099999739810856,1.0,0.0,0.0,0.0,0.0,1.0,0.0
-1.51123262096751,1.1283805756030958,1.1119761178361833,1.235300522653452,0.7610223497877426,1.5988312192286487,-0.48546673376105753,0.0,1.0,0.0,0.0,0.0,0.0,1.0
-0.16328607837776465,-0.5950211443973914,0.04925207772716631,0.23797838098281646,0.392626284924134,-1.5515360985111484,1.1801045997650998,0.0,1.0,0.0,0.0,1.0,0.0,0.0
-0.7024646954136627,0.29646963009709876,0.27716157066620795,0.06198035598211609,1.0994862343811829,-1.3119306968802347,-0.5670201323894569,0.0,1.0,0.0,0.0,0.0,0.0,1.0
-1.241643312449561,1.0864540292778604,0.877408594766337,-0.4806802211033751,1.0994862343811829,1.1906146090426462,-0.7771769673164862,0.0,1.0,0.0,0.0,1.0,0.0,0.0
-0.16328607837776465,1.3843531742203257,0.7760016743125614,-0.26068268985250065,0.6075239894279055,-0.4954974765082304,-0.17179981595952126,1.0,0.0,0.0,0.0,1.0,0.0,0.0
0.9150711556940316,-1.1466862276241803,0.04925207772716631,-1.8446649148588028,-0.6173929262435944,-0.5309945730461436,2.258334629707881,0.0,1.0,0.0,0.0,0.0,1.0,0.0
-1.241643312449561,1.3997997965506759,1.5411629831910536,0.5019754184838677,1.0994862343811829,-0.9392111832321454,0.3802539593711825,1.0,0.0,1.0,0.0,0.0,0.0,0.0
0.3758925386581335,1.8676117871269928,-0.4009331903479301,-1.492668864857402,0.91375321834578,-0.4866232023737523,0.21714716211438378,1.0,0.0,0.0,0.0,1.0,0.0,0.0
-1.51123262096751,0.7753149223379512,-0.7932448119014287,-1.6100008815245355,1.0879738573541948,-1.8355128708144544,1.647468307289389,1.0,0.0,1.0,0.0,0.0,0.0,0.0
-0.9720540039316119,0.0404970314798688,-1.5174336276672835,0.5019754184838677,0.31587710474421543,-0.9658340056355805,-0.04633304883890664,0.0,1.0,0.0,0.0,1.0,0.0,0.0
-0.9720540039316119,1.3093267229014824,1.2512825944191484,1.4992975601545018,1.0994862343811829,1.2083631573116023,-1.1535772686783297,1.0,0.0,0.0,0.0,0.0,0.0,1.0
-0.9720540039316119,-0.01908279750862427,-0.16124410563900596,0.34064389556655866,1.0994862343811829,-0.7794742488115363,1.7697984052319884,1.0,0.0,0.0,0.0,0.0,0.0,1.0
1.993428389765828,0.8084148273315586,0.05488579553015311,1.8366271080725112,0.20075333447433769,0.6581581609739484,2.258334629707881,1.0,0.0,0.0,1.0,0.0,0.0,0.0
1.4542497727299297,-0.10293589015909631,0.20443539539127825,-0.14335067318536704,0.7786746612291231,-0.6286115885254052,-0.8210903358087013,1.0,0.0,1.0,0.0,0.0,0.0,0.0
1.1846604642119807,-1.3077724319264024,0.04925207772716631,-1.8446649148588028,-0.6273703196669835,-1.8355128708144544,-1.0563405241598536,0.0,1.0,0.0,1.0,0.0,0.0,0.0
-1.241643312449561,1.8676117871269928,1.5411629831910536,1.8366271080725112,0.15777379357358315,0.6049125161670782,-0.7771769673164862,0.0,1.0,0.0,0.0,0.0,0.0,1.0
-1.51123262096751,-0.7472807073679854,0.7811232359516407,-0.8766757773549513,-0.5329688280456835,0.5072955006878174,-1.4099999739810856,1.0,0.0,0.0,1.0,0.0,0.0,0.0
-0.4328753868957137,0.656155264360965,1.0228609453161979,-0.7153442544376423,1.0994862343811829,1.2793573503874287,-1.4099999739810856,1.0,0.0,0.0,0.0,0.0,1.0,0.0
0.10630323014018443,1.8676117871269928,1.5411629831910536,1.8366271080725112,1.0994862343811829,-0.32688626795314313,1.5031815251006826,1.0,0.0,1.0,0.0,0.0,0.0,0.0
0.10630323014018443,1.5277860958592913,-0.11002848924820995,0.8246384643184844,1.0994862343811829,-0.6996057816012317,0.18891713951224556,0.0,1.0,0.0,0.0,0.0,0.0,1.0
-0.16328607837776465,-1.2680525459340737,0.7124943099879739,0.41397640598351687,-0.37563300867685073,1.7940652501871701,-0.8430470200548088,0.0,1.0,0.0,0.0,0.0,1.0,0.0
-1.51123262096751,0.47741577739548546,0.20955695703035757,0.35531039764995004,1.0994862343811829,-0.6374858626598833,-0.5293801022532725,1.0,0.0,0.0,1.0,0.0,0.0,0.0
0.3758925386581335,-0.30153532012073986,-0.9356242254678417,0.4433094101503009,-2.0788891898196917,1.7940652501871701,-0.30981325979219704,0.0,1.0,1.0,0.0,0.0,0.0,0.0
-0.7024646954136627,1.6138458488426697,0.5762607703884567,0.8246384643184844,1.0994862343811829,0.46292413001542526,-0.11847643993326011,1.0,0.0,0.0,0.0,0.0,0.0,1.0
0.6454818471760826,-0.12500249348816778,-0.3548391355962149,0.9859699872357934,-1.618969727591531,-0.6907315074667536,2.12737869152574,1.0,0.0,0.0,0.0,1.0,0.0,0.0
1.4542497727299297,-0.43172827976226197,-1.926134246465835,-1.6686668898581023,-0.4853843363341347,1.6698254123044751,1.8607618113944335,0.0,1.0,0.0,0.0,1.0,0.0,0.0
-0.16328607837776465,0.4862424187271139,0.2925262555834473,1.3819655434873683,0.13781900672680394,-0.2647663490117948,0.3175205758108755,1.0,0.0,0.0,0.0,0.0,1.0,0.0
0.6454818471760826,-0.08748926782874616,-1.926134246465835,0.003314347648550597,-1.3257878593042416,-1.4184219864939736,-1.0720238700499303,1.0,0.0,0.0,0.0,0.0,0.0,1.0
-1.241643312449561,-0.08748926782874616,0.27716157066620795,-0.18735017943554247,0.15777379357358315,0.6226610644360352,2.0834653230335247,0.0,1.0,1.0,0.0,0.0,0.0,0.0
-0.16328607837776465,-1.851714203988016,-1.029860959626905,-1.4780023627740106,-1.747908350293794,0.23219300251898964,0.8099776367592872,0.0,1.0,1.0,0.0,0.0,0.0,0.0
0.3758925386581335,-1.3232190542567526,-0.3169395794670254,-0.45134721693659235,-2.0788891898196917,-1.8177643225454971,-0.33804328239433556,1.0,0.0,0.0,0.0,1.0,0.0,0.0
0.6454818471760826,-1.7689644415039976,-1.735612153492074,-1.8446649148588028,-2.0788891898196917,-1.8355128708144544,-0.8461836892328242,1.0,0.0,0.0,0.0,0.0,1.0,0.0
-0.16328607837776465,1.4836528892011476,1.5411629831910536,1.8366271080725112,0.7924895136615089,-0.0340352215153592,0.035220349789492726,1.0,0.0,0.0,0.0,1.0,0.0,0.0
1.1846604642119807,-0.5001347500823838,0.876384282438522,-0.7446772586044264,0.6228738254638895,1.2704830762529506,2.258334629707881,1.0,0.0,1.0,0.0,0.0,0.0,0.0
0.10630323014018443,0.5877487940408431,-0.37532538215253214,0.41397640598351687,0.7848145956435175,0.019210423291510258,2.258334629707881,1.0,0.0,0.0,0.0,1.0,0.0,0.0
-0.9720540039316119,1.126173915270189,-0.24114046720864782,-0.3193486981860674,0.15777379357358315,-1.2231879555354512,-0.45410004198090376,1.0,0.0,0.0,0.0,0.0,0.0,1.0
-0.4328753868957137,-0.8796803273424145,0.02722936267912368,0.34064389556655866,-0.15536286156048423,1.2172374314460803,0.8727110203195948,1.0,0.0,0.0,0.0,1.0,0.0,0.0
0.10630323014018443,-1.1091730019647585,-1.3822244003955828,-0.8033432669379932,-1.4739137770514847,1.2438602538495163,0.8099776367592872,1.0,0.0,0.0,0.0,1.0,0.0,0.0
-0.16328607837776465,-0.8598203843462502,0.364228118530562,0.7366394518181348,-0.8683627454319277,1.5100884778838644,-0.5199700947192264,0.0,1.0,1.0,0.0,0.0,0.0,0.0
0.10630323014018443,-1.8373709118241195,-1.926134246465835,-0.9206752836051267,-2.0788891898196917,1.0663747711599494,0.9417177422359324,0.0,1.0,0.0,0.0,1.0,0.0,0.0
0.9150711556940316,-0.07866262649711735,0.04925207772716631,0.14997936848246693,0.5860342189775283,-1.1521937624596248,-0.6830768919760254,1.0,0.0,0.0,1.0,0.0,0.0,0.0
1.4542497727299297,0.9893609746299453,-0.0024756948275371856,1.0006364893191848,0.8538888578054435,0.9066378367393402,-0.6768035536199944,1.0,0.0,0.0,0.0,1.0,0.0,0.0
-1.51123262096751,0.10228352080126937,0.17575465021243236,-0.2166831836023252,-0.37563300867685073,-0.44225183170136095,1.3212547127757917,1.0,0.0,0.0,1.0,0.0,0.0,0.0
1.993428389765828,-0.7803806123615924,1.0761251863626253,0.3113108913997759,-0.036401632281610766,0.09907889050181562,0.8476176668954719,1.0,0.0,0.0,0.0,1.0,0.0,0.0
0.6454818471760826,0.5193423237207213,-0.695935140758916,0.6046409330676086,0.9805250051023094,1.7940652501871701,-0.6956235686880868,0.0,1.0,1.0,0.0,0.0,0.0,0.0
1.4542497727299297,0.5281689650523501,-0.9765967185804776,-0.26068268985250065,-0.6419526639011679,-1.7112730329317576,-0.7677669597824401,1.0,0.0,0.0,0.0,1.0,0.0,0.0
-1.51123262096751,-0.17575568114503243,0.5824066443553525,1.235300522653452,1.0994862343811829,-1.1433194883251467,-0.394503327598612,0.0,1.0,1.0,0.0,0.0,0.0,0.0
-1.51123262096751,-1.5681583512094466,-1.926134246465835,-1.8446649148588028,-0.5015016641719171,0.995380578084123,0.6249141552563808,0.0,1.0,0.0,0.0,0.0,0.0,1.0
-0.16328607837776465,0.9827409936312236,0.9183810878789743,0.12064636431568289,1.0994862343811829,0.08133034223285861,-0.9810604638874847,1.0,0.0,1.0,0.0,0.0,0.0,0.0
1.4542497727299297,-0.7539006883667067,-0.14383079606613514,-0.45134721693659235,-0.1860625336324521,-1.8355128708144544,-1.4099999739810856,0.0,1.0,0.0,1.0,0.0,0.0,0.0
-0.7024646954136627,-0.25519545312968983,0.32735287472918895,-0.42201421276980833,0.9598027264537318,0.3386842921327293,1.3965347730481603,1.0,0.0,0.0,0.0,0.0,0.0,1.0
-0.9720540039316119,-1.0540064936420797,-0.224751469963592,-0.9353417856885181,-2.067184939842255,0.36530711453616443,0.028947011433462132,1.0,0.0,0.0,1.0,0.0,0.0,0.0
-0.4328753868957137,-0.0014295148453670203,1.1826536684554816,-0.5246797273535505,1.0994862343811829,-1.4716676313008439,-0.7865869748505323,1.0,0.0,0.0,0.0,0.0,0.0,1.0
-0.16328607837776465,-1.1797861326177874,0.4052006116431979,0.10597986223229151,0.8707736774450255,-0.743977152273623,-0.08397307897509103,1.0,0.0,1.0,0.0,0.0,0.0,0.0
-0.7024646954136627,-1.851714203988016,-1.5891354906143982,-1.8446649148588028,-2.0788891898196917,0.5960382420326,-0.5074234180071648,1.0,0.0,0.0,0.0,0.0,1.0,0.0
0.3758925386581335,1.0092209176261098,-0.47365936562286126,-0.011352154434842079,1.0994862343811829,0.7823979988566443,-1.0281105015577152,1.0,0.0,0.0,0.0,0.0,0.0,1.0
0.10630323014018443,1.0908673499436745,0.27306432135494507,0.9566369830690094,0.34504179321258416,1.1639917866392118,-1.3292307426471899,1.0,0.0,0.0,0.0,0.0,1.0,0.0
0.3758925386581335,0.7775215826708584,1.5411629831910536,-1.0820068065224344,1.0994862343811829,1.1018718676978634,1.456131487430452,1.0,0.0,1.0,0.0,0.0,0.0,0.0
0.9150711556940316,0.14200340679359807,-0.2288487192748563,0.003314347648550597,0.012717843033537124,-0.43337755756688284,-1.2288573289506983,1.0,0.0,0.0,0.0,0.0,0.0,1.0
0.10630323014018443,-0.630327709723906,0.14809821736140294,-0.02601865651823345,0.7318576613193728,-1.045702472845885,-1.250814013196806,0.0,1.0,0.0,0.0,0.0,1.0,0.0
-0.16328607837776465,0.27440302676802725,0.04925207772716631,-0.8033432669379932,0.7955594808687062,1.5810826709596908,2.111695345635663,0.0,1.0,0.0,0.0,0.0,0.0,1.0
0.3758925386581335,-0.07204264549839602,1.1652403588826108,-0.18735017943554247,0.4970051699688231,-1.063451021114842,-0.13729645500135218,1.0,0.0,0.0,0.0,0.0,0.0,1.0
0.10630323014018443,-1.0253199093142866,0.9071136522729993,-1.463335860690618,-1.1945467611965814,-1.1788165848630598,2.258334629707881,1.0,0.0,0.0,0.0,0.0,1.0,0.0
1.993428389765828,0.020637088483704446,-0.4931212998513635,-0.6566782461040755,-0.7156318768738903,0.8356436436635145,-1.2759073666209289,0.0,1.0,1.0,0.0,0.0,0.0,0.0
0.6454818471760826,-0.24636881179806103,1.5411629831910536,-0.20201668151893384,1.0994862343811829,-0.619737314390927,-0.6172068392377027,1.0,0.0,1.0,0.0,0.0,0.0,0.0
0.9150711556940316,0.2876429887654703,0.46563503898433756,0.25264488306620914,0.0710472199702745,1.3503515434632551,-0.07142640226302956,0.0,1.0,0.0,1.0,0.0,0.0,0.0
-0.4328753868957137,-0.0014295148453670203,1.2994252738264964,0.17931237264924968,-0.3625856480462644,-1.2586850520733646,-0.6391635234838103,1.0,0.0,1.0,0.0,0.0,0.0,0.0
1.993428389765828,-0.47365482608749815,0.14502528037795506,-0.8326762711047759,-0.10087094363274257,0.019210423291510258,1.6694249915354966,1.0,0.0,0.0,0.0,0.0,0.0,1.0
0.10630323014018443,-0.9922200043206794,-1.926134246465835,-0.8913422794383427,-1.9159890548878153,-0.7528514264081011,-0.3443166207503662,1.0,0.0,0.0,0.0,0.0,0.0,1.0
1.4542497727299297,-0.6700475957162346,-0.07315324544683689,0.941970480985618,-1.129309958043651,0.019210423291510258,0.4116206511513363,1.0,0.0,0.0,1.0,0.0,0.0,0.0
0.6454818471760826,0.9452277679718024,0.8702384084716263,-0.7446772586044264,0.724950235103181,-0.4600003799703172,-1.4099999739810856,1.0,0.0,0.0,0.0,0.0,0.0,1.0
-0.16328607837776465,-1.2857058285973308,1.0423228795447,0.7366394518181348,0.46400302249145764,-1.8355128708144544,0.6280508244343962,1.0,0.0,0.0,0.0,0.0,1.0,0.0
-0.4328753868957137,-0.01908279750862427,-1.1025871349018361,-1.6686668898581023,-1.3764423182229886,0.48954695241886037,-1.3825541186734511,1.0,0.0,0.0,0.0,0.0,1.0,0.0
-0.4328753868957137,-0.5972278047302986,1.186750917766746,-0.436680714853201,-0.26818415642496435,-0.4954974765082304,-1.1441672611442837,1.0,0.0,1.0,0.0,0.0,0.0,0.0
-0.16328607837776465,-0.5332346550759912,-0.029107815350751628,0.5899744309842172,0.3427393178071865,1.332602995194299,0.6029574710102733,0.0,1.0,0.0,0.0,1.0,0.0,0.0
1.4542497727299297,-0.18899564314247505,-0.07929911941373119,0.003314347648550597,-0.7033520080451025,-1.054576746980364,0.5559074333400427,0.0,1.0,0.0,0.0,1.0,0.0,0.0
-1.241643312449561,0.05594365381021894,-0.04139956328454313,0.03264735181533334,-0.5298988608384874,0.4185527593430339,-1.0657505316938995,1.0,0.0,0.0,0.0,0.0,0.0,1.0
1.4542497727299297,-0.9767733819903293,-0.38864144241414006,-0.436680714853201,0.47321292411304816,0.6226610644360352,0.2485138538945373,1.0,0.0,0.0,0.0,0.0,0.0,1.0
-1.51123262096751,-0.01908279750862427,-0.4367841218214882,0.2233118788994251,-0.26357920561417014,0.019210423291510258,2.258334629707881,1.0,0.0,0.0,0.0,0.0,1.0,0.0
1.4542497727299297,1.8676117871269928,1.5411629831910536,-0.3780147065196342,1.0994862343811829,-0.6729829591977966,2.258334629707881,1.0,0.0,0.0,0.0,0.0,0.0,1.0
-1.241643312449561,-0.01908279750862427,-0.22577578229140843,-0.08468466485180025,0.2859449244740472,-1.3829248899560604,-1.2225839905946676,1.0,0.0,0.0,1.0,0.0,0.0,0.0
-0.4328753868957137,0.22806315977697683,0.3488634336133226,-0.9793412919386936,-0.4255199757937982,-0.5664916695840568,-0.3756833125305197,1.0,0.0,0.0,0.0,0.0,1.0,0.0
-0.4328753868957137,0.2523364234389558,1.1795807314720337,-0.18735017943554247,1.0994862343811829,-0.3978804610289696,-0.9528304412853466,0.0,1.0,0.0,0.0,0.0,0.0,1.0
1.1846604642119807,-1.3077724319264024,-0.8413874913087769,0.13531286639907555,-1.0894003843500926,1.7940652501871701,-0.45096337280288845,0.0,1.0,1.0,0.0,0.0,0.0,0.0
0.6454818471760826,-1.851714203988016,1.4704854325717553,-0.5393462294369419,-0.8338256143509641,-0.8415941677528846,-0.7803136364945016,1.0,0.0,0.0,0.0,1.0,0.0,0.0
-1.51123262096751,-0.9525001183283507,-1.5174336276672835,-0.20201668151893384,-2.0788891898196917,-1.8355128708144544,-1.3731441111394052,1.0,0.0,0.0,0.0,1.0,0.0,0.0
0.3758925386581335,0.44872919306769227,-0.009645881122249383,-1.2433383294397435,0.6980880220402088,-1.3030564227457557,-0.8210903358087013,1.0,0.0,0.0,0.0,0.0,0.0,1.0
-0.16328607837776465,-0.20885558613863942,0.9921315754817205,-0.42201421276980833,-0.06403133714638139,1.6698254123044751,0.3896639669052287,0.0,1.0,0.0,0.0,0.0,0.0,1.0
0.6454818471760826,1.002600936627388,-0.09876105364223489,1.5579635684880686,1.0994862343811829,-1.045702472845885,-0.9465571029293157,0.0,1.0,0.0,0.0,0.0,1.0,0.0
0.3758925386581335,-0.05659602316804588,0.5926497676335111,1.0886355018195344,-0.40403020534342093,-0.5043717506427093,1.518864870990759,1.0,0.0,0.0,0.0,1.0,0.0,0.0
0.3758925386581335,0.2721963664351202,0.9993017617764313,-1.2433383294397435,-0.8361280897563618,1.6786996864389532,0.5810007867641657,1.0,0.0,0.0,0.0,0.0,1.0,0.0
0.3758925386581335,1.170307121928332,-0.09773674131441844,-1.1260063127726099,0.8216542021298776,0.019210423291510258,0.0038536580093392102,1.0,0.0,0.0,1.0,0.0,0.0,0.0
1.7238390812478788,-1.5990515958701468,-0.7553452557722392,-0.5833457356871173,-1.0579332204763263,0.1878216318465983,1.622374953865266,1.0,0.0,1.0,0.0,0.0,0.0,0.0
-1.51123262096751,-0.33022190444853305,-0.05881287285741395,0.6339739372343927,0.30359723591542764,0.5250440489567736,-0.23453319951982857,0.0,1.0,0.0,0.0,1.0,0.0,0.0
1.7238390812478788,0.014017107484983122,-1.1312678800806821,0.003314347648550597,-0.1407805173262999,-0.3890061868944915,-0.2690365604779974,0.0,1.0,0.0,0.0,0.0,1.0,0.0
-0.7024646954136627,0.5083090220561858,0.6192818881567256,0.23797838098281646,0.15777379357358315,-1.1699423107285818,-1.4099999739810856,1.0,0.0,0.0,0.0,0.0,0.0,1.0
1.4542497727299297,0.32956953509070613,0.02722936267912368,0.7366394518181348,1.0994862343811829,0.08133034223285861,-0.14043312417936746,1.0,0.0,0.0,0.0,1.0,0.0,0.0
0.9150711556940316,-1.0429731919775438,-0.4634162423447012,0.5899744309842172,-1.2367588102955362,-0.007412399111924074,0.22969383882644526,0.0,1.0,0.0,0.0,1.0,0.0,0.0
-0.16328607837776465,0.6958751503532937,0.16858446391772017,1.8366271080725112,1.0994862343811829,-0.6463601367943622,-1.1284839152542068,1.0,0.0,0.0,0.0,0.0,0.0,1.0
0.9150711556940316,-0.7362474057034494,0.08663947769244687,-0.8326762711047759,-1.3710698756103936,0.44517558174646904,0.36143394430309045,0.0,1.0,0.0,1.0,0.0,0.0,0.0
-0.4328753868957137,0.8702013166529592,1.5411629831910536,-0.6713447481874681,0.15777379357358315,-1.8355128708144544,0.06345037239163094,1.0,0.0,0.0,0.0,1.0,0.0,0.0
1.7238390812478788,1.3468399485609046,0.7042998113654467,1.0299694934859676,1.0994862343811829,0.14345026117420695,-1.0375205090917612,0.0,1.0,0.0,0.0,0.0,1.0,0.0
1.993428389765828,0.06697695547475488,0.04925207772716631,0.6339739372343927,-1.3173454494844505,0.569415419629165,-0.47919339540502665,0.0,1.0,0.0,0.0,0.0,1.0,0.0
-0.4328753868957137,0.5965754353724716,-0.6375493380734079,0.6779734434845681,0.6873431368150202,0.5782896937636438,-0.2596265529439515,1.0,0.0,0.0,1.0,0.0,0.0,0.0
1.7238390812478788,-1.358525619583267,-0.51668048339113,0.47264241431708365,-1.7386984486722032,0.09020461636733672,-1.1661239453903913,0.0,1.0,0.0,0.0,0.0,0.0,1.0
1.1846604642119807,1.8676117871269928,-1.5205065646507314,-0.8180097690213846,-2.0788891898196917,-0.2736406231462729,0.4649440271775975,0.0,1.0,0.0,0.0,0.0,0.0,1.0
0.6454818471760826,0.9628810506350592,1.5411629831910536,0.003314347648550597,1.0994862343811829,1.4035971882701255,-1.4099999739810856,1.0,0.0,1.0,0.0,0.0,0.0,0.0
-0.4328753868957137,-0.21768222747026825,1.2779147149423629,0.5313084226506505,-1.0272335484043584,0.019210423291510258,0.6531441778585191,0.0,1.0,0.0,0.0,0.0,0.0,1.0
0.3758925386581335,0.9717076919666877,0.5240208416698443,-0.36334820443624155,1.0994862343811829,-0.9303369090976673,-0.6548468693738871,1.0,0.0,1.0,0.0,0.0,0.0,0.0
-1.51123262096751,-0.5420612964076197,-1.1845321211271096,-1.4046698523570524,0.2943873342938382,-0.11390368872566377,-0.1623898084254751,1.0,0.0,0.0,0.0,1.0,0.0,0.0
-0.16328607837776465,0.5480289080485145,1.3608840134954512,0.9273039789022266,1.0350169230300512,0.09907889050181562,-0.5262434330752572,0.0,1.0,0.0,0.0,0.0,1.0,0.0
0.10630323014018443,-1.3408723369200097,-0.5033644231295221,1.3086330330704101,-1.1346824006562448,0.276564373191381,-0.24080653787585915,1.0,0.0,0.0,1.0,0.0,0.0,0.0
1.4542497727299297,0.40900930707536354,1.0761251863626253,-0.4953467231867678,1.0994862343811829,0.6049125161670782,-0.00241968034669166,1.0,0.0,0.0,0.0,0.0,0.0,1.0
-0.16328607837776465,0.6958751503532937,1.246161032780069,0.5019754184838677,1.0994862343811829,-0.3535090903565783,-1.3543240960713128,1.0,0.0,0.0,0.0,0.0,0.0,1.0
1.4542497727299297,-0.5244080137443624,0.3468148089576912,-0.9793412919386936,0.49240021915802784,0.40967848520855576,-0.9779237947094694,1.0,0.0,0.0,0.0,1.0,0.0,0.0
-0.16328607837776465,-1.5968449355372396,-1.926134246465835,-1.4193363544404438,-0.48922179534313043,0.6492838868394702,-0.40077666595464256,0.0,1.0,0.0,0.0,0.0,0.0,1.0
-0.4328753868957137,-0.9701534009916077,0.7022511867098153,-0.4953467231867678,-0.626602827865184,0.5605411454946868,1.3338013894878529,0.0,1.0,0.0,0.0,0.0,0.0,1.0
1.4542497727299297,0.6495352833622433,1.5411629831910536,-0.15801717526875841,1.0035497591562847,0.0014618750225540366,-1.009290486489623,1.0,0.0,0.0,0.0,0.0,1.0,0.0
1.993428389765828,-0.8598203843462502,0.20750833237472613,-0.6126787398539014,-1.8676370713744663,0.24994155078794664,1.402808111404191,1.0,0.0,1.0,0.0,0.0,0.0,0.0
0.9150711556940316,-1.851714203988016,-1.926134246465835,-1.8446649148588028,-1.4961710393036605,-0.318011993818665,0.12932042512995356,1.0,0.0,0.0,1.0,0.0,0.0,0.0
0.9150711556940316,0.08683689847091923,-0.13256336046016007,-0.09935116693519162,-1.282808318403488,-1.8355128708144544,0.40534731279530545,1.0,0.0,0.0,0.0,1.0,0.0,0.0
1.4542497727299297,-0.4537948830913338,-0.8823599844214128,-1.8446649148588028,0.3189470719514116,0.7912722729911225,-0.3850933200645658,1.0,0.0,0.0,1.0,0.0,0.0,0.0
0.3758925386581335,-0.39421505410284036,0.5567988361599545,0.5459749247340419,-0.9059698437200874,-1.0900738435182773,-1.053203854981838,0.0,1.0,0.0,0.0,0.0,0.0,1.0
0.10630323014018443,-0.7803806123615924,0.31608543912321385,0.003314347648550597,0.25217528519488214,-0.8948398125597541,0.11363707923987679,1.0,0.0,0.0,0.0,1.0,0.0,0.0
-0.16328607837776465,1.2453335732471753,0.33349874869608326,1.8366271080725112,1.0994862343811829,-1.7023987587972795,0.32065724498889075,0.0,1.0,0.0,0.0,0.0,1.0,0.0
-0.7024646954136627,1.11734727393856,0.8436062879484117,-1.1406728148560012,0.8155142677154843,-1.8355128708144544,-1.3794174494954359,1.0,0.0,0.0,0.0,0.0,0.0,1.0
0.10630323014018443,-0.2044422654728252,0.6735704415309695,0.25264488306620914,1.0994862343811829,-0.8504684418873627,0.010126996365369801,1.0,0.0,0.0,0.0,0.0,0.0,1.0
0.3758925386581335,-0.1713423604792178,-0.6877406421363889,-0.09935116693519162,1.0994862343811829,-1.5604103726456264,0.4147573203293516,1.0,0.0,0.0,0.0,0.0,0.0,1.0
-0.4328753868957137,-0.7097674817085637,-1.120000444474707,-0.14335067318536704,0.2130332033031244,0.21444445425003342,-0.3568632974624276,0.0,1.0,0.0,0.0,0.0,0.0,1.0
-1.51123262096751,0.2920563094312845,-0.9202595405506023,-0.5246797273535505,0.8400740053730588,1.7940652501871701,-0.40391333513265815,1.0,0.0,1.0,0.0,0.0,0.0,0.0
0.10630323014018443,-1.2923258095960521,-0.7184700119708662,0.8539714684852672,-0.7279117457026769,0.5960382420326,-0.2251231919857824,0.0,1.0,1.0,0.0,0.0,0.0,0.0
-0.16328607837776465,-1.851714203988016,-1.4610964496374081,-0.3193486981860674,-0.4562196478657649,-0.08728086632222865,-1.279044035798944,1.0,0.0,0.0,0.0,1.0,0.0,0.0
0.3758925386581335,1.4946861908656834,-0.36917950818563783,0.6779734434845681,1.0994862343811829,-0.9037140866942321,-0.02437636459279929,1.0,0.0,0.0,0.0,1.0,0.0,0.0
1.1846604642119807,-0.15368907781596056,1.0505173781672272,0.6926399455679595,-0.07707869777696766,-0.5664916695840568,-1.1912172988145142,1.0,0.0,0.0,0.0,0.0,0.0,1.0
0.9150711556940316,-0.01908279750862427,0.04925207772716631,1.8219606059891187,0.17696108861856277,0.019210423291510258,-0.5325167714312878,1.0,0.0,0.0,0.0,0.0,0.0,1.0
-0.9720540039316119,0.7907615446683014,-0.06291012216867681,0.4579759122336923,-1.1761269579534013,0.22331872838451153,-0.7959969823845784,1.0,0.0,0.0,0.0,0.0,0.0,1.0
-0.4328753868957137,-1.0098732869839366,0.15424409132829722,0.36997689973334275,-2.0788891898196917,0.14345026117420695,1.5659149086609896,1.0,0.0,0.0,0.0,1.0,0.0,0.0
0.3758925386581335,-0.2022356051399181,0.8927732796835763,-1.4340028565238352,-0.2497643531817843,-1.8355128708144544,2.258334629707881,0.0,1.0,0.0,0.0,0.0,1.0,0.0
-1.51123262096751,1.5586793405199908,-0.2800643356656523,1.8366271080725112,1.0864388737505968,0.6759067092429046,-0.6893502303320559,1.0,0.0,0.0,0.0,0.0,0.0,1.0
-0.7024646954136627,-1.10034636063313,0.2638455104046014,-0.568679233603726,-0.7578439259728452,-0.5487431213151006,0.5653174408740892,1.0,0.0,0.0,0.0,0.0,1.0,0.0
-0.9720540039316119,-1.215092697944302,-1.3064252881372038,-0.36334820443624155,-1.8392398747078966,-1.6580273881248881,-0.2251231919857824,0.0,1.0,0.0,0.0,0.0,1.0,0.0
0.10630323014018443,0.6693952263584076,1.3475679532338447,0.42864290806690825,0.15777379357358315,0.46292413001542526,-0.7113069145781635,1.0,0.0,0.0,1.0,0.0,0.0,0.0
-0.7024646954136627,0.7069084520178293,-0.016816067416960123,-0.7446772586044264,1.0994862343811829,-0.05178376978431541,0.9762211031941018,1.0,0.0,0.0,0.0,1.0,0.0,0.0
-0.16328607837776465,-0.4780681467533124,0.05078854621889025,0.8686379705686599,-0.4869193199377328,0.6759067092429046,-0.4948767412951037,0.0,1.0,0.0,0.0,1.0,0.0,0.0
0.10630323014018443,1.1482405185992601,-0.11105280157602494,1.4846310580711104,1.077228972129006,0.06358179396390239,-0.21257651527372093,0.0,1.0,0.0,0.0,0.0,0.0,1.0
-1.51123262096751,0.4796224377283926,0.5486043375374273,0.14997936848246693,0.08332708879906228,0.0724560680983805,-0.20943984609570565,1.0,0.0,1.0,0.0,0.0,0.0,0.0
-0.16328607837776465,-0.3324285647814402,0.159365652967378,-0.7886767648546005,-1.7187436618254246,0.44517558174646904,-1.4099999739810856,1.0,0.0,1.0,0.0,0.0,0.0,0.0
-0.16328607837776465,1.3468399485609046,0.8016094825079594,0.17931237264924968,1.0994862343811829,-0.016286673246402185,-0.3317699440383047,1.0,0.0,0.0,0.0,0.0,1.0,0.0
-1.51123262096751,0.12876344479615506,0.31608543912321385,1.3526325393205856,1.0994862343811829,1.518962752018344,0.6186408169003503,1.0,0.0,0.0,0.0,0.0,1.0,0.0
1.7238390812478788,-0.6126744270606487,0.8384847263093325,-0.8180097690213846,0.6059890058243064,-0.8327198936184065,-0.1623898084254751,1.0,0.0,0.0,0.0,0.0,0.0,1.0
-0.7024646954136627,0.1066968414670836,1.0003260741042477,0.6046409330676086,0.13014408870881253,1.7940652501871701,0.3833906285491981,0.0,1.0,0.0,1.0,0.0,0.0,0.0
-0.4328753868957137,0.3229495540919848,0.046691296907625926,0.9859699872357934,0.36883403906835904,0.9421349332772543,-0.6077968317036566,0.0,1.0,0.0,0.0,0.0,1.0,0.0
-0.4328753868957137,-0.2529887927967827,-0.36917950818563783,-0.436680714853201,-0.9090398109272846,-0.6907315074667536,1.09227786278067,0.0,1.0,0.0,1.0,0.0,0.0,0.0
-1.51123262096751,-0.6854942180465847,-0.43268687251022386,0.487308916400475,0.15777379357358315,0.019210423291510258,-1.053203854981838,1.0,0.0,0.0,0.0,0.0,0.0,1.0
0.9150711556940316,0.5921621147066574,-0.8331929926862497,-0.6566782461040755,0.8308641037514681,0.1878216318465983,2.258334629707881,1.0,0.0,0.0,1.0,0.0,0.0,0.0
-0.9720540039316119,-0.20885558613863942,-0.8444604282922248,0.4433094101503009,-0.6734198277749341,-0.4954974765082304,-0.24080653787585915,0.0,1.0,0.0,1.0,0.0,0.0,0.0
-1.51123262096751,-1.851714203988016,-0.9243567898618652,-1.8446649148588028,-0.9850214993054035,0.23219300251898964,-0.8054069899186246,1.0,0.0,0.0,0.0,0.0,0.0,1.0
-0.16328607837776465,-1.360732279916174,-0.1428064837383187,-0.3193486981860674,-0.5598310411086556,0.7202780799152959,-0.07769974061906043,1.0,0.0,0.0,0.0,0.0,0.0,1.0
-0.9720540039316119,-1.0231132489813795,0.8948219043392078,0.36997689973334275,-0.5667384673248475,1.0663747711599494,0.8099776367592872,0.0,1.0,0.0,1.0,0.0,0.0,0.0
-0.16328607837776465,-0.8532004033475284,0.04925207772716631,-0.7886767648546005,-0.02719173066002129,0.9421349332772543,-0.5325167714312878,1.0,0.0,0.0,0.0,1.0,0.0,0.0
-0.16328607837776465,-1.846197553155748,-1.926134246465835,-0.36334820443624155,0.15777379357358315,-0.5664916695840568,-0.14670646253539835,1.0,0.0,0.0,0.0,0.0,1.0,0.0
1.993428389765828,0.7510416586759726,1.5411629831910536,-0.09935116693519162,0.7548824153733492,0.13457598703972884,0.2861538840307217,1.0,0.0,0.0,0.0,0.0,0.0,1.0
-1.241643312449561,-0.08307594716293155,0.8528250988987555,-0.6126787398539014,1.0611116442912236,-1.3829248899560604,-1.1033905618300839,1.0,0.0,0.0,0.0,0.0,0.0,1.0
-1.51123262096751,-1.2680525459340737,-0.6170630915170892,-1.7273328981916691,-1.2835758102052865,-0.6552344109288404,-1.2539506823748212,1.0,0.0,0.0,0.0,0.0,0.0,1.0
0.10630323014018443,0.2633697251034913,-0.21245972202980196,0.487308916400475,-1.4355391869615255,0.5161697748222955,-0.3850933200645658,1.0,0.0,0.0,0.0,0.0,0.0,1.0
-1.241643312449561,1.8676117871269928,1.5411629831910536,1.8366271080725112,1.0994862343811829,-0.9480854573666243,-1.4099999739810856,1.0,0.0,0.0,0.0,1.0,0.0,0.0
-0.9720540039316119,1.8676117871269928,0.9101865892564471,0.42864290806690825,1.0994862343811829,-0.10502941459118566,1.233427975791361,1.0,0.0,0.0,0.0,0.0,0.0,1.0
-0.16328607837776465,-1.851714203988016,-0.5494584778812388,-0.5540127315203346,-2.0788891898196917,-0.8770912642907979,-0.6203435084157181,1.0,0.0,0.0,0.0,0.0,0.0,1.0
-0.16328607837776465,-0.01908279750862427,0.16038996529519298,0.3846434018167341,0.10865431825843526,0.45404985588094715,0.07286037992567711,1.0,0.0,0.0,0.0,0.0,0.0,1.0
1.993428389765828,0.9650877109679667,1.5411629831910536,0.487308916400475,1.0495992672642356,0.7735237247221662,-0.1623898084254751,1.0,0.0,1.0,0.0,0.0,0.0,0.0
-1.51123262096751,1.8676117871269928,1.5411629831910536,0.01798084973194197,1.0994862343811829,0.04583324569494538,2.258334629707881,1.0,0.0,0.0,0.0,1.0,0.0,0.0
0.9150711556940316,-0.7583140090325209,-1.926134246465835,-0.040685158601624825,-1.2145015480433605,0.7025295316463398,2.258334629707881,0.0,1.0,1.0,0.0,0.0,0.0,0.0
0.10630323014018443,0.14200340679359807,0.8067310441470388,-0.42201421276980833,1.0994862343811829,-1.7201473070662365,-1.0500671858038229,1.0,0.0,0.0,0.0,0.0,0.0,1.0
-1.51123262096751,-0.01908279750862427,-0.7522723187887914,0.9566369830690094,0.4286983996086956,0.44517558174646904,-0.7552202830703787,0.0,1.0,0.0,0.0,0.0,1.0,0.0
-1.241643312449561,0.4068026467424565,0.299696441878158,1.279300028903626,0.9567327592465346,-0.45112610583583906,-0.8493203584108395,1.0,0.0,0.0,1.0,0.0,0.0,0.0
-0.16328607837776465,-0.200028944807011,0.4031519869875665,-0.8766757773549513,-0.21292474669542313,1.2793573503874287,-0.17493648513753654,1.0,0.0,0.0,0.0,0.0,1.0,0.0
-0.4328753868957137,-0.784793933027407,0.40929786095446224,0.10597986223229151,1.0994862343811829,0.22331872838451153,-1.1880806296364987,1.0,0.0,1.0,0.0,0.0,0.0,0.0
-0.4328753868957137,1.7065255828247705,0.19214364745748674,0.4433094101503009,1.0994862343811829,0.9510092074117323,2.258334629707881,1.0,0.0,0.0,1.0,0.0,0.0,0.0
-0.7024646954136627,-0.12500249348816778,-0.5269236066692887,-1.067340304439043,0.14626141654659494,0.2055701801155553,0.35829727512507514,1.0,0.0,0.0,0.0,1.0,0.0,0.0
-1.241643312449561,-0.05659602316804588,-0.5607259134872139,-0.07001816276840887,-0.024889255254623644,-0.09615514045670755,-1.3825541186734511,1.0,0.0,0.0,0.0,1.0,0.0,0.0
1.993428389765828,-1.67407804718899,-0.8987489816664672,-0.20201668151893384,-1.9727834482209552,0.7202780799152959,-0.41332334266670406,0.0,1.0,0.0,0.0,0.0,0.0,1.0
1.993428389765828,1.8676117871269928,0.2208243926363326,0.2819778872329919,1.0994862343811829,0.6315353385705132,-1.4099999739810856,1.0,0.0,0.0,0.0,1.0,0.0,0.0
0.9150711556940316,1.4990995115314978,0.09995553795405482,-0.3926812086030256,1.0994862343811829,-0.9658340056355805,-0.1623898084254751,1.0,0.0,0.0,0.0,0.0,0.0,1.0
1.1846604642119807,-0.4626215244229622,1.1744591698329543,1.073968999736143,-1.8476822845276877,-0.7528514264081011,-1.172397283746422,1.0,0.0,0.0,0.0,0.0,0.0,1.0
-0.4328753868957137,0.5193423237207213,0.9153081508955265,-0.6273452419372928,0.962872693660928,0.5960382420326,2.1336520298817705,0.0,1.0,0.0,0.0,0.0,0.0,1.0
1.4542497727299297,0.15083004812522652,-1.121024756802522,-0.1726836773521498,0.0027404496101469753,-0.6729829591977966,-0.6673935460859486,1.0,0.0,0.0,0.0,0.0,0.0,1.0
-0.7024646954136627,0.6760152073571294,-0.3220611411061047,-0.4953467231867678,1.0994862343811829,1.7053225088423876,-0.45410004198090376,1.0,0.0,0.0,0.0,0.0,1.0,0.0
0.9150711556940316,0.6340886610318935,0.04925207772716631,-0.568679233603726,1.0994862343811829,1.7940652501871701,1.3494847353779298,1.0,0.0,0.0,0.0,0.0,0.0,1.0
1.1846604642119807,-1.1356529259596442,-1.0380554582494337,0.9126374768188339,-1.0963078105662856,0.7114038057808179,-0.09965642486516778,1.0,0.0,0.0,0.0,0.0,0.0,1.0
-1.51123262096751,-0.05218270250223166,0.12966059546071568,1.0153029914025762,0.733392644922972,1.048626222890993,0.797430960047226,1.0,0.0,0.0,1.0,0.0,0.0,0.0
0.10630323014018443,-1.1179996432963872,0.11839315985474062,-0.18735017943554247,-1.5890375473213625,-0.6286115885254052,0.20773715458033762,1.0,0.0,0.0,0.0,0.0,0.0,1.0
0.3758925386581335,0.5281689650523501,-0.36917950818563783,-0.24601618776910925,-0.9850214993054035,-0.4777489282392742,0.13245709430796884,1.0,0.0,0.0,0.0,0.0,0.0,1.0
-0.16328607837776465,-1.5085785222209533,-1.734587841164259,-1.8446649148588028,-0.3318859759742977,-1.7645186777386277,-1.3574607652493282,1.0,0.0,0.0,0.0,0.0,0.0,1.0
-0.16328607837776465,-0.46703484508877646,-0.89055448304394,0.10597986223229151,-0.0010970093988487322,0.0724560680983805,2.258334629707881,0.0,1.0,1.0,0.0,0.0,0.0,0.0
-0.4328753868957137,-0.24195549113224682,0.6377195100574128,0.36997689973334275,1.0994862343811829,-1.0013311021734936,0.3551606059470599,1.0,0.0,0.0,0.0,0.0,1.0,0.0
0.6454818471760826,0.6892551693545724,0.9419402714187409,1.2206340205700592,0.3557866784377728,0.48067267828438226,-0.32235993650425854,1.0,0.0,1.0,0.0,0.0,0.0,0.0
1.4542497727299297,1.4549663048733548,1.5411629831910536,1.0886355018195344,0.9651751690663256,1.2793573503874287,0.32379391416690606,1.0,0.0,0.0,0.0,0.0,0.0,1.0
1.1846604642119807,-0.7053541610427492,-0.8895301707161251,0.3113108913997759,-2.0788891898196917,1.1639917866392118,-1.3072740584010822,1.0,0.0,0.0,0.0,1.0,0.0,0.0
-1.241643312449561,-0.46703484508877646,-0.5515071025368717,-0.8180097690213846,-1.4547264820065051,-0.06065804391879431,-0.5356534406093034,0.0,1.0,0.0,0.0,0.0,1.0,0.0
0.9150711556940316,0.8062081669986515,0.888676030372312,-0.3193486981860674,0.20612577708693147,0.4185527593430339,-0.24080653787585915,0.0,1.0,0.0,0.0,0.0,0.0,1.0
-1.241643312449561,-0.4427615814267979,-0.24114046720864782,0.12064636431568289,0.5914066615901221,-0.44225183170136095,-0.16552647760349037,1.0,0.0,0.0,0.0,0.0,0.0,1.0
1.4542497727299297,0.08021691747219752,-0.5658474751262932,-0.6420117440206842,-0.8230807291257755,-0.619737314390927,-1.0500671858038229,0.0,1.0,0.0,0.0,0.0,1.0,0.0
0.6454818471760826,1.8676117871269928,0.20750833237472613,-1.1553393169393926,1.0994862343811829,-1.036828198711407,-1.034383839913746,1.0,0.0,0.0,0.0,0.0,1.0,0.0
0.10630323014018443,-0.37435511110667596,0.20238677073564681,-0.9353417856885181,0.7648598087967383,-0.7351028781391449,-0.861867035122901,1.0,0.0,0.0,0.0,0.0,0.0,1.0
-0.16328607837776465,-1.1466862276241803,0.21980008030851617,-0.15801717526875841,-0.6166254344417949,0.5427925972257306,-0.6172068392377027,1.0,0.0,0.0,0.0,0.0,0.0,1.0
0.3758925386581335,-0.0985225694932817,-1.926134246465835,-0.7446772586044264,0.17849607222216085,0.5250440489567736,-0.8022703207406091,1.0,0.0,0.0,1.0,0.0,0.0,0.0
-1.51123262096751,-1.6829046885206187,-0.2800643356656523,-1.8446649148588028,-1.0924703515572898,0.6759067092429046,-0.6203435084157181,1.0,0.0,0.0,0.0,0.0,0.0,1.0
1.1846604642119807,0.8834412786504018,1.5411629831910536,0.8393049664018758,1.0994862343811829,0.40080421107407765,-0.2219865228077671,1.0,0.0,0.0,0.0,0.0,1.0,0.0
-1.51123262096751,-1.851714203988016,-0.6068199682389306,-0.4953467231867678,-2.0788891898196917,1.075249045294429,0.13245709430796884,0.0,1.0,1.0,0.0,0.0,0.0,0.0
-0.16328607837776465,1.2144403285864749,-0.9130893542558901,-0.3926812086030256,0.5745218419505401,-0.8238456194839275,-0.6830768919760254,0.0,1.0,0.0,0.0,0.0,0.0,1.0
0.3758925386581335,-1.851714203988016,-0.7491993818053435,-1.258004831523135,-1.6865090061498587,0.9865063039496448,-0.37881998170853526,1.0,0.0,0.0,0.0,0.0,0.0,1.0
1.4542497727299297,-0.7472807073679854,0.5424584635705315,0.7953054601517003,-0.9328320567830595,-0.13165223699462078,-0.03064970294882988,0.0,1.0,0.0,0.0,0.0,0.0,1.0
-0.16328607837776465,0.4068026467424565,0.41646804724917297,0.5606414268174345,0.4793528585274415,0.5782896937636438,1.5502315627709127,1.0,0.0,0.0,0.0,0.0,0.0,1.0
0.3758925386581335,1.8676117871269928,1.5411629831910536,1.2206340205700592,1.0994862343811829,-0.8948398125597541,-0.1623898084254751,1.0,0.0,0.0,0.0,0.0,0.0,1.0
-1.51123262096751,-0.5641278997366915,0.04925207772716631,0.2673113851496005,-0.22443712372241134,0.2055701801155553,0.28301721485270637,1.0,0.0,0.0,0.0,0.0,1.0,0.0
0.9150711556940316,0.8966812406478445,-1.2900362908921494,-0.568679233603726,1.0994862343811829,-1.8355128708144544,1.5627782394829743,1.0,0.0,1.0,0.0,0.0,0.0,0.0
-0.16328607837776465,0.9540544093034308,1.5411629831910536,0.003314347648550597,1.0994862343811829,1.1284946901012978,-0.1623898084254751,1.0,0.0,0.0,0.0,0.0,0.0,1.0
1.993428389765828,-0.12500249348816778,0.04925207772716631,-0.9353417856885181,-2.0788891898196917,-0.167149333532534,1.0640478401785318,1.0,0.0,0.0,0.0,1.0,0.0,0.0
0.10630323014018443,0.8326880909935371,-0.2964533329107067,1.8366271080725112,0.021160252853328117,0.8178950953945575,-1.197490637170545,0.0,1.0,0.0,0.0,0.0,1.0,0.0
-0.16328607837776465,0.5325822857181643,0.6049415155673026,1.1619680122364926,1.0173646115886708,0.8800150143359059,-0.1623898084254751,1.0,0.0,0.0,0.0,0.0,0.0,1.0
-0.7024646954136627,-0.03894274050478863,-0.2165569713410648,-0.5833457356871173,1.0994862343811829,-0.5664916695840568,-0.7677669597824401,0.0,1.0,0.0,0.0,1.0,0.0,0.0
0.10630323014018443,0.5634755303788646,1.5411629831910536,1.8366271080725112,1.085671381948797,-0.18489788180149022,-0.5952501549915951,0.0,1.0,1.0,0.0,0.0,0.0,0.0
0.9150711556940316,1.2916734402382257,1.5411629831910536,0.06198035598211609,1.0994862343811829,-0.24701780074283858,0.1795071319781994,1.0,0.0,1.0,0.0,0.0,0.0,0.0
-0.7024646954136627,0.4796224377283926,-0.5760905984044532,-0.3486817023528502,1.0994862343811829,-0.9125883608287111,0.8162509751153179,1.0,0.0,1.0,0.0,0.0,0.0,0.0
0.3758925386581335,0.24130312177441987,-0.31079370550012964,0.2673113851496005,0.5898716779865241,-0.9569597315011024,0.06345037239163094,1.0,0.0,0.0,1.0,0.0,0.0,0.0
-0.16328607837776465,-0.45820820375714805,0.04925207772716631,0.003314347648550597,1.0994862343811829,-1.8355128708144544,-1.4099999739810856,0.0,1.0,0.0,0.0,0.0,0.0,1.0
-0.7024646954136627,-0.49572142941656966,0.04925207772716631,0.01798084973194197,1.0994862343811829,-0.46887465410479606,-1.3323674118252053,1.0,0.0,0.0,0.0,0.0,1.0,0.0
0.3758925386581335,1.5211661148605695,1.5411629831910536,1.5286305643212845,1.0994862343811829,0.5516668713602088,0.36143394430309045,1.0,0.0,0.0,0.0,1.0,0.0,0.0
-0.4328753868957137,-0.3500818474446974,-0.9735237815970298,-0.6860112502708595,-1.7118362356092323,0.6581581609739484,-1.4099999739810856,1.0,0.0,0.0,1.0,0.0,0.0,0.0
-0.7024646954136627,-0.8267204793526428,-1.479534071538094,1.3966320455707597,-1.5337781375918214,-1.6757759363938443,-0.14356979335738304,1.0,0.0,1.0,0.0,0.0,0.0,0.0
1.1846604642119807,0.7223550743481795,0.7524424907727949,0.12064636431568289,1.0672515787056172,1.3681000917322115,0.6468708395024885,1.0,0.0,0.0,0.0,0.0,0.0,1.0
-0.16328607837776465,1.8676117871269928,0.5906011429778797,1.8366271080725112,1.0994862343811829,0.569415419629165,0.35829727512507514,1.0,0.0,0.0,1.0,0.0,0.0,0.0
-1.241643312449561,-0.01908279750862427,-0.9223081652062337,1.7486280955721605,0.8032343988866976,-1.010205376307972,-1.3166840659351287,0.0,1.0,0.0,0.0,0.0,1.0,0.0
1.1846604642119807,0.16627667045557665,1.0996843699023917,1.8366271080725112,0.9268005789763664,0.48067267828438226,1.1769679305870846,1.0,0.0,0.0,0.0,0.0,0.0,1.0
-1.51123262096751,0.8106214876644657,1.5411629831910536,-0.8473427731881673,1.0994862343811829,-0.6818572333322747,-0.9559671104633619,1.0,0.0,0.0,0.0,0.0,0.0,1.0
-1.51123262096751,1.029080860622274,-0.46239193001688617,0.3259773934831673,1.0994862343811829,-0.300263445549708,-0.6736668844419792,1.0,0.0,0.0,1.0,0.0,0.0,0.0
0.3758925386581335,0.7333883760127153,1.5411629831910536,-0.3340152002694588,0.14242395753759923,0.09907889050181562,-1.4099999739810856,0.0,1.0,0.0,0.0,0.0,1.0,0.0
0.3758925386581335,-0.1625157191475894,1.5411629831910536,-1.8446649148588028,0.8769136118594189,0.46292413001542526,-1.1190739077201608,1.0,0.0,0.0,1.0,0.0,0.0,0.0
-1.51123262096751,-1.851714203988016,0.210581269358174,0.809971962235093,-2.0788891898196917,0.7291523540497749,1.594144931263128,1.0,0.0,0.0,0.0,0.0,0.0,1.0
0.10630323014018443,-0.09190258849456037,-1.3975890853128208,1.0006364893191848,0.03651008888931204,-0.13165223699462078,1.00445112579624,1.0,0.0,0.0,0.0,0.0,0.0,1.0
0.9150711556940316,-0.4405549210938908,-0.5474098532256074,0.19397887473264236,-0.18452755002885401,1.7940652501871701,-1.0657505316938995,1.0,0.0,0.0,0.0,0.0,0.0,1.0
0.10630323014018443,0.044910352145683015,1.0966114329189438,0.2673113851496005,0.28287495726684997,0.8533921919324707,0.8538910052515025,0.0,1.0,1.0,0.0,0.0,0.0,0.0
1.7238390812478788,1.4174530792139335,1.5411629831910536,1.8366271080725112,0.632083727085479,1.7940652501871701,-0.011829687880737827,1.0,0.0,0.0,0.0,0.0,0.0,1.0
-0.16328607837776465,-1.2415726219391878,-1.014496274709667,-1.4046698523570524,-1.0103487287647765,-1.8355128708144544,0.01953700389941597,1.0,0.0,0.0,0.0,0.0,1.0,0.0
1.4542497727299297,-1.4335520709021101,-0.6672543955800702,0.14997936848246693,-0.02335427165102449,-0.610863040256449,-0.3443166207503662,0.0,1.0,0.0,0.0,1.0,0.0,0.0
-0.4328753868957137,1.302706741902761,0.020059176384412937,-0.1726836773521498,1.0994862343811829,-0.2558920748773167,0.2641971997846143,1.0,0.0,0.0,1.0,0.0,0.0,0.0
-1.51123262096751,-1.2702592062669809,-1.0800522636898862,-0.3340152002694588,1.0994862343811829,-0.6286115885254052,1.0985512011367007,0.0,1.0,0.0,0.0,1.0,0.0,0.0
-1.241643312449561,-0.559714579070877,-1.5399684988792337,-0.5833457356871173,-2.0788891898196917,0.43630130761199093,-0.1623898084254751,1.0,0.0,0.0,0.0,1.0,0.0,0.0
-0.16328607837776465,0.5943687750395645,0.7002025620541839,0.3993099039001255,1.0994862343811829,0.39192993693959954,-0.664256876907933,0.0,1.0,0.0,0.0,1.0,0.0,0.0
-0.4328753868957137,-0.05880268350095299,0.6264520744514362,0.941970480985618,-0.7685888111980338,-1.0989481176527554,-0.00241968034669166,0.0,1.0,1.0,0.0,0.0,0.0,0.0
-0.16328607837776465,-0.6369476907226276,-0.18173035219532319,-0.6860112502708595,-0.278929041650153,0.40080421107407765,-1.4013741337415435,1.0,0.0,0.0,0.0,1.0,0.0,0.0
-0.9720540039316119,1.2365069319155468,0.04873992156325881,0.5459749247340419,1.0994862343811829,1.4302200106735599,1.0546378326444859,1.0,0.0,0.0,0.0,0.0,0.0,1.0
0.3758925386581335,-1.0076666266510295,-0.08851793036407482,-1.3020043377733101,0.008112892222741839,0.05470751982942349,0.1105004100618615,0.0,1.0,1.0,0.0,0.0,0.0,0.0
0.9150711556940316,-0.4162816574319122,-0.44292999578838393,0.1646458705658583,-0.5030366477755152,-1.4894161795698,0.5433607566279816,1.0,0.0,0.0,0.0,0.0,0.0,1.0
0.6454818471760826,0.26998970610221307,1.0781738110182582,-0.9646747898553009,1.0994862343811829,1.376974365866691,-0.792860313206563,1.0,0.0,0.0,1.0,0.0,0.0,0.0
-0.9720540039316119,-0.32360192344981176,0.04925207772716631,-0.5833457356871173,-0.5790183361536352,0.8622664660669489,1.2867513518176223,0.0,1.0,0.0,1.0,0.0,0.0,0.0
0.6454818471760826,-0.7252141040389135,-1.926134246465835,-0.5980122377705087,-1.7540482847081873,0.09020461636733672,-0.7175802529341945,1.0,0.0,0.0,1.0,0.0,0.0,0.0
-0.16328607837776465,1.8256852408017565,1.1099274931805518,-0.7593437606878177,1.0994862343811829,-1.1610680365941028,-1.018700494023669,1.0,0.0,1.0,0.0,0.0,0.0,0.0
-0.4328753868957137,0.6385019816977078,0.8579466605378347,0.29664438931638326,0.7034604646528038,-0.7262286040046668,0.8727110203195948,0.0,1.0,0.0,1.0,0.0,0.0,0.0
-1.51123262096751,1.8676117871269928,0.595722704616959,-0.011352154434842079,1.0994862343811829,-0.149400785263577,0.09795373334980004,1.0,0.0,1.0,0.0,0.0,0.0,0.0
0.10630323014018443,0.5855421337079361,-0.4019575026757466,0.3846434018167341,0.15777379357358315,-1.8355128708144544,-0.6705302152639638,0.0,1.0,0.0,0.0,0.0,0.0,1.0
0.3758925386581335,0.44652253273478515,1.386491821690849,0.003314347648550597,1.0994862343811829,0.8356436436635145,-1.1347572536102375,1.0,0.0,0.0,0.0,0.0,0.0,1.0
-1.51123262096751,0.15083004812522652,-0.6098929052223785,-1.0526738023556517,-0.41017013975781424,-0.07840659218775053,-1.078297208405961,1.0,0.0,0.0,0.0,0.0,0.0,1.0
0.10630323014018443,0.7444216776772513,-1.0739063897229904,0.003314347648550597,0.2874799080776453,0.019210423291510258,0.7535175915550107,1.0,0.0,0.0,0.0,0.0,1.0,0.0
-0.9720540039316119,-0.7406607263692636,-0.3814712561194279,0.10597986223229151,-0.719469335882886,-0.2913891714152299,-0.5011500796511343,1.0,0.0,0.0,0.0,1.0,0.0,0.0
-0.16328607837776465,-1.2680525459340737,-1.5778680550084232,-1.331337341940093,-0.6887696638109181,-1.5959074691835398,0.010126996365369801,1.0,0.0,0.0,0.0,0.0,1.0,0.0
0.9150711556940316,1.225473630251011,1.502239114734049,-0.23134968568571657,1.0994862343811829,-0.5664916695840568,1.0107244641522706,0.0,1.0,0.0,0.0,1.0,0.0,0.0
-1.51123262096751,-0.5751612014012271,0.09585828864279049,0.3259773934831673,0.7740697104183288,-0.3801319127600126,1.465541494964498,1.0,0.0,0.0,0.0,0.0,0.0,1.0
-1.51123262096751,1.4064197775493976,0.33247443636826823,-0.7446772586044264,1.0265745132102602,-1.782267226007584,0.006990327187354506,0.0,1.0,0.0,0.0,0.0,0.0,1.0
-0.9720540039316119,0.572302171710493,-0.1171986755429207,1.0446359955693603,1.0994862343811829,-0.8149713453494495,0.006990327187354506,0.0,1.0,0.0,0.0,0.0,0.0,1.0
0.9150711556940316,-1.4622386552299032,0.0036701791393571118,-0.9646747898553009,-0.9213196797560713,0.4274270334775128,-0.27844656801204354,1.0,0.0,1.0,0.0,0.0,0.0,0.0
0.9150711556940316,-1.851714203988016,-0.9335756008122088,-1.492668864857402,-2.0172979727253075,0.9155121108738183,-1.1347572536102375,1.0,0.0,1.0,0.0,0.0,0.0,0.0
-1.51123262096751,0.36708276075012775,0.09585828864279049,-0.6126787398539014,0.24603535078048877,0.37418138867064255,-0.04005971048287604,0.0,1.0,0.0,0.0,1.0,0.0,0.0
-1.241643312449561,0.6451219626964292,-0.6815947681694932,-0.7446772586044264,0.9667101526699237,0.24994155078794664,-0.1623898084254751,1.0,0.0,0.0,0.0,0.0,0.0,1.0
0.9150711556940316,0.8062081669986515,-0.4111763136260902,0.36997689973334275,0.3304594489783998,-1.0900738435182773,0.6092308093663038,0.0,1.0,0.0,0.0,0.0,0.0,1.0
0.3758925386581335,1.7837586944765211,0.9409159590909245,1.0446359955693603,1.0994862343811829,0.43630130761199093,2.258334629707881,1.0,0.0,0.0,0.0,0.0,0.0,1.0
1.4542497727299297,-0.01908279750862427,1.235917909501909,-0.5100132252701591,0.15777379357358315,0.11682743877077184,0.2704705381406449,1.0,0.0,0.0,0.0,0.0,0.0,1.0
0.9150711556940316,0.583335473375029,1.156021547932267,1.3819655434873683,0.5975465960045154,-0.05178376978431541,1.4122181189382368,1.0,0.0,0.0,0.0,0.0,0.0,1.0
-0.9720540039316119,0.9010945613136595,0.5578231484877709,1.6752955851552023,0.8178167431208819,-0.4954974765082304,-0.7552202830703787,1.0,0.0,0.0,1.0,0.0,0.0,0.0
-0.4328753868957137,-0.22430220846898957,0.3826657404312478,-0.8913422794383427,0.2644551540236699,-0.4954974765082304,0.2767438764966758,1.0,0.0,0.0,0.0,0.0,1.0,0.0
-0.9720540039316119,1.8676117871269928,1.5411629831910536,1.8366271080725112,1.0994862343811829,0.9776320298151667,-0.6391635234838103,1.0,0.0,0.0,0.0,0.0,1.0,0.0
-0.16328607837776465,0.11993680346452662,0.26999138437149717,0.41397640598351687,-0.36565561525346163,0.3564328404016863,0.5841374559421815,0.0,1.0,0.0,0.0,0.0,1.0,0.0
-0.7024646954136627,1.8676117871269928,1.5411629831910536,1.7632945976555519,1.0994862343811829,-1.0900738435182773,-0.6485735310178563,1.0,0.0,0.0,0.0,0.0,1.0,0.0
0.10630323014018443,0.020637088483704446,0.004694491467173556,-0.7886767648546005,-0.2612767302087725,0.019210423291510258,-0.4666467186929652,1.0,0.0,0.0,0.0,0.0,1.0,0.0
0.9150711556940316,0.48403575839420676,-0.3824955684472443,-0.5540127315203346,0.5238673830317941,1.7940652501871701,1.569051577839005,1.0,0.0,0.0,0.0,1.0,0.0,0.0
-0.4328753868957137,0.6230553593673577,-0.06700737147994114,0.6339739372343927,-1.5092183999342468,-1.2586850520733646,0.7566542607330261,0.0,1.0,1.0,0.0,0.0,0.0,0.0
1.1846604642119807,-0.8509937430146214,0.9777912028922976,0.25264488306620914,0.43023338321229365,-1.8355128708144544,0.12932042512995356,1.0,0.0,0.0,0.0,0.0,0.0,1.0
1.1846604642119807,-1.7115912728484115,1.106854556197104,-0.7446772586044264,-1.3288578265114388,1.1639917866392118,-0.9026437344371007,1.0,0.0,0.0,1.0,0.0,0.0,0.0
1.1846604642119807,0.7598683000076011,1.5411629831910536,1.4259650497375438,1.0994862343811829,-1.4627933571663658,-0.3976399967766273,0.0,1.0,0.0,0.0,0.0,0.0,1.0
-0.16328607837776465,-0.22430220846898957,-0.096712428986602,0.8686379705686599,-1.281273334799889,0.019210423291510258,-0.27530989883402823,1.0,0.0,0.0,0.0,0.0,0.0,1.0
-1.51123262096751,0.05594365381021894,1.5411629831910536,1.0153029914025762,0.15777379357358315,1.5633341226907347,0.03208368061147743,1.0,0.0,0.0,0.0,1.0,0.0,0.0
-0.16328607837776465,0.23026982010988434,-1.8482865095518262,-1.3020043377733101,-0.7348191719188699,-0.76172570054258,0.8946677045657019,0.0,1.0,0.0,0.0,0.0,0.0,1.0
-1.51123262096751,0.9783276729654093,1.05256600282286,1.8366271080725112,-0.45545215606396644,-0.3535090903565783,1.1769679305870846,0.0,1.0,1.0,0.0,0.0,0.0,0.0
-0.16328607837776465,-1.228332659941745,-0.23089734393048775,-0.040685158601624825,-0.4708019920999493,0.13457598703972884,-1.4099999739810856,1.0,0.0,0.0,0.0,0.0,1.0,0.0
-0.16328607837776465,-0.8333404603513641,0.06205598182486531,-0.09935116693519162,0.023462728258725758,0.7557751764532092,0.7472442531989802,1.0,0.0,0.0,0.0,0.0,1.0,0.0
-0.4328753868957137,-1.851714203988016,0.06922616811957605,-1.5660013752743602,-1.571385235879981,1.1018718676978634,-1.1410305919662682,1.0,0.0,1.0,0.0,0.0,0.0,0.0
-0.7024646954136627,-0.2066489258057323,0.004694491467173556,-0.7740102627712091,0.7663947924003364,-0.9658340056355805,2.008185262761156,1.0,0.0,0.0,0.0,0.0,1.0,0.0
-0.4328753868957137,-0.01908279750862427,1.5411629831910536,0.35531039764995004,1.0994862343811829,0.45404985588094715,1.2930246901736533,1.0,0.0,0.0,0.0,0.0,0.0,1.0
0.6454818471760826,1.8300985614675709,1.1928967917336402,1.5286305643212845,1.0994862343811829,0.05470751982942349,0.6531441778585191,0.0,1.0,0.0,0.0,1.0,0.0,0.0
0.9150711556940316,1.4328997015442828,0.6069901402229341,-0.6126787398539014,1.0994862343811829,0.3209357438637731,-0.47605672622701134,1.0,0.0,0.0,0.0,0.0,1.0,0.0
-1.51123262096751,-0.38538841277121194,0.9337457727962123,0.3259773934831673,0.15240135096098828,-0.9480854573666243,-1.0155638248456538,1.0,0.0,0.0,0.0,1.0,0.0,0.0
0.6454818471760826,-0.2993286597878328,0.7862447975907201,1.5872965726548514,-0.25590428759617767,-1.7023987587972795,1.7196116983837426,0.0,1.0,0.0,0.0,0.0,1.0,0.0
1.993428389765828,-1.2239193392759304,-1.5082148167169398,0.6046409330676086,-1.11089015480047,0.587163967898122,-0.1592531392474598,1.0,0.0,0.0,0.0,0.0,0.0,1.0
1.7238390812478788,-1.0826930779698727,0.8016094825079594,1.4992975601545018,-0.49152427074852806,-0.33576054208762124,-1.137893922788253,1.0,0.0,1.0,0.0,0.0,0.0,0.0
-0.16328607837776465,-0.645774332054256,-1.1251220061137863,-1.5073353669407934,0.4402107766356827,1.7496938795147796,-0.2219865228077671,1.0,0.0,0.0,0.0,0.0,1.0,0.0
-1.51123262096751,-0.3147752821181829,0.6725461292031529,0.6046409330676086,-0.8131033357023865,-1.2143136814009732,-0.8681403734789317,1.0,0.0,0.0,0.0,0.0,0.0,1.0
0.10630323014018443,-1.5858116338727037,0.749369553789347,-1.1406728148560012,-0.5636685001176512,1.7940652501871701,1.559641570304959,1.0,0.0,0.0,0.0,0.0,1.0,0.0
-1.51123262096751,1.3931798155519541,0.24438357617609918,0.5166419205672591,1.0994862343811829,-0.7972227970804933,-0.2972665830801356,1.0,0.0,0.0,0.0,0.0,0.0,1.0
0.9150711556940316,1.8676117871269928,0.04925207772716631,0.6046409330676086,1.0994862343811829,-1.1521937624596248,-0.645436861839841,1.0,0.0,0.0,0.0,0.0,0.0,1.0
1.4542497727299297,-0.016876137175717162,0.2925262555834473,0.8833044726520513,-0.11084833705613163,1.7940652501871701,-0.8054069899186246,0.0,1.0,1.0,0.0,0.0,0.0,0.0
-1.51123262096751,0.6760152073571294,0.43695429380549167,0.35531039764995004,1.0749264967236096,-1.8355128708144544,1.067184509356547,1.0,0.0,1.0,0.0,0.0,0.0,0.0
1.993428389765828,-0.7561073486996138,-0.2442134041920957,0.8246384643184844,-0.533736319847483,0.22331872838451153,-1.4099999739810856,1.0,0.0,0.0,1.0,0.0,0.0,0.0
-1.51123262096751,-1.3960388452426886,0.876384282438522,0.003314347648550597,-0.6826297293965248,0.5605411454946868,1.7070650216716807,0.0,1.0,1.0,0.0,0.0,0.0,0.0
-0.7024646954136627,-1.629944840530847,1.386491821690849,1.8219606059891187,-0.4861518281359332,-1.045702472845885,-0.4195966810227349,0.0,1.0,0.0,0.0,1.0,0.0,0.0
-0.7024646954136627,-0.632534370056813,-1.9128181862042286,-0.24601618776910925,-1.6343195636275147,1.039751948756515,0.32693058334492137,0.0,1.0,1.0,0.0,0.0,0.0,0.0
0.9150711556940316,0.9518477489705233,1.29840096149868,0.047313853898724716,0.5507295960947652,-1.036828198711407,-1.4099999739810856,1.0,0.0,0.0,1.0,0.0,0.0,0.0
0.10630323014018443,-1.851714203988016,-1.0114233377262192,-0.5540127315203346,-0.6718848441713361,0.1878216318465983,-1.068887200871915,1.0,0.0,0.0,0.0,0.0,0.0,1.0
1.4542497727299297,-0.10734921082491052,0.7534668031006113,-0.275349191935892,0.2498728097894856,-0.8238456194839275,-0.1623898084254751,1.0,0.0,0.0,0.0,0.0,0.0,1.0
0.10630323014018443,0.6098153973699146,1.5411629831910536,0.06198035598211609,0.40183618654572345,-1.1788165848630598,-0.8399103508767934,1.0,0.0,0.0,0.0,1.0,0.0,0.0
-0.9720540039316119,0.4178359484069924,0.595722704616959,1.8366271080725112,1.0994862343811829,1.2882316245219068,-1.0908438851180224,1.0,0.0,0.0,0.0,0.0,0.0,1.0
-0.9720540039316119,-1.546091747880375,-1.4713395729155667,-0.040685158601624825,0.4739804159148467,0.4984212265533385,2.258334629707881,1.0,0.0,0.0,0.0,0.0,0.0,1.0
-0.7024646954136627,-0.19561562414119676,0.04925207772716631,0.5019754184838677,-0.43933482822618297,0.9066378367393402,-1.0908438851180224,1.0,0.0,1.0,0.0,0.0,0.0,0.0
-0.16328607837776465,-1.3695589212478028,-1.2777445429583578,1.0446359955693603,-0.5429462214690736,-1.8355128708144544,0.8413443285394407,0.0,1.0,0.0,0.0,0.0,0.0,1.0
0.10630323014018443,-0.7671406503641497,-0.2882588342881795,-1.8446649148588028,-1.0963078105662856,-0.0429094956498373,2.258334629707881,1.0,0.0,0.0,0.0,0.0,0.0,1.0
-0.9720540039316119,-1.1665461706203446,1.1826536684554816,-0.011352154434842079,0.0710472199702745,1.2261117055805602,0.22655716964842995,1.0,0.0,0.0,1.0,0.0,0.0,0.0
1.1846604642119807,1.8676117871269928,-1.1312678800806821,1.0153029914025762,1.0994862343811829,-0.33576054208762124,-0.4290066885567808,1.0,0.0,0.0,0.0,1.0,0.0,0.0
-1.51123262096751,-0.6788742370478634,-0.36815519585782136,0.34064389556655866,-0.05712391093018846,-0.5487431213151006,1.3369380586658681,1.0,0.0,0.0,1.0,0.0,0.0,0.0
-0.4328753868957137,1.3689065518899757,0.4205652965604373,0.34064389556655866,1.0994862343811829,0.738026628184253,-0.723853591290225,1.0,0.0,0.0,0.0,0.0,1.0,0.0
-1.241643312449561,-0.01908279750862427,-1.6649346028727758,0.14997936848246693,-1.340370203538427,-0.6818572333322747,0.01640033472140067,1.0,0.0,0.0,0.0,0.0,1.0,0.0
0.10630323014018443,1.507926152863127,-0.23397028091393562,0.003314347648550597,1.0158296279850716,0.888889288470384,1.0232711408643318,1.0,0.0,1.0,0.0,0.0,0.0,0.0
-0.7024646954136627,1.8676117871269928,1.1754834821607707,1.8366271080725112,1.0994862343811829,-0.22039497833940347,0.04463035732353889,0.0,1.0,0.0,0.0,1.0,0.0,0.0
-0.16328607837776465,-0.42731495909644773,-0.7635397543947664,-1.8446649148588028,1.0994862343811829,1.0042548522186026,-0.24394320705387446,1.0,0.0,0.0,0.0,1.0,0.0,0.0
1.7238390812478788,1.8676117871269928,0.9993017617764313,0.9273039789022266,1.0994862343811829,-1.4627933571663658,-0.3537266282844123,0.0,1.0,0.0,0.0,0.0,1.0,0.0
-1.51123262096751,-1.851714203988016,-0.4019575026757466,-0.1726836773521498,0.23145300654630444,1.1196204159668197,-0.24080653787585915,1.0,0.0,0.0,0.0,0.0,1.0,0.0
0.6454818471760826,1.8676117871269928,1.5411629831910536,1.8366271080725112,1.0994862343811829,0.0724560680983805,-1.0720238700499303,1.0,0.0,1.0,0.0,0.0,0.0,0.0
0.10630323014018443,-0.5663345600695986,-0.26162671376496505,-0.8180097690213846,-0.00800443561504166,0.9421349332772543,-0.027513033770814585,1.0,0.0,0.0,1.0,0.0,0.0,0.0
-0.7024646954136627,-0.7627273296983351,-1.04112839523288,-1.360670346106877,-0.6841647130001228,1.7940652501871701,1.4435848107183904,1.0,0.0,1.0,0.0,0.0,0.0,0.0
-0.4328753868957137,-0.043356061170602846,-0.696959453086731,0.003314347648550597,1.0994862343811829,-0.6641086850633184,0.03208368061147743,1.0,0.0,0.0,1.0,0.0,0.0,0.0
0.9150711556940316,-0.7009408403769349,-0.7256401982655769,-0.1726836773521498,-1.424794301736337,-0.8327198936184065,-0.0933830865091372,1.0,0.0,0.0,0.0,0.0,1.0,0.0
1.1846604642119807,0.01622376781789023,0.04054542294073017,0.5166419205672591,0.3135746293388178,0.34755856626720744,-0.7269902604682403,1.0,0.0,0.0,0.0,1.0,0.0,0.0
-0.16328607837776465,1.018047558957738,1.5411629831910536,1.3526325393205856,1.0849038901469987,0.44517558174646904,0.9981777874402089,1.0,0.0,1.0,0.0,0.0,0.0,0.0
0.9150711556940316,-1.2217126789430235,0.04925207772716631,-1.067340304439043,0.11479425267282861,0.09907889050181562,-0.585840147457549,1.0,0.0,0.0,0.0,0.0,0.0,1.0
-0.16328607837776465,-0.01908279750862427,-0.7860746256067166,-1.8446649148588028,-2.0788891898196917,-0.5043717506427093,-0.9873338022435154,1.0,0.0,0.0,0.0,0.0,0.0,1.0
1.1846604642119807,1.2674001765762464,-1.1783862471602138,-1.1553393169393926,1.0994862343811829,-0.19377215593596833,-0.7364002680022865,1.0,0.0,0.0,0.0,0.0,0.0,1.0
0.6454818471760826,-0.35670182844341874,0.40007905000411864,0.36997689973334275,-0.3740980250732526,-0.5753659437185358,2.258334629707881,0.0,1.0,0.0,0.0,0.0,0.0,1.0
0.10630323014018443,-1.001046645652308,0.210581269358174,-0.07001816276840887,-1.4132819247093487,0.3209357438637731,-0.14356979335738304,0.0,1.0,0.0,0.0,1.0,0.0,0.0
-0.7024646954136627,-1.2790858475986093,-1.3812000880677664,-1.8446649148588028,-0.6020430902076105,0.6581581609739484,0.7441075840209649,1.0,0.0,1.0,0.0,0.0,0.0,0.0
0.3758925386581335,-0.19340896380828929,-1.065711891100463,0.003314347648550597,-1.264388515160307,0.6226610644360352,0.6562808470365344,0.0,1.0,0.0,0.0,1.0,0.0,0.0
1.1846604642119807,-0.0279094388402527,-0.8946517323552043,1.1473015101531012,1.0994862343811829,-1.6669016622593662,1.3463480661999145,1.0,0.0,1.0,0.0,0.0,0.0,0.0
0.10630323014018443,-1.851714203988016,-0.9182109158949708,-1.8446649148588028,-1.4931010720964644,-0.6818572333322747,1.0797311860686083,1.0,0.0,0.0,1.0,0.0,0.0,0.0
-0.16328607837776465,0.898887900980752,-0.04959406190707032,-0.2166831836023252,1.0994862343811829,-0.5221202989116656,-1.1912172988145142,1.0,0.0,1.0,0.0,0.0,0.0,0.0
0.3758925386581335,0.4332825707373425,-0.2831372726491002,-0.12868417110197566,-0.747866532549455,-1.6669016622593662,0.8256609826493643,1.0,0.0,0.0,0.0,0.0,0.0,1.0
1.1846604642119807,-1.1996460756139518,-1.6403511070051942,0.5606414268174345,-1.151567220295827,0.8267693695290357,-0.20630317691769007,0.0,1.0,0.0,0.0,0.0,0.0,1.0
0.6454818471760826,-0.21547556713736113,0.037472485957282295,-1.0086742961054762,-0.201412369668436,0.995380578084123,-1.3072740584010822,1.0,0.0,0.0,0.0,0.0,0.0,1.0
0.3758925386581335,0.7201484140152723,0.8139012304417509,1.4992975601545018,0.11786421988002474,-1.8355128708144544,0.47121736553362803,0.0,1.0,0.0,0.0,0.0,1.0,0.0
0.3758925386581335,-0.6546009733858849,-0.014767442761328691,0.6779734434845681,-0.8683627454319277,-1.8355128708144544,-1.4099999739810856,1.0,0.0,0.0,0.0,0.0,0.0,1.0
-0.16328607837776465,0.6738085470242223,0.6489869456633879,1.2059675184866678,-0.09933596002914451,-0.9924568280390156,0.01640033472140067,0.0,1.0,0.0,0.0,0.0,1.0,0.0
0.9150711556940316,-0.08748926782874616,-1.926134246465835,-1.2726713336065263,-0.6749548113785333,-0.7173543298701879,2.0520986312533713,0.0,1.0,1.0,0.0,0.0,0.0,0.0
1.7238390812478788,1.8676117871269928,1.150899986293188,-0.18735017943554247,1.0994862343811829,0.8090208212600795,-0.5952501549915951,1.0,0.0,0.0,0.0,0.0,0.0,1.0
1.993428389765828,-0.0014295148453670203,0.6366951977295964,0.6779734434845681,-0.8990624175038955,1.7940652501871701,0.5057207264917971,1.0,0.0,0.0,0.0,1.0,0.0,0.0
-0.9720540039316119,-0.23312884980061838,0.63567088540178,0.003314347648550597,-0.6672798933605408,1.7940652501871701,-0.14670646253539835,0.0,1.0,0.0,1.0,0.0,0.0,0.0
-0.16328607837776465,1.4924795305327767,1.17036192052169,0.9713034851524007,1.0994862343811829,0.8977635626048621,-1.0908438851180224,1.0,0.0,0.0,0.0,1.0,0.0,0.0
-0.7024646954136627,1.225473630251011,0.9562806440081638,0.14997936848246693,1.0994862343811829,0.3564328404016863,-1.4099999739810856,1.0,0.0,1.0,0.0,0.0,0.0,0.0
0.9150711556940316,0.570095511377586,-0.5013157984738907,-0.7593437606878177,0.03190513807851675,0.8711407402014277,-0.8305003433427474,1.0,0.0,0.0,0.0,0.0,1.0,0.0
-0.4328753868957137,0.0404970314798688,-1.7386850904755218,-0.26068268985250065,0.6650858745628445,0.019210423291510258,-1.131620584432222,1.0,0.0,0.0,0.0,0.0,0.0,1.0
0.10630323014018443,0.3714960814159419,0.5895768306500633,-0.5393462294369419,1.0994862343811829,-0.8682169901563197,-0.9026437344371007,1.0,0.0,0.0,1.0,0.0,0.0,0.0
-0.9720540039316119,1.0599741052829743,0.5967470169447754,0.6193074351510013,-0.18836500903784972,-1.1788165848630598,-0.2564898837659359,1.0,0.0,1.0,0.0,0.0,0.0,0.0
-1.51123262096751,0.24571644244023408,-0.8157796831133789,0.25264488306620914,-0.8061959094861935,-1.1344452141906685,-0.6768035536199944,1.0,0.0,0.0,0.0,0.0,0.0,1.0
-1.51123262096751,0.3516361384197776,1.5411629831910536,0.7953054601517003,1.0994862343811829,-0.6286115885254052,-0.07456307144104486,1.0,0.0,1.0,0.0,0.0,0.0,0.0
0.9150711556940316,-0.09410924882746749,-0.2595780891093336,0.6193074351510013,-0.5291313690366878,-0.32688626795314313,0.2579238614285835,1.0,0.0,0.0,0.0,0.0,0.0,1.0
-1.51123262096751,0.1464167274594123,0.0016215544837256794,1.660629083071811,-0.045611533903201336,-1.027953924576929,0.49944738813576656,0.0,1.0,0.0,0.0,0.0,1.0,0.0
-1.51123262096751,1.6579790555008134,0.04925207772716631,1.0593024976527516,1.0994862343811829,-0.18489788180149022,-0.5136967563631958,1.0,0.0,0.0,0.0,0.0,0.0,1.0
-0.16328607837776465,-0.08528260749583906,-0.20733816039072117,1.5139640622378931,-1.3096705314664592,-0.40675473516344773,-1.4099999739810856,1.0,0.0,0.0,0.0,0.0,1.0,0.0
-1.51123262096751,-1.4798919378931605,-1.6557157919224321,-1.1406728148560012,-0.7401916145314636,-1.5426618243766703,-0.1623898084254751,0.0,1.0,0.0,1.0,0.0,0.0,0.0
1.1846604642119807,1.8676117871269928,1.5411629831910536,1.8366271080725112,0.15777379357358315,0.12570171290524995,0.7252875689528726,0.0,1.0,0.0,0.0,1.0,0.0,0.0
0.10630323014018443,-0.4714481657545911,0.40110336233193505,-1.2286718273563522,1.0994862343811829,-0.7528514264081011,0.4743540347116436,1.0,0.0,0.0,0.0,0.0,0.0,1.0
-1.241643312449561,-0.7097674817085637,-1.5461143728461293,-1.8446649148588028,-0.5360387952528807,-1.8355128708144544,-0.2564898837659359,1.0,0.0,0.0,0.0,0.0,1.0,0.0
1.1846604642119807,-1.5107851825538605,1.044371504200333,-0.8913422794383427,-0.5997406148022129,0.5339183230912518,1.8576251422164183,0.0,1.0,0.0,0.0,0.0,0.0,1.0
-1.51123262096751,-0.01908279750862427,1.5411629831910536,0.941970480985618,1.0994862343811829,0.010336149157032147,-0.021239695414783714,1.0,0.0,0.0,0.0,0.0,1.0,0.0
0.3758925386581335,-0.01908279750862427,0.8937975920113929,-0.568679233603726,0.7679297760039355,0.019210423291510258,-0.21884985362975154,1.0,0.0,0.0,0.0,0.0,1.0,0.0
-0.4328753868957137,1.1636871409296103,1.5411629831910536,-0.6566782461040755,1.0994862343811829,0.46292413001542526,1.2114712915452541,1.0,0.0,1.0,0.0,0.0,0.0,0.0
-1.51123262096751,-1.1510995482899944,-1.6802992877900151,1.5139640622378931,-1.0341409746205514,-0.7351028781391449,1.0169978025083013,1.0,0.0,0.0,0.0,0.0,1.0,0.0
0.10630323014018443,0.12876344479615506,1.3608840134954512,1.176634514319885,-0.7401916145314636,0.11682743877077184,-0.27217322965601265,0.0,1.0,0.0,0.0,0.0,0.0,1.0
-1.51123262096751,-0.6369476907226276,0.04925207772716631,-0.275349191935892,0.36499658005936336,-1.1255709400561897,-0.7395369371803018,1.0,0.0,0.0,0.0,0.0,0.0,1.0
-1.51123262096751,-0.041149400837695735,-0.6979837654145475,-0.08468466485180025,-0.23287953354220234,-0.167149333532534,0.8256609826493643,0.0,1.0,1.0,0.0,0.0,0.0,0.0
-0.16328607837776465,0.8304814306606301,1.2850849012370735,0.6339739372343927,1.0994862343811829,-0.18489788180149022,-0.03064970294882988,1.0,0.0,0.0,0.0,1.0,0.0,0.0
0.6454818471760826,-1.851714203988016,-0.8004149981961395,-1.6246673836079268,-0.5966706475950156,-1.4627933571663658,-1.4099999739810856,1.0,0.0,0.0,0.0,0.0,0.0,1.0
-1.51123262096751,-1.851714203988016,-1.926134246465835,-0.8326762711047759,-2.0788891898196917,-0.22039497833940347,2.1838387367300163,1.0,0.0,1.0,0.0,0.0,0.0,0.0
0.6454818471760826,0.6186420387015434,1.5411629831910536,-0.2166831836023252,1.0994862343811829,0.8533921919324707,-0.7991336515625937,1.0,0.0,0.0,0.0,1.0,0.0,0.0
-0.16328607837776465,1.3755265328886974,-0.9059191679611793,0.6193074351510013,1.0994862343811829,0.4274270334775128,-1.206900644704591,0.0,1.0,0.0,0.0,0.0,0.0,1.0
-0.16328607837776465,-1.6895246695193402,-0.9745480939248462,-0.09935116693519162,-2.0788891898196917,0.37418138867064255,-1.407647472097574,1.0,0.0,0.0,0.0,0.0,0.0,1.0
0.3758925386581335,-1.7667577811710904,-1.7991195178166615,-1.8446649148588028,-2.0788891898196917,1.6343283157665611,0.3081105682768293,1.0,0.0,1.0,0.0,0.0,0.0,0.0
-0.7024646954136627,1.6182591695084847,0.8067310441470388,0.7073064476513509,1.0994862343811829,-0.6641086850633184,-1.3762807803174204,0.0,1.0,1.0,0.0,0.0,0.0,0.0
-0.7024646954136627,1.8676117871269928,-0.6395979627290408,0.5899744309842172,1.0994862343811829,0.03695897156046727,-1.0657505316938995,1.0,0.0,0.0,0.0,0.0,1.0,0.0
-0.16328607837776465,0.7554549793417868,1.1457784246541085,0.8979709747354425,1.0994862343811829,-1.7467701294696707,1.1832412689431153,1.0,0.0,0.0,0.0,0.0,0.0,1.0
0.9150711556940316,-0.3059486407865545,0.046691296907625926,0.6926399455679595,-0.4078676643524166,-0.6729829591977966,1.258521329215484,1.0,0.0,0.0,0.0,1.0,0.0,0.0
0.9150711556940316,1.507926152863127,0.7985365455245116,1.103302003902927,1.0994862343811829,-0.6552344109288404,1.2459746525034228,0.0,1.0,0.0,0.0,0.0,0.0,1.0
0.6454818471760826,1.8676117871269928,-0.000427070171905753,0.12064636431568289,1.0994862343811829,0.6936552575118616,1.4498581490744216,1.0,0.0,0.0,0.0,1.0,0.0,0.0
-1.51123262096751,0.049323672811497625,0.09893122562623836,0.2673113851496005,-0.52682889363129,1.5988312192286487,-0.6485735310178563,0.0,1.0,0.0,1.0,0.0,0.0,0.0
0.9150711556940316,-0.2022356051399181,-0.08442068105281195,0.06198035598211609,0.15777379357358315,1.1462432383702539,-0.8461836892328242,0.0,1.0,0.0,0.0,0.0,0.0,1.0
-0.7024646954136627,-0.5332346550759912,-0.2145083466854334,-0.5540127315203346,-0.8253832045311732,1.7940652501871701,2.258334629707881,1.0,0.0,0.0,0.0,1.0,0.0,0.0
0.3758925386581335,1.834511882133385,0.11736884752692417,0.003314347648550597,1.0994862343811829,-0.9037140866942321,-0.6234801775937333,0.0,1.0,0.0,0.0,0.0,0.0,1.0
-1.241643312449561,1.7638987514803561,0.09688260097060694,-0.6566782461040755,1.0994862343811829,-0.5309945730461436,-0.10592976322119865,1.0,0.0,0.0,0.0,1.0,0.0,0.0
0.9150711556940316,0.4509358534005998,-0.122320237182,1.0153029914025762,-0.4853843363341347,-0.8149713453494495,0.245377184716522,1.0,0.0,0.0,0.0,1.0,0.0,0.0
1.1846604642119807,-0.7318340850376353,-0.6744245818747809,0.487308916400475,0.14472643294299686,0.9066378367393402,-0.127886447467306,1.0,0.0,1.0,0.0,0.0,0.0,0.0
-1.51123262096751,-0.09410924882746749,0.04925207772716631,0.648640439317784,-0.8438030077743532,1.7940652501871701,-0.49174007211708815,0.0,1.0,0.0,0.0,0.0,0.0,1.0
1.993428389765828,0.7444216776772513,-0.17456016590061244,-0.3486817023528502,1.0994862343811829,0.7291523540497749,-0.9559671104633619,0.0,1.0,1.0,0.0,0.0,0.0,0.0
0.6454818471760826,-1.0848997383027799,-0.8454847406200398,-0.5393462294369419,-1.1538696957012244,-1.3651763416871041,-1.4099999739810856,1.0,0.0,1.0,0.0,0.0,0.0,0.0
0.10630323014018443,-0.643567671721349,-1.7151259069357567,-0.02601865651823345,-0.7655188439908366,-0.9658340056355805,-0.40705000431067345,1.0,0.0,0.0,0.0,0.0,1.0,0.0
-0.16328607837776465,1.2320936112497325,-0.747150757149712,-0.02601865651823345,0.2644551540236699,-1.8355128708144544,-0.1623898084254751,0.0,1.0,0.0,0.0,0.0,0.0,1.0
1.1846604642119807,0.397976005410828,0.9726696412532182,1.57263007057146,0.14933138375379215,-1.2231879555354512,-0.45096337280288845,1.0,0.0,0.0,0.0,1.0,0.0,0.0
0.6454818471760826,-0.01908279750862427,1.5411629831910536,0.07664685806550876,0.08716454780805799,-0.44225183170136095,-0.06828973308501426,1.0,0.0,0.0,0.0,0.0,0.0,1.0
-1.51123262096751,-1.4423787122337388,-1.084149513001149,-1.7126663961082778,-2.0788891898196917,-1.5249132761077133,-0.20002983856165948,1.0,0.0,0.0,0.0,0.0,0.0,1.0
-0.7024646954136627,-1.073866436638244,0.10610141192094912,-0.8620092752715599,-0.12619817309211556,0.36530711453616443,0.09481706417178475,1.0,0.0,0.0,1.0,0.0,0.0,0.0
0.3758925386581335,-0.4515882227584267,0.3048180035172388,-0.7593437606878177,-0.565970975523049,1.7940652501871701,2.258334629707881,0.0,1.0,0.0,0.0,0.0,1.0,0.0
-1.241643312449561,-1.4247254295704816,-0.16943860426153312,-1.5513348731909689,-1.3342302691240324,-0.8859655384252759,0.844480997717456,1.0,0.0,0.0,0.0,0.0,0.0,1.0
0.3758925386581335,-0.0963159091603746,0.10507709959313412,-1.0526738023556517,-0.17608514020906302,-0.33576054208762124,0.16068711691010734,1.0,0.0,0.0,0.0,0.0,1.0,0.0
-0.7024646954136627,0.887854599316216,-0.6652057709244388,1.4552980539043265,-0.6304402868741807,-0.7084800557357098,-1.2225839905946676,1.0,0.0,0.0,0.0,0.0,0.0,1.0
0.6454818471760826,1.8676117871269928,-0.000427070171905753,-0.24601618776910925,1.0994862343811829,0.3564328404016863,-1.2884540433329903,0.0,1.0,0.0,0.0,0.0,0.0,1.0
0.10630323014018443,-0.06100934383386009,0.30686662817287025,0.487308916400475,-0.4170775659740072,1.7940652501871701,-0.2533532145879206,1.0,0.0,0.0,0.0,0.0,0.0,1.0
0.6454818471760826,0.4597624947322282,-1.5768437426806068,0.8686379705686599,1.0994862343811829,0.019210423291510258,0.7127408922408108,0.0,1.0,0.0,0.0,0.0,0.0,1.0
-0.9720540039316119,-0.5133747120798269,0.35193637059677046,-0.7886767648546005,-1.733326006059609,-0.8859655384252759,2.008185262761156,0.0,1.0,0.0,0.0,0.0,0.0,1.0
0.9150711556940316,0.11552348279871202,0.9614022056472432,-0.7300107565210336,-0.4777094183161422,-1.1166966659217115,-0.9026437344371007,1.0,0.0,0.0,0.0,0.0,1.0,0.0
0.9150711556940316,-0.35670182844341874,-1.3525193428889204,-1.8446649148588028,0.15777379357358315,1.5544598485562564,-0.2282598611637977,0.0,1.0,0.0,0.0,0.0,0.0,1.0
0.10630323014018443,1.3644932312241613,0.4697322882956019,-0.011352154434842079,1.0994862343811829,1.776316701918214,0.21714716211438378,1.0,0.0,0.0,0.0,0.0,0.0,1.0
0.3758925386581335,0.26998970610221307,1.5411629831910536,1.4552980539043265,-0.6910721392163157,-0.016286673246402185,0.43985067375347453,1.0,0.0,0.0,0.0,0.0,1.0,0.0
0.3758925386581335,-0.5155813724127339,1.5411629831910536,0.003314347648550597,1.0994862343811829,-1.8355128708144544,0.40221064361729014,0.0,1.0,0.0,0.0,0.0,1.0,0.0
1.1846604642119807,0.23468314077569855,-0.6928622037754681,0.13531286639907555,-1.3411376953402254,1.7940652501871701,-0.394503327598612,0.0,1.0,0.0,0.0,1.0,0.0,0.0
-0.16328607837776465,-0.5222013534114553,1.0587118767897559,0.34064389556655866,-0.670349860567738,-0.2825148972807518,1.5376848860588515,1.0,0.0,0.0,1.0,0.0,0.0,0.0
0.9150711556940316,-0.18016900181084664,1.5411629831910536,1.0299694934859676,0.6213388418602903,-0.1582750593980551,-0.13729645500135218,0.0,1.0,0.0,0.0,0.0,1.0,0.0
0.6454818471760826,1.5542660198541765,1.5411629831910536,1.3379660372371929,1.0994862343811829,-0.8593427160218409,-0.6234801775937333,1.0,0.0,0.0,0.0,0.0,0.0,1.0
0.10630323014018443,-0.1713423604792178,-0.5996497819442198,-0.7006777523542509,0.0994444166368447,0.19669590598107642,-1.4099999739810856,1.0,0.0,0.0,1.0,0.0,0.0,0.0
1.993428389765828,0.7289750553469012,-1.212188553978139,0.2819778872329919,-0.5536911066942622,1.6254540416320828,-0.127886447467306,1.0,0.0,0.0,0.0,0.0,1.0,0.0
1.1846604642119807,-0.5310279947430842,-0.63447640108996,0.5899744309842172,-0.7171668604774883,0.8533921919324707,2.258334629707881,0.0,1.0,1.0,0.0,0.0,0.0,0.0
-1.51123262096751,-0.716387462707285,-0.2513835904868064,-0.568679233603726,-1.4109794493039511,-1.027953924576929,0.1826438011562147,0.0,1.0,0.0,0.0,0.0,0.0,1.0
1.1846604642119807,0.5237556443865359,-0.966353595302319,0.47264241431708365,-0.3771679922804488,0.22331872838451153,-1.0594771933378688,0.0,1.0,1.0,0.0,0.0,0.0,0.0
-0.7024646954136627,1.0974873309423956,1.5411629831910536,-0.4953467231867678,1.0994862343811829,-0.2736406231462729,1.8356684579703106,1.0,0.0,0.0,0.0,0.0,0.0,1.0
0.3758925386581335,-0.303741980453647,0.4103221732822772,-0.8033432669379932,-0.017981829038430718,-1.3829248899560604,-0.9528304412853466,1.0,0.0,0.0,0.0,0.0,0.0,1.0
-0.16328607837776465,0.5259623047194429,0.04925207772716631,0.003314347648550597,0.0825595969972627,-1.4006734382250174,-0.1843464926715827,1.0,0.0,0.0,0.0,0.0,0.0,1.0
-0.16328607837776465,1.8676117871269928,1.5411629831910536,1.792627601822336,1.0994862343811829,-1.4184219864939736,-0.07142640226302956,1.0,0.0,0.0,0.0,0.0,0.0,1.0
-0.16328607837776465,1.5057194925302193,0.43797860613330813,0.809971962235093,1.0994862343811829,-0.19377215593596833,-0.41332334266670406,0.0,1.0,1.0,0.0,0.0,0.0,0.0
-0.4328753868957137,-1.851714203988016,-1.926134246465835,-1.8446649148588028,-1.5092183999342468,-0.5664916695840568,-0.34117995157235087,0.0,1.0,0.0,0.0,0.0,1.0,0.0
1.1846604642119807,-0.3103619614523687,-1.666983227528407,1.279300028903626,0.18310102303295614,-0.32688626795314313,-0.6579835385519024,0.0,1.0,0.0,0.0,0.0,0.0,1.0
-1.51123262096751,-0.40304169543446916,-1.4549505756705123,-1.3166708398567015,-0.44010232002798255,-1.808890048411019,-1.3355040810032208,1.0,0.0,0.0,0.0,0.0,1.0,0.0
-0.7024646954136627,-0.30153532012073986,0.6151846388454613,-0.9500082877719095,-0.5183864838114991,0.7469009023187311,-0.9089170727931314,0.0,1.0,1.0,0.0,0.0,0.0,0.0
1.993428389765828,-0.9856000233219578,-0.37532538215253214,-1.1846723211061767,-1.4693088262406895,-1.507164727838757,-0.9089170727931314,1.0,0.0,0.0,1.0,0.0,0.0,0.0
0.9150711556940316,1.5697126421845267,1.5411629831910536,0.8979709747354425,-0.40710017255061703,-1.6402788398559311,0.19205380869026087,1.0,0.0,0.0,0.0,0.0,1.0,0.0
-0.9720540039316119,0.2170298581124413,-0.623208965483985,-0.568679233603726,1.0994862343811829,0.6049125161670782,0.1763704628001841,1.0,0.0,0.0,0.0,0.0,1.0,0.0
-0.16328607837776465,-0.14706909681723923,1.3578110765120033,0.3113108913997759,0.6528060057340578,0.6759067092429046,-0.748946944714348,1.0,0.0,0.0,0.0,0.0,0.0,1.0
-1.241643312449561,-0.5089613914140126,-0.9243567898618652,0.17931237264924968,0.15777379357358315,0.8267693695290357,1.233427975791361,1.0,0.0,1.0,0.0,0.0,0.0,0.0
-0.16328607837776465,-0.24857547213096812,0.7462966168058991,-0.040685158601624825,-0.440869811829781,0.2055701801155553,0.9856311107281477,1.0,0.0,0.0,1.0,0.0,0.0,0.0
-1.51123262096751,0.6208486990344506,0.7278589949052133,1.103302003902927,0.8086068414992913,-1.3474277934181471,-0.2972665830801356,1.0,0.0,0.0,0.0,0.0,0.0,1.0
0.6454818471760826,-1.034146550645915,-0.9991315897924278,-1.1700058190227853,-0.9742766140802149,0.6759067092429046,-0.6140701700596874,0.0,1.0,1.0,0.0,0.0,0.0,0.0
-0.4328753868957137,-1.601258256203054,-0.4920969875235471,-0.436680714853201,-0.8284531717383704,-0.7173543298701879,-0.1623898084254751,0.0,1.0,0.0,0.0,1.0,0.0,0.0
-1.51123262096751,0.4972757203916498,-0.9970829651367963,-0.24601618776910925,0.802466907084898,-1.8355128708144544,-0.8022703207406091,1.0,0.0,0.0,0.0,0.0,1.0,0.0
-0.16328607837776465,-1.851714203988016,0.8897003427001284,-1.492668864857402,-2.0788891898196917,-0.32688626795314313,0.9919044490841783,1.0,0.0,0.0,0.0,0.0,0.0,1.0
1.4542497727299297,-0.05218270250223166,0.011864677761884298,-0.07001816276840887,-0.68723468020732,0.019210423291510258,-0.5199700947192264,1.0,0.0,0.0,1.0,0.0,0.0,0.0
-1.51123262096751,1.8676117871269928,0.28945331859999945,-0.40734771068641695,1.0994862343811829,-0.8327198936184065,1.1173712162047928,1.0,0.0,0.0,0.0,0.0,0.0,1.0
0.3758925386581335,-0.3544951681105116,-0.2718698370431251,1.2059675184866678,0.4678404815004533,-0.2913891714152299,-0.7458102755363325,0.0,1.0,0.0,0.0,1.0,0.0,0.0
-1.51123262096751,1.4836528892011476,1.012617822038039,0.9126374768188339,1.0994862343811829,1.0042548522186026,-1.1692606145684066,1.0,0.0,0.0,0.0,1.0,0.0,0.0
1.993428389765828,-1.7711711018369047,-1.4447074523923538,-1.8446649148588028,-1.947456218761582,0.7735237247221662,1.9046751798866488,1.0,0.0,0.0,0.0,0.0,0.0,1.0
0.9150711556940316,-0.19120230347538217,0.04925207772716631,-0.40734771068641695,0.767162284202136,0.019210423291510258,0.640597501146458,1.0,0.0,1.0,0.0,0.0,0.0,0.0
0.10630323014018443,-1.851714203988016,-0.10593123993694563,-0.5246797273535505,-1.3012281216466681,1.4657171072114739,0.7221508997748572,0.0,1.0,0.0,0.0,0.0,0.0,1.0
1.1846604642119807,0.19716991511627693,-0.8168039954411939,-1.1846723211061767,-0.3288160087671005,-0.3623833644910564,-0.8587303659448857,1.0,0.0,0.0,1.0,0.0,0.0,0.0
0.3758925386581335,-1.802064346497605,-0.8567521762260148,0.7073064476513509,-0.9013648929092921,0.6492838868394702,-0.48546673376105753,0.0,1.0,0.0,0.0,1.0,0.0,0.0
-1.51123262096751,-0.9701534009916077,-0.3620093218909256,-0.5246797273535505,-0.4024952217398218,-1.4627933571663658,-1.4099999739810856,1.0,0.0,1.0,0.0,0.0,0.0,0.0
-1.241643312449561,-0.13824245548561043,-1.926134246465835,-1.1846723211061767,-1.4056070066913573,-0.3623833644910564,-0.3317699440383047,1.0,0.0,0.0,1.0,0.0,0.0,0.0
-0.4328753868957137,1.073214067280417,0.8343874769980681,1.8366271080725112,0.8001644316795004,-1.2409365038044082,-1.4099999739810856,1.0,0.0,1.0,0.0,0.0,0.0,0.0
-0.16328607837776465,-1.851714203988016,-0.8075851844908517,-0.12868417110197566,-1.2743659085836971,-0.44225183170136095,-0.6297535159497643,1.0,0.0,0.0,0.0,0.0,0.0,1.0
-1.51123262096751,-0.8046538760235713,-0.3538148232683984,1.3379660372371929,-1.0141861877737732,0.5516668713602088,2.258334629707881,1.0,0.0,1.0,0.0,0.0,0.0,0.0
-1.51123262096751,0.5502355683814215,-0.952013222712896,1.5139640622378931,-0.6657449097569428,-1.7023987587972795,-0.41332334266670406,1.0,0.0,0.0,0.0,0.0,0.0,1.0
-1.51123262096751,-0.09410924882746749,0.3570579322358498,-0.6713447481874681,0.43407084222128933,0.2854386473258599,-0.2972665830801356,1.0,0.0,1.0,0.0,0.0,0.0,0.0
1.4542497727299297,1.8676117871269928,1.1928967917336402,1.8366271080725112,1.0994862343811829,-1.0190796504424506,-0.6705302152639638,1.0,0.0,0.0,0.0,0.0,0.0,1.0
0.10630323014018443,-1.415898788238853,-1.926134246465835,0.06198035598211609,-2.0788891898196917,1.7940652501871701,-0.28158323719005884,0.0,1.0,0.0,1.0,0.0,0.0,0.0
-0.4328753868957137,0.11993680346452662,-1.3689083401339748,-0.7886767648546005,-0.031796681470815484,-0.30913771968418613,-0.6109335008816719,0.0,1.0,0.0,0.0,0.0,0.0,1.0
-0.4328753868957137,-0.01908279750862427,0.2976478172225266,0.5899744309842172,0.15777379357358315,-1.8355128708144544,-0.705033576222133,1.0,0.0,0.0,1.0,0.0,0.0,0.0
-1.51123262096751,1.452759644540448,1.2000669780283524,1.176634514319885,1.0994862343811829,1.341477269328777,-0.5670201323894569,0.0,1.0,1.0,0.0,0.0,0.0,0.0
-0.4328753868957137,-0.6788742370478634,0.3693496801696413,1.103302003902927,-1.3710698756103936,-0.025160947380881083,0.7127408922408108,0.0,1.0,0.0,0.0,0.0,0.0,1.0
-0.7024646954136627,-0.01908279750862427,1.4971175530949683,1.4846310580711104,1.0994862343811829,-1.773392951873106,-1.0061538173116076,1.0,0.0,0.0,0.0,0.0,0.0,1.0
-0.7024646954136627,-0.5795745220670413,-1.3269115346935225,-1.7126663961082778,1.0994862343811829,-0.149400785263577,-0.027513033770814585,1.0,0.0,1.0,0.0,0.0,0.0,0.0
-0.4328753868957137,1.4770329082024265,0.11224728588784487,-0.09935116693519162,1.0994862343811829,0.019210423291510258,-1.1253472460761915,0.0,1.0,0.0,0.0,1.0,0.0,0.0
-0.16328607837776465,-0.2309221894677113,0.1255633461494528,1.1913010164032765,-2.0788891898196917,-1.3829248899560604,0.33320392170095225,0.0,1.0,0.0,0.0,0.0,1.0,0.0
0.3758925386581335,1.2916734402382257,1.4684368079161239,1.1179685059863185,1.0994862343811829,-0.7084800557357098,0.6092308093663038,1.0,0.0,1.0,0.0,0.0,0.0,0.0
-0.7024646954136627,0.1773099721201126,1.1519242986210043,0.5753079289008258,-0.8054284176843939,-1.063451021114842,-1.3229574042911594,0.0,1.0,0.0,0.0,0.0,1.0,0.0
0.3758925386581335,1.057767444950067,0.04925207772716631,1.6459625809884182,-0.4531496806585688,-0.13165223699462078,-1.4099999739810856,0.0,1.0,0.0,0.0,0.0,0.0,1.0
-0.9720540039316119,-0.6678409353833276,0.4471974170836503,0.09131336014890014,0.02883517087131953,1.0663747711599494,2.258334629707881,0.0,1.0,0.0,0.0,1.0,0.0,0.0
-1.51123262096751,-0.7649339900312426,-0.9499645980572632,-1.8446649148588028,-1.9697134810137584,-1.1699423107285818,-0.9936071405995461,1.0,0.0,1.0,0.0,0.0,0.0,0.0
-0.9720540039316119,-0.06983598516548892,-1.5133363783560192,0.003314347648550597,-1.3012281216466681,0.16119880944316317,0.5621807716960738,0.0,1.0,1.0,0.0,0.0,0.0,0.0
1.993428389765828,-0.5089613914140126,-0.49414561217917996,-0.9353417856885181,0.5261698584371918,-0.7351028781391449,0.20146381622430704,1.0,0.0,1.0,0.0,0.0,0.0,0.0
1.7238390812478788,0.8040015066657444,0.34271755964642686,0.2233118788994251,1.0994862343811829,0.3386842921327293,-0.13729645500135218,1.0,0.0,0.0,1.0,0.0,0.0,0.0
-0.4328753868957137,0.7929682050012085,1.314789958743736,1.0593024976527516,1.0994862343811829,1.7940652501871701,0.17009712444415323,1.0,0.0,0.0,0.0,1.0,0.0,0.0
-1.241643312449561,-0.01908279750862427,-0.6150144668614578,-1.8446649148588028,-2.0788891898196917,-0.300263445549708,-1.0563405241598536,1.0,0.0,0.0,0.0,0.0,0.0,1.0
-1.51123262096751,0.1795166324530197,0.22697026660322836,1.4992975601545018,0.9275680707781659,-1.5959074691835398,2.258334629707881,0.0,1.0,0.0,1.0,0.0,0.0,0.0
-0.9720540039316119,-1.8351642514912123,1.0638334384288353,-0.9793412919386936,-0.2942788776861369,-0.9835825539045375,-1.4099999739810856,0.0,1.0,0.0,0.0,0.0,0.0,1.0
1.4542497727299297,0.15745002912394823,-0.6693030202357017,0.5753079289008258,1.051901742669633,-1.3829248899560604,1.6851083374255738,1.0,0.0,0.0,0.0,1.0,0.0,0.0
-0.7024646954136627,-0.6148810873935557,-1.3699326524617912,-1.6393338856913182,-2.0788891898196917,-0.6996057816012317,-1.2978640508670365,1.0,0.0,1.0,0.0,0.0,0.0,0.0
-0.16328607837776465,1.5189594545276621,1.5411629831910536,0.25264488306620914,1.0994862343811829,-0.1405265111290989,-0.1623898084254751,1.0,0.0,0.0,0.0,0.0,0.0,1.0
-0.16328607837776465,-0.8620270446791573,-0.6180874038449056,0.3259773934831673,0.15777379357358315,-0.8149713453494495,0.5214040723818739,0.0,1.0,0.0,0.0,1.0,0.0,0.0
0.6454818471760826,-0.25740211346259695,0.04925207772716631,0.648640439317784,1.0994862343811829,-0.6818572333322747,-0.7677669597824401,0.0,1.0,0.0,0.0,1.0,0.0,0.0
-1.51123262096751,-0.18899564314247505,-1.3381789702994975,-1.2433383294397435,-1.3718373674121933,1.5633341226907347,-0.13102311664532157,0.0,1.0,1.0,0.0,0.0,0.0,0.0
-1.241643312449561,-0.9569134389941648,1.5411629831910536,-0.9793412919386936,-0.2827665006591498,-0.45112610583583906,-1.0845705467619917,0.0,1.0,0.0,0.0,0.0,1.0,0.0
0.3758925386581335,1.7109389034905846,1.5411629831910536,0.7219729497347422,1.0994862343811829,0.019210423291510258,1.6851083374255738,0.0,1.0,0.0,1.0,0.0,0.0,0.0
0.9150711556940316,1.8676117871269928,1.5411629831910536,1.8366271080725112,1.0994862343811829,-1.8355128708144544,-0.6234801775937333,1.0,0.0,0.0,1.0,0.0,0.0,0.0
-1.51123262096751,-0.5641278997366915,-1.3422762196107618,-0.7886767648546005,-0.9005974011074935,0.8356436436635145,-1.310410727579098,1.0,0.0,0.0,0.0,0.0,0.0,1.0
0.6454818471760826,-1.0782797573040583,-0.010670193450065826,-0.42201421276980833,-1.7686306289423717,1.7940652501871701,-0.9057804036151161,1.0,0.0,0.0,0.0,0.0,0.0,1.0
-0.16328607837776465,-1.2570192442695378,-0.2011922864238269,-1.7126663961082778,-0.1898999926414478,0.019210423291510258,-0.7959969823845784,1.0,0.0,1.0,0.0,0.0,0.0,0.0
0.6454818471760826,-0.5839878427328559,0.4758781622624962,-0.46601371901998373,-0.8837125814679117,0.22331872838451153,-0.965377117997408,0.0,1.0,0.0,1.0,0.0,0.0,0.0
0.9150711556940316,-1.2415726219391878,-1.4211482688525872,-1.8153319106920187,-2.0788891898196917,-1.2409365038044082,0.010126996365369801,1.0,0.0,0.0,0.0,0.0,1.0,0.0
0.3758925386581335,-1.4909252395576962,-1.7919493315219508,-1.8446649148588028,-0.9428094502064486,-0.8859655384252759,0.4116206511513363,1.0,0.0,0.0,0.0,1.0,0.0,0.0
-0.7024646954136627,-1.851714203988016,-0.9540618473685275,-0.07001816276840887,-2.0788891898196917,-1.8355128708144544,-1.4099999739810856,1.0,0.0,0.0,0.0,0.0,0.0,1.0
0.6454818471760826,0.3869427037462921,0.8989191536504721,0.6633069414011754,1.0994862343811829,-1.4627933571663658,-0.9685137871754234,0.0,1.0,0.0,1.0,0.0,0.0,0.0
-0.4328753868957137,1.0798340482791386,0.7268346825773968,-0.3780147065196342,0.8723086610486247,-0.5398688471806226,-0.01810302623676842,0.0,1.0,0.0,0.0,1.0,0.0,0.0
-0.4328753868957137,1.8036186374726855,0.8200471044086453,0.7073064476513509,1.0994862343811829,-1.4539190830318869,-0.2564898837659359,1.0,0.0,0.0,1.0,0.0,0.0,0.0
0.6454818471760826,0.327362874757799,0.49534009649099986,0.809971962235093,-0.0632638453445829,1.332602995194299,0.5684541100521044,0.0,1.0,0.0,0.0,1.0,0.0,0.0
-1.51123262096751,-1.851714203988016,-1.926134246465835,-0.8766757773549513,-0.8998299093056941,0.44517558174646904,-1.1849439604584835,1.0,0.0,0.0,0.0,0.0,1.0,0.0
0.9150711556940316,1.11734727393856,-0.021937629056040887,0.6193074351510013,1.0994862343811829,1.6165797674976048,-1.3731441111394052,0.0,1.0,0.0,0.0,1.0,0.0,0.0
0.9150711556940316,-1.1709594912861587,-1.1404866910310256,0.003314347648550597,-2.0788891898196917,1.7940652501871701,0.39907397443927484,1.0,0.0,0.0,0.0,1.0,0.0,0.0
0.3758925386581335,0.029463729815333264,-0.12129592485418501,-0.436680714853201,-0.8299881553419685,-0.6552344109288404,-1.1284839152542068,1.0,0.0,0.0,0.0,0.0,1.0,0.0
-1.241643312449561,-1.3364590162541954,0.8640925345047304,0.20864537681603373,-1.281273334799889,-0.4777489282392742,0.29870056074278317,1.0,0.0,0.0,1.0,0.0,0.0,0.0
-0.16328607837776465,-1.744691177842019,-1.8646755067968803,-1.6686668898581023,-0.3234435661545067,-1.8355128708144544,-1.3292307426471899,1.0,0.0,0.0,0.0,0.0,0.0,1.0
1.1846604642119807,0.5237556443865359,1.2799633395979941,-0.9646747898553009,0.5929416451937213,0.019210423291510258,-0.1623898084254751,1.0,0.0,0.0,0.0,0.0,0.0,1.0
-0.7024646954136627,1.4461396635417263,1.5411629831910536,0.8539714684852672,1.0994862343811829,-0.3712576386255345,-1.338640750181236,1.0,0.0,0.0,0.0,0.0,0.0,1.0
1.993428389765828,-1.851714203988016,0.4769024745903126,-1.2726713336065263,0.15777379357358315,-0.5664916695840568,-0.664256876907933,0.0,1.0,0.0,0.0,1.0,0.0,0.0
-0.4328753868957137,-0.8752670066766003,-0.2319216562583042,-1.8446649148588028,-1.1062852039896747,1.7940652501871701,0.022673673077431265,1.0,0.0,0.0,0.0,1.0,0.0,0.0
-0.4328753868957137,-1.851714203988016,-1.4764611345546461,-1.8446649148588028,-2.0788891898196917,0.3031871955948161,1.9862285785150482,1.0,0.0,0.0,0.0,0.0,0.0,1.0
-1.241643312449561,-0.7494873677008924,-0.41220062595390516,-1.6686668898581023,-1.1024477449806789,1.7230710571113437,0.07286037992567711,1.0,0.0,0.0,0.0,0.0,1.0,0.0
0.6454818471760826,-0.8377537810171787,-0.76251544206695,-1.8446649148588028,0.15777379357358315,-1.791141500142062,-1.310410727579098,1.0,0.0,0.0,0.0,0.0,1.0,0.0
0.6454818471760826,1.1614804805967036,0.3078909405006852,0.6779734434845681,1.0994862343811829,0.3031871955948161,-0.3443166207503662,1.0,0.0,0.0,0.0,1.0,0.0,0.0
0.3758925386581335,-1.851714203988016,0.04925207772716631,0.10597986223229151,-1.3326952855204344,1.2438602538495163,2.258334629707881,0.0,1.0,0.0,0.0,0.0,1.0,0.0
0.10630323014018443,1.099693991275303,-0.24831065350335857,1.7779610997389446,1.0994862343811829,-0.7794742488115363,-0.9089170727931314,1.0,0.0,0.0,0.0,0.0,1.0,0.0
-1.51123262096751,0.6451219626964292,-0.7491993818053435,-0.23134968568571657,0.07488467897927129,-0.5487431213151006,-0.02437636459279929,1.0,0.0,1.0,0.0,0.0,0.0,0.0
-0.7024646954136627,-0.4162816574319122,0.08049360372555112,-0.275349191935892,0.12630662969981574,-0.0340352215153592,1.1393279004509005,1.0,0.0,0.0,0.0,0.0,1.0,0.0
-1.51123262096751,-1.2349526409404663,-1.6802992877900151,-0.08468466485180025,-0.7616813849818409,0.13457598703972884,0.5339507490939356,1.0,0.0,0.0,0.0,0.0,1.0,0.0
1.7238390812478788,-1.3960388452426886,-1.926134246465835,-0.4806802211033751,-2.0788891898196917,0.3031871955948161,-0.05574305637295281,0.0,1.0,0.0,1.0,0.0,0.0,0.0
0.9150711556940316,-0.6656342750504204,-1.188629370438374,0.7219729497347422,-1.5199632851594354,-1.6580273881248881,-0.8555936967668702,0.0,1.0,0.0,0.0,0.0,1.0,0.0
-0.4328753868957137,0.15303670845813364,0.4226139212160687,-0.07001816276840887,-0.22827458273140705,0.5161697748222955,-0.9277370878612236,1.0,0.0,0.0,0.0,1.0,0.0,0.0
0.3758925386581335,-1.3408723369200097,-1.0339582089381694,-1.0820068065224344,-2.0788891898196917,-0.06953231805327242,-0.11847643993326011,1.0,0.0,0.0,0.0,0.0,0.0,1.0
-1.51123262096751,-1.4092788072401314,-0.14485510839395013,-1.1846723211061767,0.1401214821322016,1.0220034004875589,-1.0500671858038229,0.0,1.0,0.0,0.0,0.0,0.0,1.0
-0.7024646954136627,1.1305872359360034,-0.12539317416544787,-0.30468219610267605,1.0994862343811829,0.2854386473258599,-0.033786372126845175,0.0,1.0,0.0,0.0,0.0,1.0,0.0
-0.16328607837776465,0.41121596740827066,1.5411629831910536,1.1473015101531012,0.9183581691565753,-0.6286115885254052,-0.6987602378661021,0.0,1.0,0.0,0.0,0.0,1.0,0.0
0.3758925386581335,-0.01908279750862427,-0.9940100281533485,-0.7006777523542509,0.15777379357358315,-0.007412399111924074,-0.48233006458304223,1.0,0.0,0.0,0.0,0.0,1.0,0.0
0.3758925386581335,1.8676117871269928,1.3967349449690092,1.6312960789050268,1.0994862343811829,-0.5664916695840568,0.010126996365369801,1.0,0.0,0.0,0.0,0.0,0.0,1.0
1.993428389765828,0.5369956063839785,-0.43268687251022386,0.5019754184838677,0.3672990554647599,0.9332606591427761,-0.7081702454001483,1.0,0.0,0.0,0.0,1.0,0.0,0.0
-0.16328607837776465,0.4906557393929285,-1.0503472061832237,0.003314347648550597,-0.6480925983155612,0.6315353385705132,2.155608714127878,0.0,1.0,0.0,0.0,0.0,1.0,0.0
0.3758925386581335,-1.3342523559212882,1.260501405369492,-1.1846723211061767,0.0664422691594803,-1.0989481176527554,1.7415683826298503,0.0,1.0,1.0,0.0,0.0,0.0,0.0
-0.4328753868957137,0.06256363480894027,0.8528250988987555,1.1326350080697098,-0.5936006803878195,0.5960382420326,-0.2596265529439515,1.0,0.0,1.0,0.0,0.0,0.0,0.0
1.1846604642119807,-1.851714203988016,-0.787098937934533,0.003314347648550597,-2.0788891898196917,-1.8355128708144544,-0.40705000431067345,0.0,1.0,0.0,0.0,1.0,0.0,0.0
-0.7024646954136627,1.7947919961410563,0.9911072631539041,-0.15801717526875841,1.0994862343811829,-0.5664916695840568,-0.3474532899283814,1.0,0.0,0.0,0.0,0.0,1.0,0.0
-0.7024646954136627,0.7863482240024872,-1.1302435677528657,-1.654000387774711,1.0994862343811829,0.8267693695290357,-0.585840147457549,0.0,1.0,0.0,0.0,0.0,1.0,0.0
1.1846604642119807,1.8676117871269928,1.5411629831910536,-0.6273452419372928,0.8684712020396279,-0.18489788180149022,-0.48546673376105753,1.0,0.0,0.0,0.0,1.0,0.0,0.0
1.993428389765828,-1.851714203988016,-0.645743836695935,-0.3780147065196342,-0.8652927782247305,-0.5043717506427093,-1.147303930322299,1.0,0.0,0.0,0.0,0.0,0.0,1.0
-1.51123262096751,0.6936684900203867,0.2341404528979391,-0.436680714853201,1.0994862343811829,0.0724560680983805,-0.6830768919760254,1.0,0.0,0.0,0.0,0.0,0.0,1.0
-0.7024646954136627,1.377733193221604,0.8333631646702532,0.9859699872357934,1.0994862343811829,0.5960382420326,0.5496340949840121,1.0,0.0,0.0,0.0,0.0,1.0,0.0
-1.51123262096751,-0.32801524411562594,-1.109757321196547,-0.24601618776910925,-0.3994252545326256,-0.22926925247388158,-0.9434204337513005,1.0,0.0,0.0,0.0,0.0,0.0,1.0
0.3758925386581335,-1.2746725269327952,1.3977592572968243,-0.7886767648546005,-0.2835339924609483,-0.2381435266083597,-0.965377117997408,1.0,0.0,0.0,0.0,1.0,0.0,0.0
-1.241643312449561,1.1482405185992601,-0.7543209434444228,0.10597986223229151,1.0994862343811829,1.7940652501871701,-0.3537266282844123,1.0,0.0,0.0,0.0,0.0,1.0,0.0
0.10630323014018443,-0.4802748070862195,0.04925207772716631,-1.1113398106892185,-1.772468087951368,0.16119880944316317,0.12618375595193826,1.0,0.0,0.0,0.0,0.0,1.0,0.0
0.3758925386581335,-1.851714203988016,-1.4600721373095917,0.003314347648550597,-1.960503579392168,-1.0811995693837984,-0.8555936967668702,1.0,0.0,0.0,0.0,0.0,1.0,0.0
0.3758925386581335,0.3428094970881492,-0.15612254399992517,0.14997936848246693,-0.44700974624417544,-0.9125883608287111,-0.3756833125305197,1.0,0.0,0.0,0.0,0.0,0.0,1.0
1.993428389765828,-1.2857058285973308,-0.24216477953646282,-0.36334820443624155,-0.3725630414696546,-0.7705999746770581,-1.11280056936413,0.0,1.0,1.0,0.0,0.0,0.0,0.0
0.3758925386581335,-0.31698194245109,-1.3719812771174227,0.4433094101503009,-1.0088137451611785,-0.610863040256449,-0.11220310157722925,0.0,1.0,0.0,0.0,0.0,1.0,0.0
-0.16328607837776465,-0.1625157191475894,1.4336101887703823,1.5872965726548514,1.0994862343811829,1.48346565548043,2.258334629707881,1.0,0.0,0.0,0.0,0.0,1.0,0.0
-1.241643312449561,1.3424266278950903,0.53016671563674,0.7366394518181348,0.4893302519508306,0.8267693695290357,-0.01810302623676842,1.0,0.0,0.0,0.0,0.0,1.0,0.0
-0.16328607837776465,-0.18458232247666084,0.48304834855720835,1.5872965726548514,0.6374561696980738,-0.619737314390927,-0.7552202830703787,1.0,0.0,0.0,0.0,0.0,1.0,0.0
-0.16328607837776465,-0.5442679567405272,0.03952111061291518,-0.36334820443624155,0.14549392474479536,0.2854386473258599,0.06031370321361565,1.0,0.0,0.0,0.0,0.0,0.0,1.0
0.3758925386581335,1.2674001765762464,1.2768904026145464,0.2673113851496005,1.0994862343811829,1.785190976052692,-1.11280056936413,1.0,0.0,1.0,0.0,0.0,0.0,0.0
0.3758925386581335,1.7925853358081496,1.5411629831910536,0.2819778872329919,1.0994862343811829,-0.40675473516344773,-0.6328901851277795,1.0,0.0,0.0,1.0,0.0,0.0,0.0
1.4542497727299297,0.9628810506350592,1.056663252134123,0.7366394518181348,1.0994862343811829,0.46292413001542526,-1.4099999739810856,0.0,1.0,0.0,0.0,0.0,0.0,1.0
-0.7024646954136627,-0.01908279750862427,0.0005972421559092354,0.3993099039001255,1.0994862343811829,-0.5398688471806226,-0.974787125531454,1.0,0.0,0.0,1.0,0.0,0.0,0.0
-1.241643312449561,1.1636871409296103,0.8231200413920932,-0.46601371901998373,0.15777379357358315,-1.4095477123594955,-0.4948767412951037,0.0,1.0,0.0,0.0,0.0,1.0,0.0
1.7238390812478788,-0.689907538712399,0.839509038637149,-0.9500082877719095,-1.7271860716452156,-0.1760236076670121,-0.1561164700694445,0.0,1.0,0.0,0.0,1.0,0.0,0.0
-0.7024646954136627,-1.4092788072401314,-0.46136761768906975,-1.2873378356899188,-1.5583378752493946,0.23219300251898964,0.7566542607330261,1.0,0.0,1.0,0.0,0.0,0.0,0.0
-0.9720540039316119,0.11773014313161913,0.8016094825079594,0.42864290806690825,1.0994862343811829,-1.8355128708144544,2.258334629707881,0.0,1.0,1.0,0.0,0.0,0.0,0.0
1.1846604642119807,-0.9525001183283507,-1.439585890753273,0.34064389556655866,-1.5284056949792264,-0.9214626349631891,1.3055713668857145,0.0,1.0,0.0,0.0,0.0,1.0,0.0
-1.241643312449561,1.1526538392650745,-0.17148722891716456,0.47264241431708365,1.0994862343811829,-1.498290453704279,-0.036923041304860474,0.0,1.0,1.0,0.0,0.0,0.0,0.0
0.3758925386581335,1.8676117871269928,-1.0780036390342531,-0.3926812086030256,0.5768243173559378,-1.8355128708144544,1.2208812990792999,0.0,1.0,0.0,0.0,0.0,0.0,1.0
-1.51123262096751,0.009603786819168908,0.9706210165975868,-0.7593437606878177,0.17849607222216085,0.1700730835776421,1.967408563446956,1.0,0.0,0.0,0.0,1.0,0.0,0.0
-0.4328753868957137,-0.01246281650990295,1.0392499425612522,0.5019754184838677,1.00815470996708,0.3031871955948161,-0.3129499289702126,1.0,0.0,1.0,0.0,0.0,0.0,0.0
-0.4328753868957137,-0.01908279750862427,0.04925207772716631,-1.2286718273563522,-0.9704391550712191,1.0663747711599494,-0.9716504563534387,1.0,0.0,0.0,0.0,0.0,1.0,0.0
0.9150711556940316,1.496892851198591,1.5411629831910536,-0.5980122377705087,0.7924895136615089,-0.11390368872566377,-0.14043312417936746,0.0,1.0,0.0,0.0,0.0,0.0,1.0
-0.9720540039316119,-0.5244080137443624,0.43695429380549167,0.003314347648550597,1.0994862343811829,-0.2736406231462729,-1.344914088537267,1.0,0.0,0.0,0.0,0.0,0.0,1.0
-0.16328607837776465,-1.851714203988016,0.47075660062341684,-1.5660013752743602,-1.6941839241678507,0.995380578084123,-0.04946971801692193,1.0,0.0,0.0,0.0,0.0,1.0,0.0
0.6454818471760826,0.7532483190088798,-0.455221743722174,0.2673113851496005,0.49240021915802784,1.1373689642357758,-0.1592531392474598,1.0,0.0,0.0,0.0,0.0,0.0,1.0
0.10630323014018443,-0.8664403653449715,0.04873992156325881,0.7219729497347422,-1.579827645699772,1.7940652501871701,-0.36940997417448906,1.0,0.0,0.0,0.0,0.0,1.0,0.0
-0.9720540039316119,0.11773014313161913,1.5411629831910536,0.6046409330676086,0.4893302519508306,1.7940652501871701,0.5621807716960738,1.0,0.0,0.0,0.0,1.0,0.0,0.0
1.4542497727299297,-0.7627273296983351,-1.1445839403422886,-0.14335067318536704,0.8991708741115957,0.587163967898122,1.7697984052319884,1.0,0.0,0.0,0.0,1.0,0.0,0.0
-0.4328753868957137,0.6583619246938721,0.22697026660322836,0.3113108913997759,1.0994862343811829,0.16119880944316317,1.107961208670747,0.0,1.0,0.0,0.0,0.0,0.0,1.0
-0.9720540039316119,-0.8068605363564785,-1.6721047891674878,-0.42201421276980833,0.09560695762784899,1.2261117055805602,2.258334629707881,0.0,1.0,0.0,1.0,0.0,0.0,0.0
-1.241643312449561,-1.2812925079315165,0.24848082548736206,-0.8473427731881673,-1.1891743185839865,0.5516668713602088,-0.2251231919857824,1.0,0.0,0.0,0.0,1.0,0.0,0.0
0.3758925386581335,-0.8024472156906642,0.11429591054347629,-0.08468466485180025,0.7234152514995819,1.6343283157665611,-1.1033905618300839,1.0,0.0,0.0,0.0,0.0,0.0,1.0
-0.7024646954136627,0.9408144473059882,-0.34152307533460696,0.3993099039001255,0.777139677625525,-0.2647663490117948,-1.4099999739810856,0.0,1.0,0.0,1.0,0.0,0.0,0.0
-0.16328607837776465,0.4950690600587427,0.8354117893258846,1.57263007057146,-0.4001927463344252,1.1728660607736898,1.233427975791361,0.0,1.0,0.0,1.0,0.0,0.0,0.0
-0.9720540039316119,0.6892551693545724,0.7544911154284263,-1.0380073002722603,1.0004797919490875,1.7141967829768656,-0.4572367111589193,1.0,0.0,0.0,0.0,0.0,1.0,0.0
-0.4328753868957137,0.27440302676802725,1.5411629831910536,0.9566369830690094,1.0994862343811829,1.2704830762529506,0.4586706888215666,0.0,1.0,0.0,0.0,0.0,0.0,1.0
-0.9720540039316119,0.11993680346452662,0.8743356577828891,1.792627601822336,1.0994862343811829,0.9865063039496448,-1.3229574042911594,0.0,1.0,0.0,1.0,0.0,0.0,0.0
-0.4328753868957137,-0.24857547213096812,-1.15687568827608,0.23797838098281646,0.18770597384375143,-0.7794742488115363,-0.20630317691769007,0.0,1.0,1.0,0.0,0.0,0.0,0.0
-0.4328753868957137,1.6359124521717414,1.5278469229294471,0.19397887473264236,1.0994862343811829,0.9865063039496448,-0.1592531392474598,0.0,1.0,1.0,0.0,0.0,0.0,0.0
-0.4328753868957137,-0.9458801373296292,-1.926134246465835,0.003314347648550597,1.0994862343811829,0.5161697748222955,-1.4099999739810856,0.0,1.0,0.0,0.0,0.0,0.0,1.0
1.4542497727299297,1.8676117871269928,0.6561571319580987,1.4992975601545018,-0.6949095982253115,0.1789473577121202,0.43044066621942834,1.0,0.0,0.0,0.0,0.0,1.0,0.0
1.993428389765828,0.8746146373187734,1.071003624723546,1.8366271080725112,1.0994862343811829,1.7496938795147796,-0.3035399214361665,1.0,0.0,0.0,0.0,1.0,0.0,0.0
0.10630323014018443,-1.7601378001723689,0.4215896088882523,0.3259773934831673,-1.1768944497551999,-0.34463481622209935,-1.1629872762123759,1.0,0.0,0.0,0.0,0.0,1.0,0.0
0.9150711556940316,-0.17354902081212492,-0.11924730019855212,-1.8446649148588028,0.9030083331205914,-0.46887465410479606,-0.6862135611540406,1.0,0.0,1.0,0.0,0.0,0.0,0.0
-0.9720540039316119,0.7598683000076011,0.8118526057861181,0.941970480985618,1.0994862343811829,1.7585681536492577,-0.9904704714215309,0.0,1.0,0.0,0.0,1.0,0.0,0.0
0.9150711556940316,-1.1665461706203446,1.5411629831910536,0.20864537681603373,-0.9796490566928098,-0.7173543298701879,-0.9465571029293157,1.0,0.0,0.0,0.0,0.0,0.0,1.0
-1.51123262096751,1.4240730602126546,0.12249040916600494,1.073968999736143,1.0994862343811829,0.8622664660669489,-0.7740402981384709,1.0,0.0,1.0,0.0,0.0,0.0,0.0
-0.7024646954136627,1.0334941812880882,1.3680541997901634,0.8833044726520513,1.0994862343811829,1.7940652501871701,-0.1623898084254751,1.0,0.0,0.0,0.0,0.0,0.0,1.0
0.9150711556940316,0.5480289080485145,1.525798298273814,1.8366271080725112,1.0726240213182119,1.2083631573116023,2.258334629707881,1.0,0.0,0.0,1.0,0.0,0.0,0.0
-0.9720540039316119,-0.01908279750862427,-0.7174456996430497,-1.1846723211061767,0.15777379357358315,-1.8355128708144544,-0.48233006458304223,1.0,0.0,0.0,0.0,0.0,1.0,0.0
-1.51123262096751,0.3428094970881492,0.5025102827857106,1.0593024976527516,1.0994862343811829,-1.045702472845885,1.3463480661999145,1.0,0.0,0.0,0.0,0.0,1.0,0.0
0.6454818471760826,1.4218663998797478,-0.1294904234767122,-0.6713447481874681,1.0994862343811829,-0.7705999746770581,-0.6391635234838103,0.0,1.0,0.0,0.0,0.0,0.0,1.0
-0.16328607837776465,1.7969986564739637,0.15424409132829722,1.2206340205700592,1.0994862343811829,1.7940652501871701,-0.6203435084157181,1.0,0.0,1.0,0.0,0.0,0.0,0.0
-0.7024646954136627,-0.5972278047302986,-0.11105280157602494,0.047313853898724716,-0.6711173523695365,-0.11390368872566377,0.7942942908692108,1.0,0.0,0.0,0.0,0.0,1.0,0.0
-1.51123262096751,-0.8487870826817142,-0.10695555226476207,-1.1113398106892185,-0.28967392687534166,1.3858486400011691,1.9956385860490946,1.0,0.0,1.0,0.0,0.0,0.0,0.0
0.10630323014018443,0.3450161574210563,0.5270937786532922,0.7953054601517003,-0.2582067630015753,-0.5398688471806226,2.258334629707881,1.0,0.0,0.0,0.0,1.0,0.0,0.0
0.6454818471760826,1.8676117871269928,0.04925207772716631,0.047313853898724716,1.0994862343811829,0.37418138867064255,2.114832014813678,1.0,0.0,0.0,0.0,0.0,1.0,0.0
-1.51123262096751,1.3424266278950903,1.4325858764425659,0.4579759122336923,1.0994862343811829,0.2854386473258599,-0.3568632974624276,1.0,0.0,0.0,0.0,1.0,0.0,0.0
1.1846604642119807,-1.851714203988016,-0.11924730019855212,-1.067340304439043,-2.0788891898196917,-1.4361705347629306,0.12932042512995356,0.0,1.0,0.0,0.0,0.0,0.0,1.0
-0.16328607837776465,0.23026982010988434,0.8948219043392078,-0.6273452419372928,0.9851299559131048,-1.027953924576929,2.258334629707881,1.0,0.0,0.0,1.0,0.0,0.0,0.0
-0.9720540039316119,-0.6722542560491421,0.8692140961438098,-0.7006777523542509,-0.2505318449835839,1.075249045294429,0.3802539593711825,1.0,0.0,0.0,0.0,0.0,0.0,1.0
1.7238390812478788,-1.6829046885206187,-1.0278123349712736,-0.40734771068641695,-2.0326478087612916,0.4274270334775128,-0.5325167714312878,1.0,0.0,0.0,0.0,1.0,0.0,0.0
0.3758925386581335,0.35825611941849933,0.43490566914986023,0.10597986223229151,0.9951073493364938,0.9421349332772543,1.6945183449596195,1.0,0.0,0.0,0.0,0.0,1.0,0.0
0.9150711556940316,0.1066968414670836,-0.7819773762954537,-0.6713447481874681,0.265990137627268,-0.45112610583583906,-1.4099999739810856,1.0,0.0,0.0,1.0,0.0,0.0,0.0
-0.9720540039316119,-0.01908279750862427,-1.3197413483988116,-1.8446649148588028,-1.0425833844403425,0.8711407402014277,-0.7646302906044247,1.0,0.0,1.0,0.0,0.0,0.0,0.0
0.6454818471760826,-0.3059486407865545,0.07332341743084037,0.01798084973194197,0.029602662673119107,0.9243863850082964,1.6537416456454197,0.0,1.0,1.0,0.0,0.0,0.0,0.0
1.7238390812478788,-0.8245138190197356,0.2802345076496558,1.1913010164032765,-1.245968711917127,0.8090208212600795,0.29556389156476787,0.0,1.0,0.0,1.0,0.0,0.0,0.0
0.6454818471760826,-0.5530945980721556,-0.6139901545336428,0.35531039764995004,-0.08859107480395588,1.1994888831771242,-0.9246004186832083,1.0,0.0,0.0,0.0,0.0,0.0,1.0
0.6454818471760826,1.3865598345532333,1.5411629831910536,1.8366271080725112,1.0994862343811829,0.019210423291510258,0.8821210278536407,1.0,0.0,0.0,0.0,0.0,0.0,1.0
0.6454818471760826,0.2633697251034913,0.9368187097796602,-0.5980122377705087,0.9168231855529773,-0.8859655384252759,-0.8775503810129779,0.0,1.0,0.0,0.0,0.0,0.0,1.0
1.4542497727299297,-1.0848997383027799,-0.7481750694775271,1.7486280955721605,-1.1484972530886306,-1.6402788398559311,-1.0971172234740532,0.0,1.0,0.0,0.0,0.0,0.0,1.0
0.3758925386581335,-0.5619212394037845,-1.379151463412135,-0.3780147065196342,0.13244656411421019,-0.08728086632222865,-0.5356534406093034,0.0,1.0,0.0,0.0,0.0,0.0,1.0
1.1846604642119807,1.4395196825430046,-0.5443369162421595,1.0153029914025762,0.15316884276278786,-0.4777489282392742,-0.6077968317036566,1.0,0.0,0.0,0.0,0.0,1.0,0.0
-0.4328753868957137,1.4174530792139335,0.9808641398757454,0.03264735181533334,0.34350680960898605,-0.9037140866942321,0.4774907038896589,1.0,0.0,0.0,0.0,0.0,0.0,1.0
-0.9720540039316119,-0.8598203843462502,-0.13563629744360794,0.42864290806690825,0.5392172190677781,-1.8355128708144544,-0.02437636459279929,0.0,1.0,0.0,0.0,0.0,0.0,1.0
0.9150711556940316,-1.5791916528739824,-1.926134246465835,-1.8446649148588028,-0.9681366796658215,-0.40675473516344773,-0.6736668844419792,1.0,0.0,0.0,0.0,1.0,0.0,0.0
0.10630323014018443,0.7355950363456225,-0.633452088762145,1.367299041403977,-0.9788815648910102,-1.329679245149191,-0.1623898084254751,0.0,1.0,0.0,0.0,0.0,0.0,1.0
-0.7024646954136627,-0.5972278047302986,-1.4918258194718854,1.5139640622378931,-1.716441186420027,0.5339183230912518,-0.7740402981384709,0.0,1.0,0.0,0.0,0.0,0.0,1.0
-0.4328753868957137,0.1089035017999907,-0.8116824338021146,-0.8033432669379932,1.0994862343811829,-0.30913771968418613,-1.3417774193592518,1.0,0.0,0.0,0.0,1.0,0.0,0.0
-0.9720540039316119,1.8676117871269928,1.5411629831910536,0.3259773934831673,1.0994862343811829,0.888889288470384,-0.4258700193787655,1.0,0.0,0.0,1.0,0.0,0.0,0.0
1.993428389765828,-0.6788742370478634,-0.9110407296002587,-0.07001816276840887,-0.09089355020935352,-0.08728086632222865,-0.3756833125305197,0.0,1.0,0.0,1.0,0.0,0.0,0.0
-0.9720540039316119,1.8676117871269928,0.698153937398551,1.8366271080725112,1.0994862343811829,-0.9480854573666243,1.688245006603589,1.0,0.0,0.0,0.0,1.0,0.0,0.0
0.10630323014018443,1.8676117871269928,1.2297720355350132,0.14997936848246693,1.0994862343811829,0.8267693695290357,-0.4948767412951037,1.0,0.0,0.0,0.0,0.0,1.0,0.0
0.10630323014018443,0.13097010512906215,1.107878868524919,1.8366271080725112,0.15777379357358315,-0.1582750593980551,0.885257697031656,0.0,1.0,0.0,0.0,1.0,0.0,0.0
-0.4328753868957137,0.10228352080126937,0.4881699101962877,0.1646458705658583,-0.2582067630015753,0.05470751982942349,-0.5419267789653339,1.0,0.0,0.0,0.0,1.0,0.0,0.0
0.6454818471760826,-1.3938321849097814,-0.27289414937094014,-0.7006777523542509,-2.0788891898196917,0.2854386473258599,-0.645436861839841,1.0,0.0,1.0,0.0,0.0,0.0,0.0
-0.7024646954136627,1.8676117871269928,1.5411629831910536,0.003314347648550597,1.0994862343811829,0.7646494505876881,0.44926068128752067,1.0,0.0,1.0,0.0,0.0,0.0,0.0
-0.4328753868957137,-0.01908279750862427,0.14912252968921794,-0.6420117440206842,-1.9067791532662253,0.6226610644360352,0.21087382375835292,1.0,0.0,0.0,1.0,0.0,0.0,0.0
-0.9720540039316119,-1.1555128689558087,1.2164559752734068,0.17931237264924968,-0.9650667124586254,0.03695897156046727,2.0426886237193247,1.0,0.0,0.0,0.0,0.0,0.0,1.0
-0.9720540039316119,0.4178359484069924,-1.6495699179555379,0.5459749247340419,-0.3572132054336707,-1.2764336003423216,0.36457061348110575,1.0,0.0,0.0,0.0,0.0,1.0,0.0
0.10630323014018443,-1.851714203988016,-1.8390676986014824,-0.30468219610267605,-1.1369848760616426,1.1284946901012978,-1.3951007953855128,1.0,0.0,1.0,0.0,0.0,0.0,0.0
0.6454818471760826,0.5105156823890928,1.2369422218297255,-0.24601618776910925,0.19538089186174282,-0.6286115885254052,2.258334629707881,1.0,0.0,0.0,0.0,0.0,1.0,0.0
0.3758925386581335,-0.01908279750862427,-0.8485576776034877,1.3379660372371929,0.14933138375379215,1.048626222890993,0.49003738060172036,1.0,0.0,1.0,0.0,0.0,0.0,0.0
0.3758925386581335,1.7263855258209349,0.9972531371207998,1.8366271080725112,0.8937984314990008,0.3120614697292942,-0.1623898084254751,0.0,1.0,0.0,0.0,0.0,0.0,1.0
-1.51123262096751,-0.8046538760235713,1.2738174656310985,-1.3753368481902684,-1.794725350203544,-0.40675473516344773,-0.9904704714215309,1.0,0.0,0.0,0.0,0.0,0.0,1.0
0.9150711556940316,1.8676117871269928,1.156021547932267,0.17931237264924968,1.0994862343811829,-0.30913771968418613,-1.4099999739810856,1.0,0.0,0.0,0.0,0.0,1.0,0.0
-1.241643312449561,-0.6987341800440278,-0.6395979627290408,-0.275349191935892,-1.051793286061933,-1.0723252952493203,0.5778641175861503,0.0,1.0,0.0,0.0,0.0,0.0,1.0
-0.4328753868957137,-0.4339349400951695,0.4973887211466313,-0.5540127315203346,0.14165646573579965,-1.8355128708144544,-0.6297535159497643,1.0,0.0,0.0,0.0,1.0,0.0,0.0
0.3758925386581335,-0.01908279750862427,-1.926134246465835,-1.6833333919414937,0.04341751510550387,0.6581581609739484,-0.9151904111491621,0.0,1.0,0.0,0.0,0.0,0.0,1.0
0.6454818471760826,0.9386077869730807,0.5629447101268502,0.5313084226506505,0.37650895708635046,0.3031871955948161,-0.20002983856165948,1.0,0.0,0.0,0.0,1.0,0.0,0.0
1.4542497727299297,0.4531425137335069,-0.5637988504706617,0.941970480985618,1.0994862343811829,1.7940652501871701,-1.1284839152542068,1.0,0.0,0.0,0.0,1.0,0.0,0.0
-0.16328607837776465,0.3891493640791992,-0.2595780891093336,0.12064636431568289,-1.4577964492137012,1.7940652501871701,1.2240179682573151,1.0,0.0,0.0,0.0,0.0,1.0,0.0
-1.51123262096751,1.1305872359360034,0.28535606928873514,0.20864537681603373,1.0994862343811829,-0.9924568280390156,-0.2972665830801356,1.0,0.0,1.0,0.0,0.0,0.0,0.0
-1.241643312449561,0.2545430837718629,-0.25548083979807074,-0.3193486981860674,0.8277941365442709,1.2704830762529506,-1.235130667306729,1.0,0.0,0.0,0.0,0.0,0.0,1.0
-0.4328753868957137,1.3997997965506759,1.5411629831910536,1.8366271080725112,0.15777379357358315,0.019210423291510258,0.9448544114139478,0.0,1.0,0.0,1.0,0.0,0.0,0.0
0.3758925386581335,-1.851714203988016,-1.926134246465835,-1.258004831523135,-1.5660127932673873,1.2882316245219068,-0.7175802529341945,1.0,0.0,0.0,0.0,1.0,0.0,0.0
0.3758925386581335,-0.24195549113224682,-1.2582826087298555,0.003314347648550597,-0.9896264501161988,0.8267693695290357,-1.3825541186734511,1.0,0.0,0.0,0.0,1.0,0.0,0.0
-1.241643312449561,-0.4251082987635406,-0.8188526200968268,-0.7886767648546005,-0.12236071408311985,-0.8149713453494495,0.9291710655238713,1.0,0.0,0.0,0.0,0.0,1.0,0.0
1.993428389765828,0.4950690600587427,-0.6836433928251245,0.2233118788994251,0.09867692483504512,-0.2913891714152299,1.506318194278698,1.0,0.0,0.0,1.0,0.0,0.0,0.0
1.993428389765828,1.448346323874633,1.5411629831910536,1.8366271080725112,1.0994862343811829,-1.8355128708144544,-0.011829687880737827,0.0,1.0,0.0,0.0,0.0,0.0,1.0
-0.9720540039316119,-0.7980338950248496,-0.6908135791198368,-0.12868417110197566,-1.99657569407673,-0.8504684418873627,-0.7677669597824401,0.0,1.0,0.0,0.0,0.0,1.0,0.0
1.993428389765828,-0.5972278047302986,1.3004495861543128,1.8366271080725112,-0.48001189372153985,-0.42450328343240473,-0.9622404488193926,0.0,1.0,0.0,0.0,0.0,1.0,0.0
-1.51123262096751,0.5855421337079361,-0.23089734393048775,0.12064636431568289,-0.17148018939826773,-0.18489788180149022,0.6751008621046267,0.0,1.0,0.0,0.0,0.0,0.0,1.0
-0.9720540039316119,-1.5836049735397966,-0.8751897981267021,-1.8446649148588028,-1.3465101379528204,0.06358179396390239,1.9140851874206948,1.0,0.0,0.0,0.0,0.0,0.0,1.0
0.3758925386581335,-0.5685412204025058,0.12351472149381992,0.3113108913997759,-0.26895164822676393,-1.027953924576929,0.5182674032038586,1.0,0.0,0.0,0.0,0.0,0.0,1.0
-0.9720540039316119,1.159273820263796,1.5411629831910536,1.4552980539043265,0.8047693824902956,-0.2913891714152299,-1.3198207351131441,0.0,1.0,1.0,0.0,0.0,0.0,0.0
-1.241643312449561,-0.12279583315526066,-0.9356242254678417,-1.1553393169393926,0.053394908528894024,0.5427925972257306,-0.9559671104633619,1.0,0.0,0.0,0.0,0.0,0.0,1.0
-0.16328607837776465,-1.733657876177483,-1.926134246465835,-1.6100008815245355,-2.0788891898196917,1.7940652501871701,0.5621807716960738,1.0,0.0,0.0,0.0,0.0,1.0,0.0
0.6454818471760826,-0.08748926782874616,1.0361770055778043,1.601963074738244,0.6689233335718402,-1.3829248899560604,0.6343241627904268,0.0,1.0,0.0,0.0,0.0,1.0,0.0
1.993428389765828,0.18392995311883392,-0.29440470825507525,0.03264735181533334,-0.39482030372183036,-1.1788165848630598,-1.0751605392279457,0.0,1.0,1.0,0.0,0.0,0.0,0.0
-0.16328607837776465,-0.8289271396855499,1.2553798437304111,-0.7740102627712091,-0.36181815624446595,0.08133034223285861,2.258334629707881,1.0,0.0,0.0,0.0,0.0,1.0,0.0
-0.4328753868957137,0.726768395013994,1.5411629831910536,-0.36334820443624155,1.0994862343811829,-0.2913891714152299,0.010126996365369801,1.0,0.0,0.0,0.0,0.0,0.0,1.0
-0.4328753868957137,-0.6678409353833276,0.4441244801002039,-0.8180097690213846,0.42562843240149834,0.1700730835776421,1.3181180435977764,1.0,0.0,0.0,1.0,0.0,0.0,0.0
1.1846604642119807,-1.5041652015551392,-1.1015628225740197,-0.29001569401928334,-1.960503579392168,0.2676900990569029,-0.7959969823845784,0.0,1.0,0.0,0.0,1.0,0.0,0.0
0.3758925386581335,-0.6744609163820492,-0.33025563972863187,0.9566369830690094,0.06413979375408266,-0.11390368872566377,-0.6234801775937333,0.0,1.0,0.0,0.0,0.0,1.0,0.0
0.10630323014018443,-0.5906078237315772,1.3680541997901634,0.4433094101503009,0.6098264648333033,1.0220034004875589,-0.33804328239433556,1.0,0.0,0.0,1.0,0.0,0.0,0.0
-0.4328753868957137,-1.7976510258317908,-0.5617502258150303,-0.9793412919386936,-0.030261697867217417,1.075249045294429,0.496310718957751,1.0,0.0,0.0,0.0,0.0,1.0,0.0
0.9150711556940316,1.8676117871269928,0.3867629897425121,-0.9793412919386936,0.3672990554647599,-0.24701780074283858,2.258334629707881,1.0,0.0,0.0,0.0,0.0,0.0,1.0
-1.51123262096751,0.014017107484983122,1.1549972356044522,-0.6860112502708595,0.018090285646130896,-0.08728086632222865,0.5559074333400427,1.0,0.0,0.0,0.0,0.0,0.0,1.0
-0.7024646954136627,0.9496410886376166,1.5411629831910536,1.8366271080725112,1.0994862343811829,0.9243863850082964,-0.1623898084254751,0.0,1.0,0.0,0.0,1.0,0.0,0.0
-1.51123262096751,-0.1691357001463107,0.11019866123221343,1.103302003902927,-0.5767158607482376,-0.9037140866942321,2.258334629707881,0.0,1.0,0.0,0.0,0.0,0.0,1.0
0.9150711556940316,1.8676117871269928,1.5411629831910536,1.235300522653452,1.0994862343811829,0.8711407402014277,-1.3072740584010822,1.0,0.0,0.0,1.0,0.0,0.0,0.0
0.3758925386581335,0.8238614496619088,0.7780502989681929,0.5606414268174345,0.9705476116789193,1.5367113002873003,-1.4099999739810856,1.0,0.0,0.0,0.0,0.0,1.0,0.0
0.9150711556940316,0.9077145423123804,1.005447635743327,0.8393049664018758,0.4003012029421254,-0.6552344109288404,-1.3668707727833744,1.0,0.0,0.0,0.0,0.0,1.0,0.0
0.10630323014018443,-0.4913081087507554,-1.27467160597491,0.36997689973334275,-0.8944574666931002,0.587163967898122,-0.8493203584108395,1.0,0.0,1.0,0.0,0.0,0.0,0.0
-0.7024646954136627,-0.714180802374378,-0.40503043965919444,-1.1113398106892185,-1.2735984167818974,1.7940652501871701,0.19832714704629173,0.0,1.0,0.0,0.0,0.0,0.0,1.0
0.3758925386581335,-1.2349526409404663,1.5411629831910536,-1.3900033502736597,-0.5406437460636759,0.39192993693959954,0.3143839066328599,1.0,0.0,0.0,0.0,0.0,0.0,1.0
-0.7024646954136627,-0.4780681467533124,-0.1776331028840603,0.9273039789022266,1.0994862343811829,0.7469009023187311,0.9072143812777637,1.0,0.0,0.0,0.0,0.0,0.0,1.0
-1.51123262096751,1.0930740102765812,-0.7860746256067166,1.3526325393205856,-0.5383412706582783,-1.8355128708144544,-1.4099999739810856,0.0,1.0,0.0,0.0,0.0,1.0,0.0
-0.9720540039316119,-0.33022190444853305,-0.9724994692692147,0.648640439317784,-1.9466887269597826,0.4185527593430339,0.6876475388166879,1.0,0.0,0.0,0.0,0.0,0.0,1.0
0.3758925386581335,-0.08748926782874616,1.5411629831910536,-0.46601371901998373,-1.1768944497551999,-0.3890061868944915,-0.67994022279801,1.0,0.0,0.0,0.0,0.0,0.0,1.0
1.4542497727299297,0.029463729815333264,0.1900950228018553,-1.785998906525236,1.084136398345199,-0.22039497833940347,1.7854817511220649,1.0,0.0,0.0,0.0,1.0,0.0,0.0
0.3758925386581335,1.8676117871269928,1.5411629831910536,1.2646335268202347,0.7356951203283696,-0.5664916695840568,1.5502315627709127,1.0,0.0,0.0,0.0,0.0,0.0,1.0
0.10630323014018443,1.8676117871269928,1.5411629831910536,1.8366271080725112,1.0994862343811829,0.276564373191381,0.22969383882644526,0.0,1.0,0.0,0.0,0.0,0.0,1.0
-0.16328607837776465,0.5347889460510714,0.07639635441428824,0.10597986223229151,-0.7048869916487016,1.6077054933631267,0.8915310353876866,1.0,0.0,0.0,0.0,0.0,1.0,0.0
1.993428389765828,-0.05659602316804588,0.979839827547929,0.3993099039001255,1.0994862343811829,1.7940652501871701,1.289888020995638,1.0,0.0,1.0,0.0,0.0,0.0,0.0
0.3758925386581335,-0.8002405553577567,-1.8165328273895323,0.20864537681603373,-0.549086155883467,0.5339183230912518,1.9548618867348948,0.0,1.0,0.0,0.0,0.0,0.0,1.0
-0.7024646954136627,-0.630327709723906,-0.096712428986602,-0.36334820443624155,0.22377808852831302,-0.7794742488115363,0.49003738060172036,1.0,0.0,0.0,1.0,0.0,0.0,0.0
0.10630323014018443,-1.0959330399673155,-1.2777445429583578,-0.5540127315203346,-0.6649774179551432,-0.9924568280390156,-1.3323674118252053,0.0,1.0,0.0,0.0,1.0,0.0,0.0
0.3758925386581335,-1.3519056385845454,-1.632156608382667,0.7073064476513509,-0.6803272539911271,-0.9658340056355805,-1.4099999739810856,0.0,1.0,0.0,0.0,0.0,1.0,0.0
-0.7024646954136627,-0.6479809923871632,-0.4162978752651695,-1.3166708398567015,-1.90217420245543,-0.0429094956498373,-0.4321433577347964,1.0,0.0,0.0,0.0,0.0,1.0,0.0
1.1846604642119807,-0.01908279750862427,0.5608960854712188,0.01798084973194197,0.4593980716806623,1.3503515434632551,2.258334629707881,1.0,0.0,1.0,0.0,0.0,0.0,0.0
-0.4328753868957137,-0.9105735720031146,1.287133525892705,1.4259650497375438,1.0994862343811829,0.7823979988566443,1.3745780888020527,0.0,1.0,0.0,0.0,0.0,0.0,1.0
1.4542497727299297,-1.0782797573040583,-0.7164213873152347,0.003314347648550597,0.15777379357358315,1.1462432383702539,-0.18120982349356743,1.0,0.0,0.0,0.0,0.0,0.0,1.0
-0.9720540039316119,0.640708642030615,-0.43575980949367177,0.003314347648550597,1.0994862343811829,-1.2853078744767996,0.10109040252781533,1.0,0.0,0.0,0.0,1.0,0.0,0.0
0.6454818471760826,0.5325822857181643,0.77395304965693,-0.3193486981860674,1.0994862343811829,-1.4184219864939736,0.8131143059373025,0.0,1.0,0.0,1.0,0.0,0.0,0.0
1.1846604642119807,0.18392995311883392,1.287133525892705,0.35531039764995004,0.3634615964557642,0.9243863850082964,1.170694592231054,1.0,0.0,1.0,0.0,0.0,0.0,0.0
0.10630323014018443,0.7731082620050441,0.5527015868486902,-0.15801717526875841,-0.6081830246220039,-1.8355128708144544,-0.6266168467717489,0.0,1.0,1.0,0.0,0.0,0.0,0.0
0.10630323014018443,-0.9966333249864936,0.36832536784182485,-0.45134721693659235,-0.8253832045311732,-0.7351028781391449,0.8821210278536407,1.0,0.0,0.0,0.0,0.0,0.0,1.0
-0.4328753868957137,1.6668056968324418,0.580358019699721,0.2819778872329919,0.156238809969984,-0.300263445549708,-0.1623898084254751,1.0,0.0,0.0,0.0,0.0,0.0,1.0
-1.51123262096751,0.9474344283047091,1.5411629831910536,0.8979709747354425,1.0994862343811829,-0.318011993818665,1.6756983298915273,0.0,1.0,0.0,0.0,0.0,1.0,0.0
0.9150711556940316,-0.6766675767149564,-1.313595474431916,-0.7446772586044264,-0.9328320567830595,0.40080421107407765,-1.3856907878514666,1.0,0.0,0.0,0.0,0.0,0.0,1.0
0.3758925386581335,0.26778304576930595,1.5411629831910536,-0.568679233603726,-0.13157061570471043,-0.30913771968418613,-0.2564898837659359,0.0,1.0,0.0,0.0,0.0,0.0,1.0
1.4542497727299297,0.022843748816611553,0.9439888960743723,-1.1260063127726099,0.2498728097894856,1.7940652501871701,-1.4099999739810856,1.0,0.0,0.0,0.0,1.0,0.0,0.0
-0.7024646954136627,-0.4802748070862195,0.04925207772716631,1.2646335268202347,-2.0788891898196917,-1.1965651331320162,-0.5105600871851804,0.0,1.0,1.0,0.0,0.0,0.0,0.0
-1.241643312449561,-1.1378595862925516,1.107878868524919,-0.7593437606878177,1.077228972129006,0.8001465471256013,0.36143394430309045,1.0,0.0,0.0,0.0,0.0,0.0,1.0
-0.7024646954136627,1.8676117871269928,0.2034110830634618,1.5432970664046772,0.2882473998794448,-0.3712576386255345,0.08540705663773858,0.0,1.0,0.0,0.0,0.0,0.0,1.0
0.10630323014018443,-0.5266146740772699,-1.926134246465835,1.1326350080697098,-0.26357920561417014,1.3503515434632551,-0.3474532899283814,1.0,0.0,1.0,0.0,0.0,0.0,0.0
-0.16328607837776465,-0.31256862178527584,-1.3176927237431788,-0.8033432669379932,0.15777379357358315,0.276564373191381,-0.6172068392377027,1.0,0.0,1.0,0.0,0.0,0.0,0.0
-0.9720540039316119,-0.5839878427328559,0.9112109015842622,0.47264241431708365,-0.9704391550712191,-0.08728086632222865,-0.36627330499647376,1.0,0.0,0.0,1.0,0.0,0.0,0.0
-0.16328607837776465,-0.23312884980061838,-0.2964533329107067,0.41397640598351687,0.401068694743925,-0.7262286040046668,-0.25021654540990534,1.0,0.0,0.0,0.0,0.0,1.0,0.0
-0.16328607837776465,1.0511474639513458,0.9081379646008143,0.003314347648550597,1.0994862343811829,0.40967848520855576,-0.5450634481433493,0.0,1.0,0.0,0.0,0.0,1.0,0.0
0.3758925386581335,0.9518477489705233,1.122219241114342,1.7779610997389446,1.0994862343811829,-0.60198876612197,-0.9779237947094694,0.0,1.0,0.0,0.0,0.0,0.0,1.0
-0.7024646954136627,-1.2658458856011665,-1.273647293647095,-0.20201668151893384,-2.0788891898196917,-0.3535090903565783,0.6437341703244732,0.0,1.0,0.0,0.0,0.0,1.0,0.0
1.1846604642119807,-0.7781739520286852,1.1027573068858396,-0.011352154434842079,-0.28890643507354313,0.40967848520855576,-0.33804328239433556,1.0,0.0,0.0,0.0,0.0,0.0,1.0
0.9150711556940316,0.5193423237207213,-1.5717221810415274,-0.9353417856885181,1.0994862343811829,-0.8593427160218409,1.1456012388069312,1.0,0.0,0.0,0.0,0.0,0.0,1.0
0.3758925386581335,-1.0054599663181223,-1.8196057643729802,-0.5980122377705087,-1.7356284814650067,-0.6641086850633184,-1.4099999739810856,1.0,0.0,0.0,0.0,0.0,1.0,0.0
0.10630323014018443,-0.9238135340005574,-0.9724994692692147,0.9273039789022266,-0.08091615678596337,-1.054576746980364,1.2553846600374687,0.0,1.0,0.0,0.0,0.0,0.0,1.0
-1.51123262096751,-0.14486243648433214,-0.7297374475768412,0.01798084973194197,0.22224310492471386,0.3298100179982512,0.7346975764869185,1.0,0.0,0.0,0.0,1.0,0.0,0.0
0.10630323014018443,0.653948604028058,0.7063484360210782,-1.8446649148588028,0.5914066615901221,1.6609511381699953,-1.2633606899088676,1.0,0.0,1.0,0.0,0.0,0.0,0.0
0.6454818471760826,-1.0650397953066155,0.9204297125346058,-0.3193486981860674,-0.11315081246152928,1.0042548522186026,2.258334629707881,0.0,1.0,1.0,0.0,0.0,0.0,0.0
0.10630323014018443,-1.5019585412222318,-0.47365936562286126,-1.3166708398567015,-0.8652927782247305,-1.3474277934181471,-0.8650037043009164,1.0,0.0,0.0,0.0,0.0,0.0,1.0
0.9150711556940316,0.2148231977795342,-1.4027106469519,0.003314347648550597,0.5591720059145562,-0.10502941459118566,1.1832412689431153,1.0,0.0,0.0,0.0,0.0,0.0,1.0
-1.241643312449561,0.11773014313161913,1.3813702600517699,1.2939665309870187,0.06951223636667643,1.7940652501871701,-1.310410727579098,1.0,0.0,1.0,0.0,0.0,0.0,0.0
-1.51123262096751,0.3538427987526847,1.0976357452467604,1.8366271080725112,0.8937984314990008,-0.6641086850633184,-0.9716504563534387,0.0,1.0,0.0,0.0,1.0,0.0,0.0
0.10630323014018443,1.3622865708912546,1.1119761178361833,-0.436680714853201,1.0994862343811829,0.21444445425003342,-0.7113069145781635,1.0,0.0,0.0,0.0,0.0,0.0,1.0
0.6454818471760826,0.44872919306769227,0.6930323757594716,0.2819778872329919,-0.23211204174040276,0.1700730835776421,-0.01810302623676842,0.0,1.0,0.0,0.0,1.0,0.0,0.0
1.7238390812478788,0.8393080719922589,1.5411629831910536,-0.02601865651823345,-0.5137815330007038,1.2083631573116023,-0.4352800269128117,1.0,0.0,0.0,0.0,0.0,1.0,0.0
-1.241643312449561,0.48403575839420676,-0.009645881122249383,-0.275349191935892,1.0994862343811829,0.11682743877077184,-0.4729200570489961,0.0,1.0,0.0,0.0,0.0,0.0,1.0
-0.4328753868957137,0.8503413736567944,0.06410460648049673,-1.2286718273563522,1.0994862343811829,-0.60198876612197,0.7503809223769955,1.0,0.0,0.0,0.0,0.0,0.0,1.0
-0.16328607837776465,-0.12500249348816778,0.4687079759677854,-0.6860112502708595,-0.3403283857940887,1.3503515434632551,-1.0061538173116076,0.0,1.0,1.0,0.0,0.0,0.0,0.0
-0.9720540039316119,-1.6255315198650326,-1.926134246465835,-0.040685158601624825,-2.0788891898196917,-1.3030564227457557,-0.9841971330655002,0.0,1.0,0.0,0.0,0.0,0.0,1.0
0.6454818471760826,-0.9944266646535864,0.6940566880872882,-0.26068268985250065,-0.7371216473242675,-1.0723252952493203,2.258334629707881,1.0,0.0,1.0,0.0,0.0,0.0,0.0
0.3758925386581335,-0.8642337050120644,-1.8073140164391888,0.25264488306620914,-1.5621753342583915,-1.4894161795698,-1.4099999739810856,1.0,0.0,0.0,0.0,0.0,0.0,1.0
1.1846604642119807,0.06035697447603316,-0.4972185491626278,-0.436680714853201,-0.17148018939826773,-1.1078223917872334,-0.08083640979707572,1.0,0.0,0.0,0.0,0.0,0.0,1.0
-0.4328753868957137,-0.10514255049200341,-1.926134246465835,0.2673113851496005,-0.4500797134513716,-0.5043717506427093,-1.4099999739810856,1.0,0.0,0.0,0.0,0.0,0.0,1.0
-1.241643312449561,0.4884490790600214,0.6551328196302821,0.047313853898724716,0.2698275966362637,-0.05178376978431541,-0.6862135611540406,0.0,1.0,1.0,0.0,0.0,0.0,0.0
1.993428389765828,0.8062081669986515,0.6592300689415465,0.6779734434845681,1.0994862343811829,0.7469009023187311,-0.19061983102761332,0.0,1.0,0.0,0.0,0.0,1.0,0.0
0.6454818471760826,0.2126165374466271,-1.453926263342696,-0.08468466485180025,0.01655530204253283,0.5250440489567736,-0.8399103508767934,0.0,1.0,0.0,0.0,0.0,1.0,0.0
-1.51123262096751,0.15524336879104073,-0.6641814585966224,-0.6566782461040755,0.15777379357358315,0.0014618750225540366,-0.15297980089142893,1.0,0.0,0.0,1.0,0.0,0.0,0.0
-1.241643312449561,-0.22430220846898957,-0.3906900670697715,-0.3193486981860674,-0.6711173523695365,-1.2764336003423216,0.13873043266399973,0.0,1.0,0.0,0.0,0.0,0.0,1.0
-1.51123262096751,-0.559714579070877,-1.2326748005344577,1.2059675184866678,0.15777379357358315,-0.5132460247771874,2.258334629707881,1.0,0.0,0.0,1.0,0.0,0.0,0.0
1.7238390812478788,1.415246418881026,0.6325979484183321,-0.36334820443624155,1.0994862343811829,0.6315353385705132,-1.1441672611442837,1.0,0.0,1.0,0.0,0.0,0.0,0.0
-0.9720540039316119,-0.01908279750862427,1.5411629831910536,1.8366271080725112,0.41411605537451013,-1.205439407266495,1.258521329215484,1.0,0.0,0.0,0.0,0.0,0.0,1.0
0.9150711556940316,-0.43834826076098365,-1.1681431238820552,-1.5220018690241848,-0.9765790894856126,-1.4361705347629306,0.3143839066328599,1.0,0.0,0.0,0.0,0.0,0.0,1.0
-0.7024646954136627,1.5388193975238265,0.04925207772716631,0.47264241431708365,1.0994862343811829,-0.08728086632222865,-0.3066765906141818,1.0,0.0,1.0,0.0,0.0,0.0,0.0
0.6454818471760826,1.6535657348349984,-1.8790158793863034,-0.275349191935892,1.0994862343811829,-1.2498107779388863,-0.5638834632114416,1.0,0.0,0.0,0.0,1.0,0.0,0.0
-0.7024646954136627,1.4637929462049832,1.5411629831910536,1.8366271080725112,1.0994862343811829,0.8356436436635145,2.258334629707881,1.0,0.0,0.0,0.0,0.0,1.0,0.0
-0.16328607837776465,-0.01908279750862427,1.5411629831910536,1.1179685059863185,1.0994862343811829,1.474591381345952,0.5935474634762273,0.0,1.0,0.0,0.0,0.0,0.0,1.0
-1.51123262096751,-1.4644453155628103,0.20545970771909322,-0.7006777523542509,-1.667321711104879,-0.32688626795314313,-0.6046601625256413,0.0,1.0,0.0,0.0,0.0,1.0,0.0
1.4542497727299297,-1.851714203988016,-0.060861497513045384,-0.5100132252701591,-0.7187018440810864,-0.9747082797700586,-0.5607467940334263,0.0,1.0,0.0,1.0,0.0,0.0,0.0
-1.51123262096751,1.0820407086120454,0.32223131309010816,1.8366271080725112,-0.07861368138056574,-1.8355128708144544,0.822524313471349,1.0,0.0,0.0,1.0,0.0,0.0,0.0
-0.9720540039316119,-0.40083503510156204,0.5229965293420293,-0.3780147065196342,-2.0788891898196917,-0.149400785263577,-0.27530989883402823,0.0,1.0,0.0,0.0,0.0,1.0,0.0
1.7238390812478788,1.6425324331704632,1.5411629831910536,0.487308916400475,1.0994862343811829,0.5161697748222955,0.4178939895073669,0.0,1.0,0.0,0.0,1.0,0.0,0.0
1.7238390812478788,1.7374188274854707,1.5411629831910536,1.8366271080725112,1.0994862343811829,0.5161697748222955,-0.8305003433427474,1.0,0.0,0.0,0.0,1.0,0.0,0.0
1.993428389765828,-0.01908279750862427,-0.04344818794017457,1.2206340205700592,0.15777379357358315,-0.46887465410479606,0.7441075840209649,1.0,0.0,0.0,1.0,0.0,0.0,0.0
1.993428389765828,-1.2967391302618667,-0.07520187010246832,-1.2433383294397435,-0.6150904508381968,0.294312921460338,-0.9026437344371007,1.0,0.0,0.0,0.0,0.0,1.0,0.0
0.10630323014018443,1.8676117871269928,1.5411629831910536,1.8366271080725112,1.0994862343811829,1.048626222890993,0.23283050800446053,1.0,0.0,0.0,0.0,0.0,0.0,1.0
1.7238390812478788,0.07580359680638331,-1.0226907733321944,0.14997936848246693,-0.20064487786663643,-1.773392951873106,-0.4195966810227349,0.0,1.0,0.0,0.0,0.0,1.0,0.0
1.993428389765828,1.225473630251011,1.5411629831910536,1.235300522653452,1.0994862343811829,1.785190976052692,1.299298028529684,0.0,1.0,0.0,0.0,0.0,1.0,0.0
-0.16328607837776465,0.898887900980752,0.9480861453856352,-0.26068268985250065,-0.08475361579496017,-1.027953924576929,0.2641971997846143,1.0,0.0,0.0,0.0,0.0,0.0,1.0
-0.9720540039316119,-0.01908279750862427,-1.2582826087298555,-0.7593437606878177,-1.886824366419446,1.1462432383702539,-0.07456307144104486,1.0,0.0,0.0,1.0,0.0,0.0,0.0
-0.16328607837776465,1.1305872359360034,0.26589413506023285,-0.7446772586044264,1.0994862343811829,0.888889288470384,0.8915310353876866,1.0,0.0,0.0,0.0,0.0,0.0,1.0
-1.51123262096751,-0.054389362835138774,1.2564041560582278,1.8366271080725112,-0.5007341723701175,0.24106727665346775,-1.0312471707357305,0.0,1.0,0.0,0.0,0.0,0.0,1.0
0.6454818471760826,-1.851714203988016,0.5455314005539794,0.47264241431708365,-1.7471408584919947,0.15232453530868506,-1.4099999739810856,1.0,0.0,0.0,0.0,0.0,0.0,1.0
-0.4328753868957137,-0.14927575715014635,0.6623030059249944,1.0006364893191848,-0.6642099261533447,1.0042548522186026,-0.6046601625256413,1.0,0.0,1.0,0.0,0.0,0.0,0.0
-0.7024646954136627,0.19275659445046273,-0.1510009823608459,0.3846434018167341,-0.6381152048921721,-1.2586850520733646,0.12304708677392295,1.0,0.0,0.0,1.0,0.0,0.0,0.0
1.993428389765828,-1.851714203988016,-1.926134246465835,-1.8446649148588028,-2.0788891898196917,0.7202780799152959,-0.9371470953952697,1.0,0.0,0.0,0.0,0.0,1.0,0.0
-0.16328607837776465,1.4417263428759122,0.6889351264482088,1.0886355018195344,1.0994862343811829,1.3592258175977334,-0.24080653787585915,0.0,1.0,0.0,0.0,0.0,1.0,0.0
-0.7024646954136627,0.10228352080126937,-1.926134246465835,0.3113108913997759,-0.6074155328202043,1.474591381345952,-0.38195665088655056,0.0,1.0,1.0,0.0,0.0,0.0,0.0
-0.4328753868957137,0.4509358534005998,1.234893597174094,0.487308916400475,0.5860342189775283,-1.0723252952493203,-0.7364002680022865,1.0,0.0,0.0,0.0,1.0,0.0,0.0
1.993428389765828,-0.01908279750862427,1.156021547932267,-0.1726836773521498,-0.1407805173262999,-0.167149333532534,-0.5293801022532725,1.0,0.0,0.0,0.0,0.0,0.0,1.0
-0.9720540039316119,-0.4140749970990047,1.5411629831910536,0.7219729497347422,1.0994862343811829,-1.8355128708144544,-0.1623898084254751,1.0,0.0,0.0,0.0,0.0,0.0,1.0
0.6454818471760826,-1.851714203988016,-1.926134246465835,-1.2726713336065263,-1.488496121285669,-0.8504684418873627,-1.4099999739810856,1.0,0.0,0.0,0.0,0.0,0.0,1.0
0.6454818471760826,1.3291866658976468,1.031055443938725,1.660629083071811,0.15777379357358315,0.40967848520855576,0.245377184716522,1.0,0.0,0.0,0.0,0.0,0.0,1.0
-0.16328607837776465,1.1901670649244964,0.3191583761066603,1.0886355018195344,0.7019254810492046,-1.2498107779388863,-1.137893922788253,1.0,0.0,0.0,1.0,0.0,0.0,0.0
-1.51123262096751,0.5038957013903711,0.338620310335164,1.0886355018195344,0.018857777447930473,-1.2941821486112777,-1.0375205090917612,1.0,0.0,0.0,0.0,0.0,1.0,0.0
1.1846604642119807,-0.6192944080593704,-0.6826190804973081,-1.8446649148588028,-0.13157061570471043,-0.08728086632222865,-0.9622404488193926,1.0,0.0,0.0,0.0,0.0,1.0,0.0
-1.51123262096751,-0.9414668166638147,0.11019866123221343,0.003314347648550597,-2.0602775136260623,0.569415419629165,-0.49174007211708815,0.0,1.0,0.0,0.0,0.0,0.0,1.0
-0.16328607837776465,-0.630327709723906,1.5247739859459992,0.5313084226506505,-0.19603992705584114,-0.7084800557357098,-0.32863327486028937,1.0,0.0,0.0,1.0,0.0,0.0,0.0
-0.7024646954136627,1.8234785804688498,1.4325858764425659,1.8366271080725112,1.0994862343811829,0.2854386473258599,1.2961613593516688,1.0,0.0,0.0,0.0,0.0,0.0,1.0
1.7238390812478788,0.007397126486261409,0.9296485234849494,-0.994007794022085,1.0994862343811829,-0.33576054208762124,-0.3254966056822741,1.0,0.0,0.0,0.0,0.0,1.0,0.0
0.9150711556940316,-0.08528260749583906,0.020059176384412937,-0.040685158601624825,-0.2858364678663459,-0.13165223699462078,-0.8681403734789317,0.0,1.0,0.0,1.0,0.0,0.0,0.0
0.6454818471760826,0.20599655644790538,1.162167421899163,0.34064389556655866,1.0994862343811829,1.7940652501871701,-0.3474532899283814,1.0,0.0,0.0,0.0,0.0,0.0,1.0
0.10630323014018443,0.5524422287143287,-0.3497175739571341,0.12064636431568289,0.6359211860944747,-1.8355128708144544,-0.6172068392377027,0.0,1.0,0.0,0.0,0.0,0.0,1.0
0.6454818471760826,-1.6498047835270113,-1.838043386273666,0.003314347648550597,-0.7985209914682021,1.7940652501871701,0.7786109449791337,0.0,1.0,0.0,0.0,0.0,0.0,1.0
-1.51123262096751,1.8676117871269928,1.5411629831910536,0.8246384643184844,1.0994862343811829,0.36530711453616443,0.452397350465536,1.0,0.0,0.0,0.0,0.0,0.0,1.0
0.6454818471760826,-0.01908279750862427,1.5411629831910536,-1.0086742961054762,0.9344754969943577,0.38305566280512066,0.6374608319684426,0.0,1.0,0.0,0.0,1.0,0.0,0.0
1.7238390812478788,0.8702013166529592,-0.5607259134872139,0.7953054601517003,1.0994862343811829,-0.5576173954495788,0.16068711691010734,0.0,1.0,0.0,0.0,1.0,0.0,0.0
0.6454818471760826,-0.08307594716293155,-0.28621020963254806,-0.9646747898553009,0.04648748231270109,-0.8682169901563197,-0.17179981595952126,1.0,0.0,0.0,0.0,0.0,0.0,1.0
-0.7024646954136627,-0.07204264549839602,0.825168666047726,-0.9206752836051267,-0.7540064669638495,1.6432025899010392,-1.3825541186734511,1.0,0.0,1.0,0.0,0.0,0.0,0.0
-0.16328607837776465,0.43769589140315673,-0.10285830295349775,0.9126374768188339,-0.0018645012006472193,1.474591381345952,2.234025443578262,0.0,1.0,0.0,0.0,1.0,0.0,0.0
1.993428389765828,1.1085206326069315,-0.048569749579253876,1.601963074738244,0.15777379357358315,0.019210423291510258,-0.05260638719493751,1.0,0.0,1.0,0.0,0.0,0.0,0.0
-1.241643312449561,1.8676117871269928,1.5411629831910536,0.3993099039001255,1.0994862343811829,-0.45112610583583906,0.20146381622430704,1.0,0.0,0.0,0.0,0.0,1.0,0.0
0.9150711556940316,-0.5839878427328559,-1.926134246465835,-0.7446772586044264,-1.0625381712871216,-1.773392951873106,-0.9716504563534387,1.0,0.0,0.0,1.0,0.0,0.0,0.0
0.3758925386581335,0.6870485090216649,-0.9581590966797918,-0.14335067318536704,0.0219277446551266,0.995380578084123,0.9354444038799019,0.0,1.0,1.0,0.0,0.0,0.0,0.0
0.10630323014018443,-0.8664403653449715,-1.926134246465835,-0.7300107565210336,-1.4723787934478867,0.8090208212600795,0.7880209525131796,0.0,1.0,0.0,0.0,0.0,1.0,0.0
-0.9720540039316119,-0.27064207546004,-1.2173101156172197,-1.199338823189568,-0.9942314009269941,-1.8355128708144544,0.07286037992567711,0.0,1.0,1.0,0.0,0.0,0.0,0.0
-0.16328607837776465,-0.3346352251143473,-1.5840139289753188,-0.275349191935892,-0.7578439259728452,0.019210423291510258,-1.2476773440187905,0.0,1.0,0.0,0.0,1.0,0.0,0.0
1.1846604642119807,0.48403575839420676,-0.16636566727808524,0.047313853898724716,-0.8614553192157347,-1.205439407266495,1.2020612840112075,0.0,1.0,1.0,0.0,0.0,0.0,0.0
-1.241643312449561,-0.01908279750862427,-1.926134246465835,-0.11401766901858298,-0.7777987128196233,-1.8355128708144544,-0.0933830865091372,1.0,0.0,0.0,0.0,0.0,1.0,0.0
0.10630323014018443,0.4597624947322282,-0.8700682364876228,0.003314347648550597,0.5261698584371918,-0.30913771968418613,0.6343241627904268,0.0,1.0,1.0,0.0,0.0,0.0,0.0
1.993428389765828,0.8326880909935371,-0.06598305915212468,0.5019754184838677,0.16084376078077928,-0.7351028781391449,0.4555340196435513,1.0,0.0,0.0,0.0,0.0,0.0,1.0
1.4542497727299297,1.6557723951679058,0.5895768306500633,0.35531039764995004,1.0994862343811829,1.5367113002873003,-1.4099999739810856,1.0,0.0,0.0,0.0,1.0,0.0,0.0
-1.51123262096751,0.2920563094312845,1.5411629831910536,0.6633069414011754,0.9252655953727683,-1.3651763416871041,-0.9214637495051928,1.0,0.0,0.0,0.0,0.0,0.0,1.0
0.6454818471760826,-0.0301160991731602,1.3721514491014262,-0.8033432669379932,-0.857617860206739,-0.06953231805327242,-0.5921134858135798,1.0,0.0,0.0,0.0,1.0,0.0,0.0
0.9150711556940316,0.6473286230293362,-1.657764416578065,0.3259773934831673,-1.1930117775929834,1.2793573503874287,-0.011829687880737827,1.0,0.0,0.0,0.0,1.0,0.0,0.0
-0.4328753868957137,-0.15148241748305344,0.9880343261704562,1.8366271080725112,0.3105046621316206,-0.76172570054258,0.038357018967508025,1.0,0.0,0.0,0.0,1.0,0.0,0.0
-0.7024646954136627,-1.343078997252917,0.7401507428390048,-0.7300107565210336,-1.997343185878529,-0.3978804610289696,-0.7395369371803018,1.0,0.0,0.0,0.0,1.0,0.0,0.0
-1.51123262096751,1.2762268179078755,0.7145429346436069,0.7659724559849176,0.6052215140225079,0.48954695241886037,-1.2633606899088676,1.0,0.0,0.0,0.0,0.0,1.0,0.0
-0.9720540039316119,-0.6854942180465847,-1.0206421486765629,0.7219729497347422,-0.1530603861550866,1.7940652501871701,-1.3951007953855128,0.0,1.0,0.0,0.0,0.0,1.0,0.0
-0.9720540039316119,1.6050192075110412,0.2720400090271286,-0.5100132252701591,1.0994862343811829,0.7025295316463398,-0.0588797255509681,1.0,0.0,0.0,1.0,0.0,0.0,0.0
-0.16328607837776465,1.8676117871269928,1.5411629831910536,-0.6126787398539014,-0.9197846961524733,-1.8355128708144544,-0.5011500796511343,0.0,1.0,0.0,0.0,1.0,0.0,0.0
0.10630323014018443,0.2170298581124413,0.7555154277562427,0.941970480985618,0.6351536942926762,-1.1699423107285818,-1.3668707727833744,1.0,0.0,0.0,0.0,0.0,0.0,1.0
-0.16328607837776465,1.8676117871269928,1.4499991860154366,1.8366271080725112,1.0994862343811829,-0.8149713453494495,-0.6328901851277795,1.0,0.0,0.0,0.0,0.0,1.0,0.0
0.10630323014018443,-0.5663345600695986,-1.0861981376567817,-0.5980122377705087,-0.23825197615479718,-0.2825148972807518,-0.033786372126845175,0.0,1.0,0.0,0.0,1.0,0.0,0.0
-0.7024646954136627,-0.25740211346259695,1.5411629831910536,0.003314347648550597,-0.4562196478657649,0.7291523540497749,-0.8806870501909931,0.0,1.0,0.0,0.0,0.0,1.0,0.0
0.6454818471760826,1.8676117871269928,0.7800989236238243,0.3259773934831673,-0.7931485488556073,-0.610863040256449,-0.8367736816987781,1.0,0.0,0.0,1.0,0.0,0.0,0.0
-0.7024646954136627,1.3953864758848618,0.04925207772716631,0.1646458705658583,1.0994862343811829,0.7025295316463398,-1.3919641262074973,1.0,0.0,0.0,0.0,0.0,0.0,1.0
0.9150711556940316,0.6826351883558507,0.35603361990803484,0.01798084973194197,1.0994862343811829,1.1728660607736898,-0.783450305672517,0.0,1.0,0.0,0.0,0.0,1.0,0.0
0.10630323014018443,0.6826351883558507,1.5411629831910536,1.2939665309870187,1.0994862343811829,-0.6818572333322747,1.559641570304959,1.0,0.0,0.0,0.0,0.0,1.0,0.0
-0.16328607837776465,0.26557638543639844,0.2966235048947102,1.1326350080697098,1.0994862343811829,0.7912722729911225,1.6192382846872508,1.0,0.0,0.0,0.0,0.0,0.0,1.0
-1.51123262096751,0.30088295076291294,0.2525780747986264,-0.20201668151893384,1.0994862343811829,1.7940652501871701,-0.2690365604779974,1.0,0.0,0.0,0.0,1.0,0.0,0.0
0.10630323014018443,-0.1404491158185179,-0.402981815003563,-0.6713447481874681,0.8270266447424724,-0.8593427160218409,-0.6736668844419792,1.0,0.0,0.0,0.0,0.0,1.0,0.0
0.6454818471760826,-0.2772620564587613,-0.43371118483804033,0.14997936848246693,-0.3004188121005303,1.0042548522186026,-0.5513367864993801,0.0,1.0,0.0,0.0,0.0,0.0,1.0
-0.4328753868957137,0.7047017916849222,0.8200471044086453,0.41397640598351687,0.4478856946536752,1.7940652501871701,-1.304137389223067,1.0,0.0,0.0,0.0,0.0,0.0,1.0
-1.51123262096751,-1.5107851825538605,-0.34357169999023984,0.19397887473264236,0.4578630880770643,-1.4006734382250174,0.3018372299207984,1.0,0.0,0.0,0.0,0.0,0.0,1.0
-1.241643312449561,-0.8730603463436928,-0.6938865161032832,-0.3193486981860674,1.0994862343811829,0.45404985588094715,-0.1623898084254751,1.0,0.0,0.0,0.0,1.0,0.0,0.0
1.4542497727299297,-0.11617585215653894,0.04925207772716631,-0.26068268985250065,0.596779104202717,-0.8859655384252759,1.888991833996572,1.0,0.0,0.0,0.0,0.0,0.0,1.0
0.10630323014018443,-0.1007292298261888,-0.35074188628495057,1.0446359955693603,1.0994862343811829,1.7940652501871701,2.1775653983739853,0.0,1.0,0.0,0.0,0.0,0.0,1.0
1.7238390812478788,-0.7759672916957782,-1.1261463184416027,0.06198035598211609,-0.8844800732697101,0.019210423291510258,-1.0218371632016845,0.0,1.0,0.0,0.0,0.0,1.0,0.0
-1.51123262096751,0.24130312177441987,0.237213389881387,0.5313084226506505,0.42255846519430224,-1.054576746980364,1.4874981792106057,1.0,0.0,0.0,0.0,1.0,0.0,0.0
-0.7024646954136627,-0.213268906804454,0.569090584093746,0.6779734434845681,-0.8461054831797509,1.7940652501871701,-0.7018969070441174,0.0,1.0,0.0,0.0,0.0,1.0,0.0
-0.7024646954136627,-0.398628374768655,-1.926134246465835,0.07664685806550876,-0.43012492660459345,-1.8355128708144544,-0.8148169974526706,1.0,0.0,0.0,0.0,1.0,0.0,0.0
0.6454818471760826,-1.1709594912861587,0.04925207772716631,-1.5073353669407934,-0.9343670403866575,-0.300263445549708,-0.645436861839841,1.0,0.0,0.0,0.0,0.0,1.0,0.0
0.3758925386581335,0.7245617346810865,1.0771494986904417,1.3966320455707597,1.0994862343811829,-1.036828198711407,-0.6266168467717489,0.0,1.0,0.0,0.0,1.0,0.0,0.0
-0.16328607837776465,1.8676117871269928,1.5411629831910536,-0.7446772586044264,1.0994862343811829,-0.2647663490117948,-0.9528304412853466,1.0,0.0,0.0,0.0,0.0,1.0,0.0
-0.9720540039316119,1.5961925661794127,1.5298955475850784,1.0299694934859676,1.0994862343811829,-1.8355128708144544,-0.585840147457549,1.0,0.0,0.0,0.0,0.0,0.0,1.0
-1.51123262096751,-0.4692415054216836,0.1696087762455366,0.42864290806690825,0.6497360385268606,1.7940652501871701,1.8576251422164183,1.0,0.0,0.0,0.0,0.0,0.0,1.0
-0.16328607837776465,1.084247368944953,1.5411629831910536,0.8979709747354425,1.0357844148318507,-0.5576173954495788,-0.21884985362975154,1.0,0.0,0.0,0.0,0.0,1.0,0.0
1.993428389765828,0.3714960814159419,1.1539729232766356,1.7192950914053777,0.6351536942926762,1.4923399296149082,-1.1849439604584835,0.0,1.0,0.0,0.0,1.0,0.0,0.0
1.4542497727299297,0.6495352833622433,0.799560857852328,0.29664438931638326,1.0342494312282526,-1.6225302915869748,-0.7144435837561789,1.0,0.0,0.0,0.0,1.0,0.0,0.0
-0.16328607837776465,-1.228332659941745,-1.6710804768396714,-0.9206752836051267,-2.0788891898196917,-0.7262286040046668,-0.8179536666306858,1.0,0.0,0.0,0.0,0.0,1.0,0.0
0.9150711556940316,-0.19340896380828929,1.0996843699023917,0.1646458705658583,-2.0788891898196917,1.7940652501871701,-0.3443166207503662,1.0,0.0,0.0,0.0,1.0,0.0,0.0
-1.241643312449561,-1.574778332208168,1.5411629831910536,-1.1113398106892185,-0.2942788776861369,0.03695897156046727,2.258334629707881,1.0,0.0,0.0,0.0,0.0,1.0,0.0
-0.7024646954136627,-0.2794687167916684,-0.7983663735405081,-1.8446649148588028,-0.975811597683814,0.5072955006878174,0.25165052307255287,1.0,0.0,0.0,0.0,0.0,0.0,1.0
0.3758925386581335,-1.5615383702107253,-1.926134246465835,-0.275349191935892,-1.1853368595749907,1.7053225088423876,0.07599704910369241,1.0,0.0,1.0,0.0,0.0,0.0,0.0
-0.9720540039316119,-0.10955587115781763,-0.5740419737488218,0.6193074351510013,-0.3280485169653009,-1.8355128708144544,2.258334629707881,1.0,0.0,0.0,0.0,0.0,1.0,0.0
0.10630323014018443,0.09125021913673345,-0.10285830295349775,1.8219606059891187,0.15777379357358315,-0.9214626349631891,-0.7018969070441174,0.0,1.0,0.0,0.0,0.0,1.0,0.0
0.9150711556940316,1.66018571583372,1.5411629831910536,1.8366271080725112,1.0994862343811829,0.40080421107407765,0.245377184716522,1.0,0.0,1.0,0.0,0.0,0.0,0.0
0.10630323014018443,-0.01908279750862427,0.34579049662987477,0.6193074351510013,1.0227370542012644,1.7940652501871701,2.258334629707881,1.0,0.0,0.0,0.0,1.0,0.0,0.0
0.3758925386581335,-0.8421671016829929,-0.6805704558416766,-0.46601371901998373,0.929103054381764,0.9598834815462105,-0.6924868995100715,1.0,0.0,0.0,0.0,0.0,0.0,1.0
1.7238390812478788,-0.7384540660363565,0.03849679828509874,0.23797838098281646,1.0994862343811829,0.7202780799152959,0.3833906285491981,0.0,1.0,0.0,0.0,0.0,1.0,0.0
-0.16328607837776465,-0.5575079187379698,-0.7123241380039704,-1.3753368481902684,-1.4900311048892672,-1.6136560174524968,2.258334629707881,1.0,0.0,1.0,0.0,0.0,0.0,0.0
-1.241643312449561,1.2453335732471753,0.04925207772716631,0.487308916400475,0.1915434328527471,1.039751948756515,0.12618375595193826,0.0,1.0,0.0,0.0,1.0,0.0,0.0
-0.16328607837776465,0.8017948463328373,-0.4890240505400992,-0.6566782461040755,0.5868017107793267,0.5250440489567736,-0.6893502303320559,1.0,0.0,1.0,0.0,0.0,0.0,0.0
-0.7024646954136627,1.2365069319155468,1.5411629831910536,0.5019754184838677,0.8953334151026,1.7940652501871701,1.9768185709810024,0.0,1.0,0.0,0.0,0.0,1.0,0.0
-1.51123262096751,-1.0716597763053368,-1.324862910037891,-0.7446772586044264,-0.017981829038430718,1.039751948756515,-0.24394320705387446,0.0,1.0,1.0,0.0,0.0,0.0,0.0
-1.51123262096751,-0.005842835511181235,0.6151846388454613,0.6926399455679595,1.0994862343811829,-0.5842402178530138,-0.7207169221122097,1.0,0.0,0.0,1.0,0.0,0.0,0.0
-1.51123262096751,0.0404970314798688,-1.0226907733321944,-0.12868417110197566,0.3757414652845509,0.46292413001542526,-0.6172068392377027,0.0,1.0,0.0,0.0,0.0,1.0,0.0
0.3758925386581335,-1.851714203988016,-1.3453491565942097,-0.5540127315203346,-2.0788891898196917,-0.4954974765082304,2.258334629707881,0.0,1.0,0.0,0.0,0.0,0.0,1.0
0.6454818471760826,1.0643874259487884,-1.2859390415808851,1.8366271080725112,-2.0426252021846807,-1.5781589209145834,0.7880209525131796,0.0,1.0,1.0,0.0,0.0,0.0,0.0
1.1846604642119807,-0.8245138190197356,0.04925207772716631,1.1179685059863185,-1.1300774498454496,-0.6552344109288404,1.1989246148331922,1.0,0.0,0.0,0.0,0.0,0.0,1.0
-1.51123262096751,-0.213268906804454,-0.05983718518522894,0.9126374768188339,1.0994862343811829,0.0014618750225540366,-0.10906643239921394,0.0,1.0,0.0,0.0,0.0,0.0,1.0
-1.241643312449561,1.3468399485609046,0.6418167593686757,0.13531286639907555,-0.1323381075065089,1.6520768640355172,-0.2533532145879206,1.0,0.0,0.0,0.0,1.0,0.0,0.0
-1.51123262096751,-0.31698194245109,0.04925207772716631,-1.3900033502736597,0.4931677109598263,0.9066378367393402,1.826258450436265,1.0,0.0,1.0,0.0,0.0,0.0,0.0
-1.51123262096751,1.8676117871269928,1.5411629831910536,1.8366271080725112,1.0994862343811829,0.14345026117420695,-1.068887200871915,0.0,1.0,0.0,1.0,0.0,0.0,0.0
-1.51123262096751,0.16407001012266956,0.8640925345047304,1.0886355018195344,0.9782225296969118,-0.76172570054258,0.5057207264917971,0.0,1.0,0.0,0.0,0.0,0.0,1.0
0.6454818471760826,-0.8223071586868286,-0.695935140758916,1.4846310580711104,-1.0940053351608878,-1.0811995693837984,-0.861867035122901,0.0,1.0,0.0,1.0,0.0,0.0,0.0
0.10630323014018443,-0.18678898280956796,0.1900950228018553,0.35531039764995004,1.0994862343811829,1.7940652501871701,-0.05574305637295281,0.0,1.0,0.0,0.0,0.0,0.0,1.0
-0.16328607837776465,-0.6766675767149564,0.5219722170142128,-1.5366683711075775,-0.23978695975839526,-0.43337755756688284,1.9078118490646643,0.0,1.0,1.0,0.0,0.0,0.0,0.0
-0.7024646954136627,-1.851714203988016,-1.5430414358626814,-1.3900033502736597,-1.9152215630860163,0.6404096127049914,-0.35058995910639673,0.0,1.0,0.0,0.0,1.0,0.0,0.0
-0.16328607837776465,-0.19340896380828929,-1.527676750945442,-0.7153442544376423,-1.4693088262406895,0.44517558174646904,-0.9559671104633619,1.0,0.0,0.0,0.0,1.0,0.0,0.0
0.9150711556940316,-0.9789800423232363,0.6756190661866008,-1.5073353669407934,-0.6189279098471925,0.06358179396390239,-0.1623898084254751,0.0,1.0,0.0,0.0,1.0,0.0,0.0
-1.51123262096751,-0.36111514910923337,-1.208091304666876,-0.994007794022085,-1.1960817448001795,1.3681000917322115,2.258334629707881,1.0,0.0,1.0,0.0,0.0,0.0,0.0
-0.9720540039316119,1.8676117871269928,1.5411629831910536,0.42864290806690825,1.0994862343811829,0.23219300251898964,0.6217774860783656,1.0,0.0,0.0,0.0,0.0,1.0,0.0
0.6454818471760826,-0.21988888780317534,0.07434772975865682,-1.331337341940093,-0.20524982867743172,0.19669590598107642,-0.9936071405995461,1.0,0.0,0.0,0.0,1.0,0.0,0.0
-0.4328753868957137,-0.703147500709842,-0.31079370550012964,-0.7006777523542509,0.1677511869969722,-1.8355128708144544,0.8821210278536407,1.0,0.0,0.0,0.0,0.0,1.0,0.0
0.3758925386581335,-0.4405549210938908,-0.4920969875235471,-1.1553393169393926,0.5875692025811263,1.2793573503874287,-0.1592531392474598,1.0,0.0,0.0,0.0,1.0,0.0,0.0
0.6454818471760826,-0.15368907781596056,-1.401686334624085,0.5019754184838677,-0.19910989426303835,-0.3712576386255345,-0.999880478955577,0.0,1.0,0.0,0.0,1.0,0.0,0.0
0.10630323014018443,-0.9525001183283507,0.5742121457328253,0.01798084973194197,-2.0788891898196917,0.8001465471256013,0.5057207264917971,1.0,0.0,0.0,0.0,1.0,0.0,0.0
-0.4328753868957137,1.8676117871269928,1.5411629831910536,1.8366271080725112,1.0994862343811829,-1.8177643225454971,-0.5795668091015184,1.0,0.0,0.0,0.0,0.0,1.0,0.0
-0.16328607837776465,1.8676117871269928,1.231820660190646,0.5166419205672591,1.0994862343811829,0.9332606591427761,-0.5011500796511343,1.0,0.0,0.0,0.0,0.0,0.0,1.0
-0.16328607837776465,-0.22209554813608245,-0.7256401982655769,0.2233118788994251,-0.021819288047426423,1.1196204159668197,-1.0971172234740532,1.0,0.0,0.0,0.0,0.0,1.0,0.0
0.3758925386581335,-0.7759672916957782,-0.37634969448034855,-1.8446649148588028,0.15777379357358315,1.7940652501871701,0.16696045526613792,1.0,0.0,1.0,0.0,0.0,0.0,0.0
-1.51123262096751,-0.30153532012073986,1.1273408027534213,0.7366394518181348,0.15777379357358315,0.7025295316463398,-0.07142640226302956,1.0,0.0,0.0,0.0,1.0,0.0,0.0
-1.241643312449561,0.5061023617232786,0.42671117052733304,-0.09935116693519162,0.9060783003277886,0.48954695241886037,0.05404036485758478,0.0,1.0,0.0,0.0,0.0,1.0,0.0
0.10630323014018443,-1.851714203988016,0.17473033788461592,-0.9646747898553009,-2.0788891898196917,-1.5870331950490617,-0.9873338022435154,0.0,1.0,0.0,0.0,0.0,1.0,0.0
1.993428389765828,-0.6766675767149564,0.04925207772716631,1.4846310580711104,-0.11775576327232457,-0.40675473516344773,0.16068711691010734,1.0,0.0,0.0,0.0,1.0,0.0,0.0
-0.16328607837776465,1.2740201575749681,-0.06393443449649326,0.7073064476513509,1.0994862343811829,-1.1521937624596248,-0.2251231919857824,0.0,1.0,0.0,0.0,0.0,0.0,1.0
-1.241643312449561,0.4796224377283926,0.4850969732128398,0.12064636431568289,-1.7041613175912402,0.019210423291510258,1.3808514271580834,1.0,0.0,1.0,0.0,0.0,0.0,0.0
-0.9720540039316119,0.47741577739548546,0.16243858995082588,0.4579759122336923,-0.21906468110981756,-0.2558920748773167,-0.8775503810129779,1.0,0.0,0.0,0.0,0.0,1.0,0.0
-1.241643312449561,-0.632534370056813,-1.2357477375179056,-0.994007794022085,-1.4040720230877592,0.8356436436635145,-0.011829687880737827,1.0,0.0,0.0,0.0,0.0,0.0,1.0
0.9150711556940316,1.0930740102765812,1.2963523368430485,0.36997689973334275,-0.05251896011939426,1.5278370261528222,0.36457061348110575,1.0,0.0,0.0,0.0,1.0,0.0,0.0
1.1846604642119807,0.7422150173443438,-0.22167853298014412,-0.7446772586044264,-0.10854586165073399,1.2438602538495163,-0.1623898084254751,0.0,1.0,0.0,0.0,0.0,1.0,0.0
0.6454818471760826,-0.5089613914140126,0.7165915592992382,-1.4486693586072266,-0.35260825462287537,0.294312921460338,0.010126996365369801,0.0,1.0,1.0,0.0,0.0,0.0,0.0
0.3758925386581335,-0.3500818474446974,-0.1428064837383187,-0.011352154434842079,-1.9374788253381925,0.6404096127049914,-1.0877072159400072,1.0,0.0,1.0,0.0,0.0,0.0,0.0
-1.51123262096751,-0.6060544460619274,-0.455221743722174,-0.12868417110197566,-0.4024952217398218,0.2588158249224248,-0.1623898084254751,1.0,0.0,0.0,0.0,0.0,0.0,1.0
-0.9720540039316119,-0.5972278047302986,1.5411629831910536,0.9713034851524007,-0.2589742548033749,-0.8149713453494495,-0.2941299139021203,1.0,0.0,0.0,0.0,0.0,1.0,0.0
-0.9720540039316119,-0.2066489258057323,0.34374187197424333,-0.5393462294369419,-0.2528343203889815,0.5339183230912518,1.8921285031745878,0.0,1.0,0.0,1.0,0.0,0.0,0.0
1.7238390812478788,0.8084148273315586,1.5411629831910536,1.8366271080725112,1.0994862343811829,1.7940652501871701,-0.8148169974526706,1.0,0.0,0.0,0.0,1.0,0.0,0.0
-1.51123262096751,-0.18899564314247505,0.8681897838159948,0.7659724559849176,-0.0878235830021563,-1.1433194883251467,-0.1561164700694445,1.0,0.0,0.0,1.0,0.0,0.0,0.0
0.10630323014018443,-0.31918860278399713,1.1744591698329543,-0.436680714853201,1.0994862343811829,-0.1582750593980551,-0.2282598611637977,1.0,0.0,0.0,0.0,0.0,1.0,0.0
1.1846604642119807,-0.09410924882746749,0.31608543912321385,-0.29001569401928334,-0.3004188121005303,0.019210423291510258,-1.4099999739810856,1.0,0.0,0.0,1.0,0.0,0.0,0.0
0.10630323014018443,-0.21547556713736113,0.1778032748680638,-1.8446649148588028,1.0994862343811829,0.2676900990569029,2.258334629707881,1.0,0.0,0.0,1.0,0.0,0.0,0.0
0.9150711556940316,1.8676117871269928,1.5001904900784162,1.704628589321985,1.0994862343811829,0.0724560680983805,0.947991080591963,0.0,1.0,0.0,0.0,0.0,0.0,1.0
-0.16328607837776465,-0.01908279750862427,1.5411629831910536,1.8366271080725112,1.0994862343811829,0.48954695241886037,-1.11280056936413,0.0,1.0,0.0,0.0,1.0,0.0,0.0
-0.4328753868957137,-1.7248312348458545,-0.6180874038449056,-0.5100132252701591,0.15777379357358315,-0.8682169901563197,-0.7614936214264094,1.0,0.0,0.0,1.0,0.0,0.0,0.0
-1.51123262096751,1.181340423592868,1.2185045999290383,0.8539714684852672,0.9091482675349848,-0.07840659218775053,1.465541494964498,1.0,0.0,0.0,1.0,0.0,0.0,0.0
1.4542497727299297,-0.857613724013343,-1.926134246465835,-0.8180097690213846,-0.49152427074852806,1.7940652501871701,0.07286037992567711,1.0,0.0,0.0,0.0,0.0,1.0,0.0
0.9150711556940316,0.2832296680996557,-1.654691479594617,-0.3780147065196342,1.0994862343811829,0.6847809833773827,-0.1623898084254751,0.0,1.0,0.0,0.0,1.0,0.0,0.0
-0.16328607837776465,-1.702764631516783,-1.0780036390342531,-1.0820068065224344,-2.0788891898196917,-0.5487431213151006,0.8413443285394407,1.0,0.0,0.0,0.0,0.0,0.0,1.0
-0.4328753868957137,0.12876344479615506,0.5598717731434024,1.3086330330704101,-0.9712066468730187,0.7557751764532092,-0.11220310157722925,0.0,1.0,0.0,0.0,1.0,0.0,0.0
1.7238390812478788,-1.851714203988016,-1.5963056769091089,-1.360670346106877,-2.0788891898196917,0.2588158249224248,-0.4603733803369346,1.0,0.0,0.0,0.0,1.0,0.0,0.0
-0.9720540039316119,-1.157719529288716,-1.581965304319686,-1.360670346106877,-2.0788891898196917,1.7940652501871701,1.3432113970218993,0.0,1.0,1.0,0.0,0.0,0.0,0.0
-1.241643312449561,-0.7075608213756562,0.3939331760372229,0.9273039789022266,-0.7355866637206684,-1.5604103726456264,-0.32235993650425854,1.0,0.0,1.0,0.0,0.0,0.0,0.0
1.1846604642119807,0.770901601672137,-0.2165569713410648,1.073968999736143,0.7679297760039355,0.6670324351084265,-0.28158323719005884,0.0,1.0,0.0,0.0,0.0,0.0,1.0
-0.16328607837776465,-0.57295454106832,-1.8155085150617158,0.47264241431708365,0.6558759729412539,-1.8355128708144544,2.070918646321463,1.0,0.0,0.0,0.0,1.0,0.0,0.0
-1.51123262096751,-0.016876137175717162,-0.4767323026063091,0.5899744309842172,0.5146574814102036,0.43630130761199093,0.6468708395024885,1.0,0.0,0.0,0.0,1.0,0.0,0.0
-0.16328607837776465,-1.1819927929506946,0.04925207772716631,0.12064636431568289,-1.4716113016460872,-1.1788165848630598,1.776071743588019,0.0,1.0,0.0,0.0,0.0,1.0,0.0
0.3758925386581335,-1.6387714818624755,0.004694491467173556,-1.7566659023584519,-0.6289053032705816,0.019210423291510258,0.2547871922505682,1.0,0.0,0.0,0.0,0.0,0.0,1.0
0.3758925386581335,-0.930433514999279,-0.6652057709244388,-0.7300107565210336,-1.130844941647249,-0.6996057816012317,2.258334629707881,1.0,0.0,0.0,0.0,1.0,0.0,0.0
0.3758925386581335,-0.7980338950248496,-1.6915667233959901,0.6779734434845681,-1.8361699075007,-0.7705999746770581,0.5590441025180586,1.0,0.0,0.0,0.0,1.0,0.0,0.0
0.6454818471760826,-1.3938321849097814,-0.028083503022935184,1.5139640622378931,-0.6880021720091196,1.3681000917322115,-0.1623898084254751,1.0,0.0,0.0,1.0,0.0,0.0,0.0
-0.16328607837776465,-0.5111680517469198,0.9296485234849494,-0.7300107565210336,1.0994862343811829,-0.10502941459118566,-0.3035399214361665,1.0,0.0,0.0,0.0,0.0,0.0,1.0
1.993428389765828,-1.851714203988016,-0.6570112723019101,-1.3166708398567015,-1.0318384992151537,0.9332606591427761,0.289290553208737,0.0,1.0,0.0,0.0,0.0,0.0,1.0
-0.4328753868957137,-0.0963159091603746,1.5411629831910536,-1.2286718273563522,0.249105317987686,-1.6136560174524968,0.7629275990890567,0.0,1.0,0.0,0.0,0.0,0.0,1.0
-0.7024646954136627,0.14200340679359807,-0.7901718749179809,0.780638958068309,-1.8845218910140489,-1.1433194883251467,-0.21571318445173623,1.0,0.0,0.0,0.0,0.0,0.0,1.0
0.10630323014018443,-0.35890848877632586,-0.000427070171905753,0.4579759122336923,-0.5429462214690736,-1.8355128708144544,1.2397013141473923,0.0,1.0,0.0,1.0,0.0,0.0,0.0
-0.7024646954136627,0.5281689650523501,1.5411629831910536,0.9126374768188339,-0.19527243525404264,-0.3623833644910564,0.25165052307255287,0.0,1.0,0.0,0.0,0.0,0.0,1.0
0.9150711556940316,1.6822523191627918,1.3680541997901634,1.8072941039057273,0.5783593009595358,1.6964482347079095,0.6625541853925655,0.0,1.0,0.0,1.0,0.0,0.0,0.0
0.10630323014018443,-0.6700475957162346,1.5124822380122076,0.8833044726520513,-0.14308299273169753,1.1817403349081679,-0.6862135611540406,1.0,0.0,0.0,1.0,0.0,0.0,0.0
-0.9720540039316119,0.9672943713008735,1.0351526932499893,0.9126374768188339,0.15777379357358315,-0.9480854573666243,0.5025840573137819,1.0,0.0,1.0,0.0,0.0,0.0,0.0
0.6454818471760826,0.327362874757799,-0.6057956559111142,0.003314347648550597,0.08332708879906228,-1.010205376307972,-0.8681403734789317,0.0,1.0,0.0,0.0,0.0,0.0,1.0
-0.7024646954136627,-0.0279094388402527,1.5411629831910536,-0.02601865651823345,0.4862602847436345,-0.4777489282392742,1.7039283524936655,1.0,0.0,1.0,0.0,0.0,0.0,0.0
-1.241643312449561,-1.851714203988016,-0.8895301707161251,-1.258004831523135,-2.0788891898196917,-0.3890061868944915,-0.1623898084254751,1.0,0.0,0.0,0.0,0.0,1.0,0.0
0.10630323014018443,0.8966812406478445,-1.0800522636898862,-1.4340028565238352,0.7034604646528038,0.9421349332772543,-1.4099999739810856,1.0,0.0,1.0,0.0,0.0,0.0,0.0
-1.51123262096751,-1.7623444605052763,-1.6485456056277215,-1.8446649148588028,-1.3779773018265866,-1.054576746980364,-1.260224020730852,1.0,0.0,0.0,0.0,1.0,0.0,0.0
-0.7024646954136627,-1.3739722419136169,-1.14663256499792,0.25264488306620914,-1.8077727108341304,1.0575004970254713,1.1895146072991465,1.0,0.0,0.0,0.0,0.0,0.0,1.0
1.1846604642119807,-0.5354413154088984,-0.5873580340104283,-0.5980122377705087,0.1600762689789808,0.5339183230912518,-0.5795668091015184,1.0,0.0,0.0,0.0,1.0,0.0,0.0
1.4542497727299297,1.2320936112497325,-0.3609850095631092,0.047313853898724716,1.0994862343811829,-1.3474277934181471,2.258334629707881,1.0,0.0,0.0,0.0,0.0,1.0,0.0
-0.4328753868957137,0.32956953509070613,1.4489748736876202,0.5753079289008258,-0.5782508443518356,0.24106727665346775,-0.1623898084254751,1.0,0.0,0.0,0.0,0.0,0.0,1.0
-1.51123262096751,0.34060283675524206,-0.02398625371167232,-1.331337341940093,-0.45238218885676923,1.1107461418323414,-0.23139653034181298,1.0,0.0,0.0,0.0,0.0,1.0,0.0
1.1846604642119807,-0.8995402703385789,-0.34049876300679194,0.780638958068309,-1.5790601538979734,0.15232453530868506,1.258521329215484,0.0,1.0,0.0,0.0,0.0,0.0,1.0
-1.51123262096751,1.099693991275303,1.2799633395979941,0.5166419205672591,1.0994862343811829,-1.0013311021734936,-1.3574607652493282,0.0,1.0,0.0,0.0,1.0,0.0,0.0
-0.16328607837776465,-0.643567671721349,-1.556357496124288,-1.8446649148588028,0.17772858042036127,-0.09615514045670755,-0.576430139923503,1.0,0.0,0.0,0.0,0.0,0.0,1.0
-1.241643312449561,0.49286239972583556,-1.0851738253289653,-1.331337341940093,0.8347015627604639,1.2971058986563866,-1.1629872762123759,1.0,0.0,0.0,0.0,1.0,0.0,0.0
0.3758925386581335,0.3825293830804779,0.9982774494486163,1.8366271080725112,0.12630662969981574,0.44517558174646904,-1.2978640508670365,0.0,1.0,1.0,0.0,0.0,0.0,0.0
-0.16328607837776465,-0.5575079187379698,0.0886881023480783,1.7779610997389446,-1.529173186781026,-0.09615514045670755,-1.053203854981838,0.0,1.0,0.0,0.0,1.0,0.0,0.0
1.4542497727299297,-0.24857547213096812,1.2369422218297255,-1.4193363544404438,1.0449943164534412,-1.4095477123594955,-1.4099999739810856,1.0,0.0,0.0,0.0,1.0,0.0,0.0
-0.16328607837776465,-0.6832875577136777,0.23106751591449123,-0.568679233603726,-1.0233960893953629,-1.3030564227457557,-1.0375205090917612,1.0,0.0,0.0,0.0,1.0,0.0,0.0
-0.16328607837776465,0.36487610041722063,-0.25548083979807074,0.4579759122336923,1.0994862343811829,0.38305566280512066,2.258334629707881,0.0,1.0,0.0,0.0,0.0,0.0,1.0
0.9150711556940316,0.31191625242744886,1.5411629831910536,0.41397640598351687,0.7234152514995819,1.5367113002873003,2.258334629707881,1.0,0.0,0.0,0.0,0.0,0.0,1.0
-0.4328753868957137,-1.5615383702107253,0.10610141192094912,-1.7419994002750605,-0.9320645649812599,1.7940652501871701,0.9574010881260094,1.0,0.0,0.0,0.0,0.0,0.0,1.0
-0.16328607837776465,1.159273820263796,1.5411629831910536,1.367299041403977,1.0994862343811829,0.995380578084123,0.11363707923987679,1.0,0.0,1.0,0.0,0.0,0.0,0.0
-0.7024646954136627,0.21040987711371958,-0.41220062595390516,0.5313084226506505,0.09867692483504512,0.34755856626720744,-1.1598506070343604,1.0,0.0,0.0,0.0,1.0,0.0,0.0
-0.7024646954136627,1.2806401385736896,-0.10695555226476207,-0.9500082877719095,1.0994862343811829,-1.063451021114842,0.06658704156964625,0.0,1.0,0.0,0.0,0.0,0.0,1.0
0.10630323014018443,-0.18458232247666084,-0.7143727626596019,-0.7153442544376423,-1.3365327445294302,0.0724560680983805,0.7942942908692108,1.0,0.0,0.0,0.0,0.0,0.0,1.0
1.7238390812478788,-1.4997518808893249,0.04925207772716631,-1.3753368481902684,-1.068678105701515,0.3298100179982512,-0.8869603885470239,1.0,0.0,0.0,0.0,0.0,1.0,0.0
1.993428389765828,-0.7980338950248496,0.0497642338910738,-0.7300107565210336,-0.2835339924609483,0.9510092074117323,-0.8838237193690086,1.0,0.0,0.0,0.0,0.0,0.0,1.0
1.1846604642119807,-0.01908279750862427,1.5247739859459992,0.6193074351510013,-0.5644359919194508,1.1107461418323414,-1.2664973590868829,0.0,1.0,0.0,0.0,1.0,0.0,0.0
-0.16328607837776465,0.7488349983430655,-0.4265409985433281,0.9273039789022266,-0.8276856799365708,0.5516668713602088,-0.09965642486516778,1.0,0.0,0.0,0.0,0.0,1.0,0.0
0.10630323014018443,-0.4868947880849408,-0.08851793036407482,-0.3340152002694588,0.9582677428501326,-1.8355128708144544,0.19519047786827615,1.0,0.0,0.0,1.0,0.0,0.0,0.0
-0.7024646954136627,-1.851714203988016,-1.153802751292632,-1.3166708398567015,-1.2513411545297206,-0.610863040256449,0.5464974258059968,0.0,1.0,0.0,0.0,1.0,0.0,0.0
-0.16328607837776465,-1.318805733590938,-1.5768437426806068,0.01798084973194197,-2.0788891898196917,0.8090208212600795,0.36143394430309045,1.0,0.0,0.0,0.0,1.0,0.0,0.0
-1.241643312449561,-0.4493815624255192,0.6909837511038402,1.367299041403977,-0.18452755002885401,1.7940652501871701,-0.09965642486516778,0.0,1.0,0.0,0.0,0.0,0.0,1.0
-0.16328607837776465,-0.7958272346919425,-0.8403631789809605,0.4579759122336923,-2.0788891898196917,-0.5132460247771874,-1.1786706221024528,0.0,1.0,0.0,0.0,0.0,1.0,0.0
0.9150711556940316,-1.389418864243967,-0.24728634117554213,-1.331337341940093,0.2214756131229154,1.6254540416320828,0.28301721485270637,1.0,0.0,1.0,0.0,0.0,0.0,0.0
-0.16328607837776465,-0.01908279750862427,-1.1394623787032092,-0.2166831836023252,-2.0788891898196917,-0.007412399111924074,1.0734578477125776,1.0,0.0,0.0,0.0,0.0,1.0,0.0
-1.241643312449561,-0.7362474057034494,0.25052945014299494,0.6046409330676086,-1.3119730068718567,0.13457598703972884,0.22655716964842995,1.0,0.0,0.0,0.0,0.0,0.0,1.0
1.1846604642119807,-0.4339349400951695,-1.6762020384787508,-0.3486817023528502,-1.6020849079519488,-0.9747082797700586,1.5972816004411432,1.0,0.0,0.0,0.0,0.0,1.0,0.0
0.3758925386581335,1.3975931362177691,1.169337608193875,0.5899744309842172,1.0994862343811829,-0.167149333532534,2.258334629707881,0.0,1.0,0.0,0.0,0.0,1.0,0.0
-1.241643312449561,0.43107591040443505,0.26589413506023285,0.7219729497347422,0.741835054742763,0.24994155078794664,-0.4697833878709808,1.0,0.0,0.0,0.0,1.0,0.0,0.0
-0.16328607837776465,-0.01908279750862427,-0.23089734393048775,0.36997689973334275,0.7479749891571563,1.048626222890993,-0.3474532899283814,0.0,1.0,0.0,0.0,0.0,1.0,0.0
-0.16328607837776465,-1.1157929829634798,-0.6826190804973081,-0.23134968568571657,-0.5552260902978603,0.888889288470384,-1.1567139378563451,1.0,0.0,0.0,0.0,1.0,0.0,0.0
-0.4328753868957137,-1.851714203988016,-1.926134246465835,-1.0526738023556517,-2.0788891898196917,0.47179840414990415,0.21714716211438378,1.0,0.0,0.0,0.0,0.0,1.0,0.0
-0.9720540039316119,-0.6590142940516991,-0.2800643356656523,-0.9793412919386936,0.32508700636580495,-0.30913771968418613,-0.5952501549915951,1.0,0.0,0.0,0.0,0.0,0.0,1.0
-0.4328753868957137,0.07801025713929041,0.734004868872109,-0.8326762711047759,0.15777379357358315,0.13457598703972884,-0.723853591290225,1.0,0.0,0.0,0.0,0.0,0.0,1.0
-0.16328607837776465,-0.961326759659979,-0.6262819024674328,1.8366271080725112,0.15777379357358315,0.6492838868394702,2.258334629707881,1.0,0.0,0.0,0.0,0.0,0.0,1.0
1.1846604642119807,-0.8973336100056718,0.15014684201703438,0.20864537681603373,-0.3364909267850919,1.2527345279839943,1.1361912312728852,1.0,0.0,0.0,1.0,0.0,0.0,0.0
-0.4328753868957137,-0.01908279750862427,1.059736189117571,-0.46601371901998373,0.24680284258228835,0.13457598703972884,-0.9496937721073312,1.0,0.0,0.0,0.0,0.0,0.0,1.0
0.10630323014018443,0.6583619246938721,1.528871235257262,1.7779610997389446,1.0994862343811829,-1.010205376307972,-0.7897236440285477,0.0,1.0,0.0,0.0,0.0,0.0,1.0
-1.241643312449561,-0.8333404603513641,0.04925207772716631,1.3819655434873683,0.48395780933823684,0.6404096127049914,0.5119940648478281,1.0,0.0,0.0,1.0,0.0,0.0,0.0
0.3758925386581335,-0.6788742370478634,-1.4088565209187958,1.4846310580711104,0.2253130721319111,-1.8266385966799754,2.1336520298817705,0.0,1.0,1.0,0.0,0.0,0.0,0.0
0.6454818471760826,-0.2397488307993397,0.890724655027945,0.35531039764995004,1.0994862343811829,-1.7112730329317576,1.4090814497602215,1.0,0.0,0.0,0.0,0.0,0.0,1.0
1.4542497727299297,-0.6832875577136777,-1.926134246465835,0.09131336014890014,-1.829262481284507,1.1551175125047337,-0.8085436590966398,1.0,0.0,0.0,1.0,0.0,0.0,0.0
1.1846604642119807,1.5277860958592913,0.6623030059249944,-0.26068268985250065,1.0994862343811829,0.5339183230912518,0.08854372581575387,1.0,0.0,0.0,0.0,0.0,1.0,0.0
-0.7024646954136627,-0.5332346550759912,-1.5747951180249753,0.36997689973334275,0.09023451501525412,-0.6818572333322747,-1.4099999739810856,0.0,1.0,0.0,0.0,1.0,0.0,0.0
-0.16328607837776465,0.6252620197002647,0.04925207772716631,-1.6833333919414937,0.10558435105123803,1.6698254123044751,0.02581034225544656,1.0,0.0,0.0,0.0,0.0,0.0,1.0
0.3758925386581335,0.3339828557565203,-0.519753420374578,0.6779734434845681,1.0994862343811829,-0.9747082797700586,-1.034383839913746,1.0,0.0,1.0,0.0,0.0,0.0,0.0
1.993428389765828,-0.32801524411562594,-0.326158390417369,-0.055351660685016194,-1.529173186781026,0.010336149157032147,-0.2941299139021203,0.0,1.0,1.0,0.0,0.0,0.0,0.0
-1.51123262096751,-0.5928144840644843,-1.1046357595574676,0.047313853898724716,0.3550191866359732,-1.7556444036041496,-0.07769974061906043,1.0,0.0,0.0,1.0,0.0,0.0,0.0
-1.51123262096751,-0.2971219994549257,0.04925207772716631,-0.26068268985250065,-1.4892636130874688,-0.025160947380881083,-1.2821807049769596,1.0,0.0,0.0,1.0,0.0,0.0,0.0
1.1846604642119807,-1.851714203988016,-1.4969473811109648,-1.8446649148588028,-2.0788891898196917,-0.34463481622209935,-0.20002983856165948,1.0,0.0,0.0,0.0,0.0,0.0,1.0
1.7238390812478788,0.7488349983430655,0.5844552690109839,1.4552980539043265,1.0833689065434005,1.1817403349081679,-1.1535772686783297,1.0,0.0,0.0,1.0,0.0,0.0,0.0
-1.51123262096751,-0.12500249348816778,0.5936740799613276,0.23797838098281646,0.5752893337523397,-0.9303369090976673,0.7315609073089032,0.0,1.0,0.0,0.0,0.0,1.0,0.0
1.4542497727299297,1.2166469889193825,1.5411629831910536,-0.18735017943554247,1.0994862343811829,-0.32688626795314313,-0.25021654540990534,1.0,0.0,0.0,0.0,0.0,0.0,1.0
0.6454818471760826,0.3891493640791992,0.23311614057012411,0.6633069414011754,0.3826488915007438,0.3386842921327293,-0.20316650773967476,1.0,0.0,0.0,0.0,0.0,0.0,1.0
-0.16328607837776465,-1.4467920328995532,1.0095448850545914,0.6779734434845681,0.1961483836635424,-0.06065804391879431,-0.4352800269128117,0.0,1.0,0.0,1.0,0.0,0.0,0.0
-1.241643312449561,0.9253678249756381,-1.4856799455049898,-1.8446649148588028,0.5192624322209989,-0.619737314390927,1.6161016155092356,1.0,0.0,0.0,0.0,1.0,0.0,0.0
1.4542497727299297,-0.08307594716293155,-0.7553452557722392,-1.8446649148588028,0.8224216939316772,-0.45112610583583906,-0.0933830865091372,1.0,0.0,1.0,0.0,0.0,0.0,0.0
-1.51123262096751,-0.9326401753321861,0.837460413981516,-0.8180097690213846,0.5161924650138028,-1.338553519283669,1.8576251422164183,1.0,0.0,0.0,1.0,0.0,0.0,0.0
-0.4328753868957137,-0.24195549113224682,-0.13563629744360794,0.9713034851524007,-0.1860625336324521,1.0663747711599494,-0.13102311664532157,1.0,0.0,0.0,0.0,1.0,0.0,0.0
0.6454818471760826,1.8676117871269928,0.20033814608001393,0.7366394518181348,1.0994862343811829,-1.4894161795698,0.3018372299207984,1.0,0.0,0.0,0.0,1.0,0.0,0.0
-1.51123262096751,-0.01908279750862427,1.5411629831910536,-0.5100132252701591,0.1754261050149636,-1.8355128708144544,-1.37000744196139,1.0,0.0,0.0,0.0,0.0,1.0,0.0
-1.51123262096751,0.0404970314798688,1.5411629831910536,1.3086330330704101,0.4570955962752647,-0.149400785263577,-0.6077968317036566,0.0,1.0,0.0,0.0,1.0,0.0,0.0
1.4542497727299297,-1.8351642514912123,-1.4867042578328062,-1.8446649148588028,-1.2160365316469586,0.8977635626048621,0.35829727512507514,1.0,0.0,0.0,0.0,0.0,0.0,1.0
-0.4328753868957137,1.7109389034905846,1.5411629831910536,0.5606414268174345,1.0994862343811829,0.8001465471256013,0.0038536580093392102,1.0,0.0,1.0,0.0,0.0,0.0,0.0
1.4542497727299297,-0.4626215244229622,-1.129219255425049,-1.258004831523135,-1.3679999084031975,-0.7528514264081011,-0.7144435837561789,1.0,0.0,0.0,0.0,0.0,0.0,1.0
-0.7024646954136627,-1.5813983132068896,-1.5993786138925568,-0.5393462294369419,-1.5345456293936197,-1.8355128708144544,-0.00241968034669166,0.0,1.0,0.0,1.0,0.0,0.0,0.0
1.7238390812478788,1.2718134972420614,-0.6324277764343286,0.809971962235093,0.20766076069052952,1.7940652501871701,-0.7113069145781635,1.0,0.0,1.0,0.0,0.0,0.0,0.0
-1.51123262096751,0.3251562144248919,0.5322153402923729,0.7073064476513509,0.36115912105036657,0.5250440489567736,-0.5482001173213649,1.0,0.0,0.0,0.0,0.0,1.0,0.0
-0.4328753868957137,1.7661054118132635,0.3990547376763022,0.003314347648550597,0.648968546725061,-0.44225183170136095,-1.4099999739810856,0.0,1.0,0.0,0.0,0.0,0.0,1.0
1.1846604642119807,-0.4891014484178483,-1.592208427597846,-0.30468219610267605,-1.5268707113756284,-0.43337755756688284,-1.1629872762123759,1.0,0.0,0.0,0.0,0.0,0.0,1.0
0.9150711556940316,1.7594854308145418,1.2010912903561688,1.3232995351538015,1.0994862343811829,-0.619737314390927,-0.04946971801692193,1.0,0.0,1.0,0.0,0.0,0.0,0.0
-1.51123262096751,0.2788163474338415,-0.7399805708549999,-1.8446649148588028,-0.7900785816484112,-1.7378958553351926,-1.2884540433329903,1.0,0.0,0.0,0.0,0.0,1.0,0.0
-0.4328753868957137,0.049323672811497625,-0.32820701507300043,-0.011352154434842079,1.0994862343811829,1.4657171072114739,0.08227038745972327,1.0,0.0,0.0,0.0,0.0,1.0,0.0
1.993428389765828,-0.5685412204025058,0.3703739924974563,0.003314347648550597,-0.09549850102014772,0.569415419629165,0.5464974258059968,0.0,1.0,0.0,1.0,0.0,0.0,0.0
-1.51123262096751,0.5480289080485145,0.6520598826468343,-0.42201421276980833,-0.040239091290606474,0.019210423291510258,0.8727110203195948,1.0,0.0,0.0,0.0,1.0,0.0,0.0
-0.7024646954136627,-1.2415726219391878,-1.771463084965632,-1.6246673836079268,-1.8822194156086514,1.7940652501871701,-1.2664973590868829,1.0,0.0,1.0,0.0,0.0,0.0,0.0
-0.4328753868957137,-1.4423787122337388,-0.21348403435761693,-0.7006777523542509,-1.095540318764486,-0.06953231805327242,0.4147573203293516,1.0,0.0,0.0,0.0,0.0,0.0,1.0
0.3758925386581335,0.2611630647705842,0.671521816875338,-1.1260063127726099,1.0994862343811829,-0.07840659218775053,-0.8085436590966398,1.0,0.0,1.0,0.0,0.0,0.0,0.0
0.6454818471760826,0.5347889460510714,0.49943734580226273,-0.14335067318536704,-0.6718848441713361,1.2616088021184726,2.0489619620753556,1.0,0.0,0.0,0.0,0.0,0.0,1.0
0.10630323014018443,-0.01246281650990295,-1.2459908607960641,-1.8446649148588028,0.15777379357358315,-0.7705999746770581,-1.4099999739810856,1.0,0.0,1.0,0.0,0.0,0.0,0.0
-1.51123262096751,-0.787000593360314,0.3826657404312478,-0.11401766901858298,-0.8660602700265301,0.7202780799152959,-0.28158323719005884,1.0,0.0,0.0,0.0,0.0,1.0,0.0
-0.16328607837776465,0.40900930707536354,-0.2011922864238269,0.9859699872357934,0.15777379357358315,-1.5249132761077133,-0.1623898084254751,1.0,0.0,0.0,0.0,0.0,1.0,0.0
0.3758925386581335,0.1111101621328978,0.22492164194759692,0.06198035598211609,0.5077500551940117,-0.8415941677528846,0.12618375595193826,1.0,0.0,0.0,0.0,0.0,0.0,1.0
-0.7024646954136627,-0.6700475957162346,1.169337608193875,-0.7446772586044264,-0.38407541849664173,-1.8355128708144544,0.37398062101515195,1.0,0.0,0.0,0.0,0.0,0.0,1.0
-0.16328607837776465,0.23688980110860566,-0.07417755777465188,0.6193074351510013,0.0503249413216968,-0.8149713453494495,-0.1623898084254751,1.0,0.0,0.0,0.0,1.0,0.0,0.0
-0.16328607837776465,0.6804285280229436,1.5411629831910536,0.1646458705658583,1.0994862343811829,0.6581581609739484,0.6311874936124114,1.0,0.0,0.0,0.0,0.0,0.0,1.0
1.993428389765828,0.2082032167808125,0.058983044841417434,1.8366271080725112,-0.15459536975868576,0.38305566280512066,-1.4099999739810856,0.0,1.0,0.0,0.0,0.0,0.0,1.0
-0.7024646954136627,1.3997997965506759,-0.7491993818053435,0.6046409330676086,-0.017981829038430718,0.09020461636733672,-1.2414040056627598,1.0,0.0,0.0,0.0,0.0,0.0,1.0
1.1846604642119807,-0.04556272150350995,-1.7632685863431048,0.07664685806550876,-0.8852475650715097,0.7114038057808179,-0.6673935460859486,0.0,1.0,0.0,0.0,0.0,1.0,0.0
-0.9720540039316119,-0.6104677667277416,-1.4447074523923538,0.7513059539015262,1.0994862343811829,-0.0429094956498373,-0.1623898084254751,1.0,0.0,0.0,0.0,0.0,0.0,1.0
1.7238390812478788,0.2545430837718629,0.04925207772716631,-1.067340304439043,-0.5214564510186963,0.569415419629165,-0.13729645500135218,1.0,0.0,0.0,1.0,0.0,0.0,0.0
1.993428389765828,0.1111101621328978,-0.06598305915212468,-0.040685158601624825,0.040347547898307745,-1.8355128708144544,0.7346975764869185,1.0,0.0,0.0,0.0,0.0,1.0,0.0
-0.7024646954136627,-1.2084727169455804,-0.787098937934533,-1.6686668898581023,-0.36949307426245737,-0.3712576386255345,2.0426886237193247,1.0,0.0,1.0,0.0,0.0,0.0,0.0
0.10630323014018443,-0.7958272346919425,0.04925207772716631,1.2206340205700592,-1.112425138404068,-0.7528514264081011,0.09481706417178475,0.0,1.0,0.0,1.0,0.0,0.0,0.0
-1.241643312449561,-0.5398546360747125,0.05795873251360099,-0.30468219610267605,1.0994862343811829,-1.1078223917872334,0.36770728265912106,0.0,1.0,1.0,0.0,0.0,0.0,0.0
-1.51123262096751,0.22364983911116262,0.7186401839548697,1.5286305643212845,0.13781900672680394,-0.7528514264081011,0.6907842079947037,1.0,0.0,0.0,0.0,0.0,1.0,0.0
1.993428389765828,0.7797282430037654,1.5411629831910536,0.4579759122336923,0.7525799399679516,-0.3978804610289696,-0.17807315431555185,0.0,1.0,0.0,1.0,0.0,0.0,0.0
0.6454818471760826,0.8966812406478445,1.5411629831910536,1.1326350080697098,1.0994862343811829,-1.4006734382250174,1.6568783148234356,1.0,0.0,0.0,0.0,0.0,0.0,1.0
0.10630323014018443,-1.851714203988016,-0.7297374475768412,-0.6860112502708595,-2.0788891898196917,1.7940652501871701,0.7880209525131796,1.0,0.0,0.0,1.0,0.0,0.0,0.0
-1.241643312449561,0.40238932607664224,0.5906011429778797,0.36997689973334275,1.0994862343811829,0.5427925972257306,-0.1623898084254751,1.0,0.0,0.0,0.0,0.0,0.0,1.0
-0.16328607837776465,1.1283805756030958,1.079198123346073,-0.3780147065196342,1.0994862343811829,0.1700730835776421,-1.4099999739810856,1.0,0.0,0.0,0.0,0.0,1.0,0.0
-0.4328753868957137,0.2721963664351202,1.5411629831910536,1.8366271080725112,1.0158296279850716,-0.6907315074667536,-0.1623898084254751,1.0,0.0,0.0,0.0,0.0,0.0,1.0
1.993428389765828,1.8676117871269928,1.5411629831910536,0.2673113851496005,1.0994862343811829,0.8356436436635145,-0.7207169221122097,1.0,0.0,0.0,0.0,1.0,0.0,0.0
0.10630323014018443,-1.851714203988016,-1.888234690336647,-1.8446649148588028,-2.0788891898196917,-1.4006734382250174,1.362031412089991,1.0,0.0,1.0,0.0,0.0,0.0,0.0
-1.241643312449561,-1.4622386552299032,-1.516409315339467,-0.6860112502708595,-2.0788891898196917,-0.12277796286014188,-0.14356979335738304,1.0,0.0,0.0,0.0,0.0,1.0,0.0
-1.51123262096751,0.8348947513264443,0.5363125896036358,-0.14335067318536704,0.08332708879906228,-0.8770912642907979,-0.7269902604682403,1.0,0.0,0.0,1.0,0.0,0.0,0.0
-0.7024646954136627,0.3714960814159419,-0.1673899796059017,0.7513059539015262,1.0994862343811829,-0.06065804391879431,0.7252875689528726,1.0,0.0,0.0,0.0,0.0,1.0,0.0
1.4542497727299297,-0.5795745220670413,0.35500930758021837,-1.7419994002750605,-0.8706652208373253,-1.8355128708144544,0.6688275237485961,0.0,1.0,0.0,0.0,0.0,0.0,1.0
0.6454818471760826,1.8676117871269928,-0.5494584778812388,-1.2140053252729595,-2.0326478087612916,1.48346565548043,-1.2821807049769596,1.0,0.0,0.0,0.0,0.0,0.0,1.0
-0.9720540039316119,1.589572585180691,0.2556510117820742,0.47264241431708365,1.0994862343811829,-0.2647663490117948,-1.4099999739810856,1.0,0.0,0.0,0.0,0.0,1.0,0.0
0.3758925386581335,1.2563668749117112,0.7329805565442926,1.8366271080725112,0.9206606445619729,0.8977635626048621,-0.28785657554608973,1.0,0.0,0.0,0.0,0.0,1.0,0.0
0.10630323014018443,-0.3809750921053977,1.327081706677526,-0.7006777523542509,-0.780101188225021,-0.5664916695840568,-0.8305003433427474,1.0,0.0,0.0,0.0,1.0,0.0,0.0
0.9150711556940316,-1.851714203988016,-1.1906779950940052,-0.09935116693519162,0.15777379357358315,-0.4777489282392742,-1.018700494023669,1.0,0.0,0.0,0.0,0.0,0.0,1.0
-0.16328607837776465,-1.851714203988016,-0.2585537767815172,-1.8446649148588028,0.15777379357358315,0.06358179396390239,-0.3537266282844123,1.0,0.0,0.0,0.0,0.0,0.0,1.0
0.6454818471760826,-0.5376479757418055,-1.926134246465835,1.7779610997389446,0.34504179321258416,1.6343283157665611,-0.28471990636807415,1.0,0.0,0.0,1.0,0.0,0.0,0.0
1.993428389765828,1.8676117871269928,0.20955695703035757,-0.23134968568571657,1.0994862343811829,1.2083631573116023,-1.4099999739810856,1.0,0.0,0.0,0.0,0.0,1.0,0.0
-0.4328753868957137,-1.6498047835270113,0.20033814608001393,-0.5980122377705087,-1.0303035156115556,1.7141967829768656,-0.48546673376105753,1.0,0.0,0.0,0.0,0.0,0.0,1.0
0.6454818471760826,-0.7185941230401922,-1.25213673476296,-1.8446649148588028,-1.1369848760616426,1.1373689642357758,-1.3762807803174204,1.0,0.0,0.0,0.0,1.0,0.0,0.0
1.993428389765828,0.9981876159615738,0.7555154277562427,0.35531039764995004,1.0994862343811829,-1.4006734382250174,-1.2006273063485602,1.0,0.0,0.0,0.0,1.0,0.0,0.0
1.4542497727299297,-1.851714203988016,-1.926134246465835,-0.5980122377705087,-2.0788891898196917,-0.619737314390927,-0.6924868995100715,1.0,0.0,0.0,0.0,0.0,1.0,0.0
-0.16328607837776465,-1.851714203988016,-0.11105280157602494,0.5899744309842172,-0.8230807291257755,-0.3535090903565783,-0.31922326732624323,1.0,0.0,0.0,0.0,0.0,1.0,0.0
-0.4328753868957137,-0.3500818474446974,1.0484687535115957,-0.8473427731881673,1.0994862343811829,-0.18489788180149022,-0.36940997417448906,0.0,1.0,0.0,0.0,0.0,0.0,1.0
-0.7024646954136627,1.8168585994701283,1.503263427061864,-0.9206752836051267,1.0994862343811829,0.13457598703972884,0.5245407415598892,1.0,0.0,0.0,0.0,0.0,1.0,0.0
1.1846604642119807,0.2126165374466271,0.108150036576582,-1.331337341940093,-0.13847804192090227,0.8800150143359059,-0.25021654540990534,0.0,1.0,0.0,0.0,1.0,0.0,0.0
-0.9720540039316119,-0.01908279750862427,-0.916162291239338,-0.7740102627712091,0.5092850387976098,-0.30913771968418613,0.245377184716522,1.0,0.0,0.0,0.0,1.0,0.0,0.0
-0.9720540039316119,-0.341255206113069,0.40110336233193505,0.12064636431568289,0.32892446537480063,-0.8504684418873627,2.1211053531697086,0.0,1.0,1.0,0.0,0.0,0.0,0.0
1.1846604642119807,0.26557638543639844,-0.7973420612126916,0.6193074351510013,1.0411568574444445,0.5960382420326,0.2704705381406449,1.0,0.0,0.0,0.0,1.0,0.0,0.0
0.6454818471760826,0.16627667045557665,0.4215896088882523,0.06198035598211609,-0.9604617616478301,-0.6907315074667536,0.8883943662096713,1.0,0.0,0.0,1.0,0.0,0.0,0.0
-1.241643312449561,-1.851714203988016,0.8384847263093325,-1.8446649148588028,-1.7793755141675602,0.2055701801155553,0.02581034225544656,1.0,0.0,1.0,0.0,0.0,0.0,0.0
-0.9720540039316119,0.47300245672967123,0.6500112579912029,1.2206340205700592,1.015062136183273,0.6936552575118616,-0.7175802529341945,0.0,1.0,0.0,0.0,0.0,1.0,0.0
-0.7024646954136627,1.4549663048733548,-0.6201360285005371,0.36997689973334275,1.0994862343811829,0.2676900990569029,-1.181807291280468,1.0,0.0,1.0,0.0,0.0,0.0,0.0
-0.4328753868957137,1.7881720151423355,1.5411629831910536,1.4846310580711104,1.0994862343811829,-0.7528514264081011,-0.1623898084254751,1.0,0.0,0.0,0.0,0.0,1.0,0.0
1.1846604642119807,-0.4824814674191266,1.2338692848462776,0.8979709747354425,1.0994862343811829,-0.2825148972807518,-1.078297208405961,1.0,0.0,1.0,0.0,0.0,0.0,0.0
-0.16328607837776465,-0.3522885077776045,0.6438653840243072,-0.7740102627712091,-0.007236943813242082,-1.2941821486112777,1.155011246340977,1.0,0.0,0.0,0.0,0.0,0.0,1.0
0.3758925386581335,0.6693952263584076,-0.037302313973278815,-0.5980122377705087,1.0994862343811829,0.22331872838451153,-1.304137389223067,1.0,0.0,0.0,0.0,1.0,0.0,0.0
1.7238390812478788,0.9055078819794736,0.013913302417517185,-0.994007794022085,-1.0172561549809693,1.7940652501871701,0.010126996365369801,1.0,0.0,0.0,1.0,0.0,0.0,0.0
1.4542497727299297,-1.5372651065487464,-0.5136075464076822,0.35531039764995004,-0.9865564829090027,1.7940652501871701,-0.6736668844419792,1.0,0.0,0.0,0.0,0.0,0.0,1.0
1.993428389765828,-0.016876137175717162,0.31608543912321385,-0.3193486981860674,-2.0788891898196917,-0.06065804391879431,-0.6548468693738871,1.0,0.0,0.0,0.0,0.0,0.0,1.0
-1.241643312449561,0.049323672811497625,0.04925207772716631,0.09131336014890014,-0.20448233687563214,0.9865063039496448,-0.2627632221219668,1.0,0.0,1.0,0.0,0.0,0.0,0.0
-1.51123262096751,0.8635813356542374,0.26896707204368075,1.235300522653452,1.0994862343811829,-0.8149713453494495,0.5621807716960738,0.0,1.0,0.0,0.0,1.0,0.0,0.0
-0.7024646954136627,0.2788163474338415,1.238990846485357,0.7953054601517003,0.6581784483466515,-1.8355128708144544,2.258334629707881,1.0,0.0,1.0,0.0,0.0,0.0,0.0
1.1846604642119807,-1.8373709118241195,-1.5625033700911837,-1.1846723211061767,-2.0788891898196917,-0.610863040256449,0.47121736553362803,0.0,1.0,0.0,0.0,0.0,1.0,0.0
1.993428389765828,-0.6656342750504204,-1.926134246465835,1.8366271080725112,-1.3879546952499757,-1.6402788398559311,1.3714414196240374,0.0,1.0,0.0,0.0,0.0,0.0,1.0
-0.7024646954136627,-0.7252141040389135,-0.05778856052959751,-1.4046698523570524,-0.2773940580465549,0.3209357438637731,-1.2821807049769596,0.0,1.0,0.0,0.0,0.0,0.0,1.0
0.3758925386581335,-0.9105735720031146,0.3621794938749291,0.7073064476513509,-1.665019235699482,1.7940652501871701,0.8037042984032566,1.0,0.0,0.0,0.0,0.0,0.0,1.0
1.4542497727299297,-0.7980338950248496,-0.3374258260233441,-0.8766757773549513,-1.2129665644397614,-1.6935244846628013,0.3802539593711825,0.0,1.0,1.0,0.0,0.0,0.0,0.0
1.4542497727299297,1.1460338582663534,-0.428589623198961,1.8366271080725112,-0.0755437141733696,0.34755856626720744,-0.8587303659448857,1.0,0.0,0.0,0.0,0.0,0.0,1.0
1.7238390812478788,0.5656821907117717,0.7975122331966951,1.8366271080725112,0.1600762689789808,0.6492838868394702,1.5157282018127438,0.0,1.0,0.0,0.0,0.0,0.0,1.0
1.993428389765828,0.5458222477156074,-0.7174456996430497,0.003314347648550597,1.0188995951922688,-0.3801319127600126,-0.9967438097775616,1.0,0.0,0.0,0.0,0.0,0.0,1.0
-1.51123262096751,-0.4913081087507554,-0.5494584778812388,-1.0526738023556517,-0.8399655487653575,1.2882316245219068,-0.3254966056822741,1.0,0.0,1.0,0.0,0.0,0.0,0.0
-1.51123262096751,0.5634755303788646,0.04925207772716631,-1.0966733086058258,0.8891934806882067,-0.8504684418873627,-0.6172068392377027,1.0,0.0,0.0,0.0,1.0,0.0,0.0
-1.241643312449561,1.5630926611858058,-0.7686613160338458,-0.6566782461040755,0.36192661285216615,0.6404096127049914,-0.9810604638874847,0.0,1.0,0.0,1.0,0.0,0.0,0.0
0.10630323014018443,0.12876344479615506,-1.2838904169252536,0.780638958068309,0.35962413744676847,0.6581581609739484,0.885257697031656,1.0,0.0,1.0,0.0,0.0,0.0,0.0
-0.9720540039316119,-1.204059396279766,-0.199143661768194,0.5899744309842172,0.039580056096508165,-0.3978804610289696,-0.7677669597824401,0.0,1.0,0.0,0.0,1.0,0.0,0.0
-0.4328753868957137,-0.9238135340005574,-0.006572944138801506,0.5899744309842172,0.7970944644723043,0.7823979988566443,1.3275280511318222,0.0,1.0,0.0,1.0,0.0,0.0,0.0
0.10630323014018443,1.8676117871269928,-0.3241097657617361,-0.7740102627712091,1.0994862343811829,1.7940652501871701,0.18578047033423026,0.0,1.0,0.0,1.0,0.0,0.0,0.0
-0.16328607837776465,-0.5023414104152909,-1.327935847021339,-1.463335860690618,-0.4416373036315806,-1.8355128708144544,-0.723853591290225,1.0,0.0,0.0,0.0,0.0,0.0,1.0
1.7238390812478788,1.0379075019539024,1.0249095699718291,0.941970480985618,1.0994862343811829,-1.5692846467801047,-0.6768035536199944,1.0,0.0,0.0,0.0,0.0,0.0,1.0
-0.16328607837776465,-0.05659602316804588,0.11327159821566131,-0.5393462294369419,-0.031796681470815484,-0.19377215593596833,0.2610605306065988,1.0,0.0,0.0,0.0,1.0,0.0,0.0
-0.16328607837776465,-0.6612209543846062,0.24028632686483486,0.5166419205672591,1.0994862343811829,0.3564328404016863,-0.9591037796413773,1.0,0.0,0.0,0.0,0.0,1.0,0.0
0.6454818471760826,-0.17575568114503243,-0.4849268012288363,0.19397887473264236,-0.8131033357023865,0.6847809833773827,0.9605377573040248,1.0,0.0,1.0,0.0,0.0,0.0,0.0
-0.4328753868957137,-0.6788742370478634,-1.044201332216328,-1.4340028565238352,-0.20371484507383364,-0.11390368872566377,-1.1755339529244373,1.0,0.0,0.0,0.0,0.0,1.0,0.0
0.3758925386581335,-0.023496118174438484,0.595722704616959,0.8246384643184844,0.15777379357358315,0.09020461636733672,0.21714716211438378,0.0,1.0,0.0,1.0,0.0,0.0,0.0
0.9150711556940316,-0.9811867026561436,-1.0401040829050652,-0.15801717526875841,-0.5582960575050564,0.613786790301557,-0.6579835385519024,0.0,1.0,0.0,0.0,0.0,0.0,1.0
-0.16328607837776465,1.7903786754752422,1.3424463915947653,0.809971962235093,0.8845885298774113,0.6936552575118616,1.5878715929070972,0.0,1.0,0.0,1.0,0.0,0.0,0.0
-1.241643312449561,0.4509358534005998,1.5411629831910536,0.7073064476513509,0.2613851868164727,0.6226610644360352,-0.7364002680022865,1.0,0.0,0.0,0.0,0.0,1.0,0.0
0.9150711556940316,1.8676117871269928,-0.09876105364223489,0.3113108913997759,1.0994862343811829,0.3564328404016863,1.1644212538750234,1.0,0.0,0.0,1.0,0.0,0.0,0.0
0.10630323014018443,-0.47586148642040527,0.709421373004526,0.34064389556655866,0.35655417023957126,-1.0989481176527554,-0.036923041304860474,1.0,0.0,0.0,0.0,0.0,0.0,1.0
0.3758925386581335,-0.689907538712399,-0.146903733049583,-1.8446649148588028,-1.0986102859716833,0.05470751982942349,-1.4099999739810856,1.0,0.0,0.0,0.0,1.0,0.0,0.0
0.3758925386581335,0.5237556443865359,-0.62218465315617,0.6779734434845681,0.9482903494267436,1.5367113002873003,-0.09651975568715249,0.0,1.0,0.0,0.0,0.0,1.0,0.0
0.6454818471760826,1.2012003665890323,0.5793337073719046,0.8833044726520513,1.0994862343811829,-1.7467701294696707,0.9511277497699789,1.0,0.0,0.0,0.0,0.0,0.0,1.0
-0.7024646954136627,0.42886925007152793,-0.21245972202980196,1.103302003902927,-0.2758590744429569,-0.22926925247388158,-1.3166840659351287,1.0,0.0,0.0,0.0,0.0,1.0,0.0
-0.4328753868957137,0.8900612596491235,0.7196644962826861,0.20864537681603373,1.0994862343811829,-0.30913771968418613,-0.7865869748505323,1.0,0.0,0.0,0.0,0.0,0.0,1.0
0.10630323014018443,0.8635813356542374,0.3294014993848204,0.5606414268174345,1.0994862343811829,-0.8770912642907979,-0.4290066885567808,1.0,0.0,0.0,0.0,0.0,1.0,0.0
0.6454818471760826,0.36487610041722063,1.1273408027534213,-0.568679233603726,-1.1362173842598429,0.04583324569494538,-0.930873757039239,0.0,1.0,0.0,0.0,0.0,0.0,1.0
-0.4328753868957137,-0.5773678617341341,-0.46546486700033407,-0.36334820443624155,-1.3112055150700572,-0.016286673246402185,-0.7771769673164862,0.0,1.0,1.0,0.0,0.0,0.0,0.0
-0.9720540039316119,0.9452277679718024,-1.350470718233289,-0.8326762711047759,0.36576407186116183,1.1906146090426462,-0.01810302623676842,1.0,0.0,0.0,0.0,0.0,0.0,1.0
-0.9720540039316119,-0.8112738570222926,-0.04242387561235812,-0.14335067318536704,0.26292017042007076,0.8533921919324707,-1.206900644704591,0.0,1.0,0.0,0.0,0.0,1.0,0.0
0.10630323014018443,-1.851714203988016,0.39290886370940786,-1.4193363544404438,-2.0788891898196917,-1.8355128708144544,-0.7614936214264094,0.0,1.0,0.0,1.0,0.0,0.0,0.0
-0.7024646954136627,0.37370274174884904,1.3854675093630342,0.9126374768188339,1.040389365642646,0.8800150143359059,-0.36627330499647376,0.0,1.0,0.0,0.0,0.0,0.0,1.0
1.1846604642119807,-1.186406113616509,-1.606548800187269,-1.3020043377733101,-1.9244314647076062,-0.41562900929792584,-0.5732934707454878,1.0,0.0,1.0,0.0,0.0,0.0,0.0
-0.7024646954136627,-1.851714203988016,-0.9274297268453131,-1.0966733086058258,-1.0947728269626875,0.10795316463629373,-1.4099999739810856,1.0,0.0,0.0,0.0,0.0,0.0,1.0
-1.51123262096751,1.470412927203705,0.2515537624708099,-1.1406728148560012,0.08639705600625841,0.5072955006878174,-0.027513033770814585,0.0,1.0,0.0,0.0,1.0,0.0,0.0
0.9150711556940316,1.5586793405199908,0.21160558168598897,-0.24601618776910925,0.24833782618588643,0.5427925972257306,0.7284242381308879,1.0,0.0,0.0,1.0,0.0,0.0,0.0
1.1846604642119807,1.4196597395468402,0.9450132084021888,0.3846434018167341,0.275967531050657,-0.5753659437185358,-0.1623898084254751,1.0,0.0,0.0,0.0,0.0,1.0,0.0
-0.7024646954136627,-0.6479809923871632,-1.6526428549389858,0.23797838098281646,0.4478856946536752,-0.5309945730461436,-1.0124271556676383,0.0,1.0,0.0,0.0,1.0,0.0,0.0
-1.241643312449561,1.066594086281696,1.5411629831910536,1.103302003902927,0.6297812516800814,1.2438602538495163,2.258334629707881,1.0,0.0,0.0,1.0,0.0,0.0,0.0
0.10630323014018443,1.3556665898925329,1.4981418654227847,1.8366271080725112,0.19077594105094756,0.6492838868394702,0.7378342456649337,0.0,1.0,0.0,1.0,0.0,0.0,0.0
0.9150711556940316,0.44652253273478515,0.9501347700412681,1.3526325393205856,1.0994862343811829,0.8711407402014277,-0.1623898084254751,0.0,1.0,1.0,0.0,0.0,0.0,0.0
0.3758925386581335,0.002983805820447194,-0.7491993818053435,1.8366271080725112,0.6819706942024264,-1.3740506158215822,-0.6172068392377027,1.0,0.0,1.0,0.0,0.0,0.0,0.0
-0.4328753868957137,1.3600799105583472,1.1150490548196312,-0.02601865651823345,1.0994862343811829,0.10795316463629373,-1.2319939981287138,1.0,0.0,0.0,0.0,1.0,0.0,0.0
0.10630323014018443,1.377733193221604,1.2410394711409882,1.8366271080725112,1.0994862343811829,0.5782896937636438,-0.011829687880737827,1.0,0.0,0.0,0.0,0.0,1.0,0.0
-1.241643312449561,0.629675340366079,-0.8772384227823335,0.1646458705658583,0.7372301039319676,0.2588158249224248,1.3902614346921291,0.0,1.0,0.0,0.0,0.0,1.0,0.0
-0.4328753868957137,0.7378016966785296,-0.08544499338062694,-0.3926812086030256,1.0994862343811829,0.38305566280512066,2.258334629707881,1.0,0.0,0.0,0.0,0.0,0.0,1.0
-0.16328607837776465,1.366699891557069,-0.5433126039143431,0.35531039764995004,0.8170492513190823,-0.5309945730461436,1.2679313367495304,1.0,0.0,0.0,0.0,1.0,0.0,0.0
1.7238390812478788,-0.08969592816165327,1.4991661777506011,-0.5540127315203346,-0.004166976606044862,0.39192993693959954,1.3149813744197605,1.0,0.0,1.0,0.0,0.0,0.0,0.0
0.10630323014018443,-0.5376479757418055,-1.885161753353199,0.003314347648550597,0.10711933465483611,-0.318011993818665,-0.1623898084254751,1.0,0.0,0.0,0.0,1.0,0.0,0.0
0.6454818471760826,-0.3500818474446974,-0.42244374923206524,0.20864537681603373,-1.2498061709261226,0.5516668713602088,-0.999880478955577,0.0,1.0,0.0,0.0,0.0,1.0,0.0
0.9150711556940316,0.11552348279871202,1.5411629831910536,-0.14335067318536704,0.9766875460933138,-1.480541905435322,-0.4258700193787655,0.0,1.0,0.0,0.0,0.0,1.0,0.0
-0.16328607837776465,0.40900930707536354,0.04925207772716631,-0.23134968568571657,-0.036401632281610766,-0.7528514264081011,-0.7677669597824401,1.0,0.0,0.0,0.0,0.0,0.0,1.0
1.7238390812478788,-1.851714203988016,-0.4961942368348114,-0.24601618776910925,-1.3119730068718567,-0.32688626795314313,-1.3668707727833744,1.0,0.0,0.0,0.0,0.0,1.0,0.0
0.6454818471760826,-0.8840936480082288,1.081246748001706,-0.9500082877719095,-0.2781615498483545,1.0131291263530806,-0.827363674164732,1.0,0.0,0.0,1.0,0.0,0.0,0.0
-0.4328753868957137,0.15745002912394823,-1.926134246465835,-1.4486693586072266,-1.6481344160598994,-0.7794742488115363,0.5214040723818739,1.0,0.0,0.0,0.0,0.0,0.0,1.0
-0.4328753868957137,1.8676117871269928,1.5411629831910536,0.003314347648550597,1.0994862343811829,-1.1433194883251467,-0.6924868995100715,1.0,0.0,0.0,1.0,0.0,0.0,0.0
-0.4328753868957137,1.8676117871269928,1.5411629831910536,1.8072941039057273,1.0350169230300512,1.7940652501871701,-0.5921134858135798,1.0,0.0,0.0,1.0,0.0,0.0,0.0
0.6454818471760826,-1.1157929829634798,-1.4211482688525872,-0.7300107565210336,-0.036401632281610766,-0.7262286040046668,1.2553846600374687,1.0,0.0,0.0,0.0,1.0,0.0,0.0
-0.4328753868957137,0.55906220971305,-0.2524079028146229,0.5166419205672591,-0.2213671565152141,-0.43337755756688284,-1.2445406748407752,1.0,0.0,1.0,0.0,0.0,0.0,0.0
1.4542497727299297,0.32074289375907733,1.5411629831910536,0.6046409330676086,-0.19450494345224306,-1.4894161795698,0.2641971997846143,1.0,0.0,0.0,0.0,0.0,0.0,1.0
-0.7024646954136627,0.9231611646427306,1.5411629831910536,1.7192950914053777,1.0994862343811829,-1.5870331950490617,-0.7709036289604554,0.0,1.0,0.0,0.0,1.0,0.0,0.0
-0.7024646954136627,0.33839617642233455,1.3619083258232676,1.1326350080697098,0.7709997432111316,1.7940652501871701,-0.6297535159497643,0.0,1.0,0.0,0.0,1.0,0.0,0.0
1.1846604642119807,-1.851714203988016,-1.926134246465835,-1.8446649148588028,-2.0280428579504965,1.2704830762529506,0.09795373334980004,1.0,0.0,0.0,0.0,1.0,0.0,0.0
0.10630323014018443,0.8304814306606301,0.11941747218255706,0.6046409330676086,-0.0962659928219473,1.7940652501871701,-1.2194473214166524,1.0,0.0,0.0,0.0,1.0,0.0,0.0
-0.9720540039316119,-0.7914139140261283,-1.384273025051214,-0.3340152002694588,0.15777379357358315,-1.3651763416871041,-1.4099999739810856,1.0,0.0,0.0,0.0,0.0,0.0,1.0
-1.241643312449561,0.8944745803149378,1.4858501174889933,0.6339739372343927,1.0994862343811829,0.6226610644360352,2.258334629707881,0.0,1.0,0.0,0.0,0.0,0.0,1.0
-0.4328753868957137,-0.3368418854472544,0.15014684201703438,-0.18735017943554247,-0.20755230408282935,1.4657171072114739,0.23283050800446053,0.0,1.0,0.0,1.0,0.0,0.0,0.0
0.9150711556940316,-0.10955587115781763,-1.4580235126539602,0.3113108913997759,-0.8315231389455665,-1.800015774276541,0.06658704156964625,1.0,0.0,0.0,0.0,0.0,0.0,1.0
-0.4328753868957137,-0.8002405553577567,-0.8055365598352188,-1.8446649148588028,-1.8077727108341304,-0.6907315074667536,0.28301721485270637,1.0,0.0,0.0,0.0,0.0,0.0,1.0
0.3758925386581335,-0.630327709723906,-1.5379198742236022,-1.1406728148560012,-0.840733040567157,0.6404096127049914,-1.4099999739810856,1.0,0.0,0.0,0.0,0.0,0.0,1.0
-0.4328753868957137,1.5630926611858058,-0.9960586528089799,-0.055351660685016194,1.0994862343811829,0.12570171290524995,0.19519047786827615,0.0,1.0,1.0,0.0,0.0,0.0,0.0
0.6454818471760826,-1.851714203988016,-0.3169395794670254,-1.1553393169393926,-1.3833497444391805,-1.4006734382250174,-0.3474532899283814,1.0,0.0,0.0,0.0,0.0,1.0,0.0
-0.16328607837776465,-0.444968241759705,0.4594891650174418,-0.02601865651823345,-0.2459268941727886,-0.1405265111290989,2.258334629707881,1.0,0.0,0.0,0.0,0.0,0.0,1.0
-0.9720540039316119,-1.0120799473168438,-0.4470272450996468,-1.8446649148588028,-0.36105066444266637,1.7940652501871701,-0.7175802529341945,1.0,0.0,0.0,0.0,0.0,1.0,0.0
-1.51123262096751,0.13097010512906215,1.351665202545109,-0.02601865651823345,0.5745218419505401,0.2854386473258599,-0.7113069145781635,1.0,0.0,0.0,0.0,0.0,1.0,0.0
1.993428389765828,1.0158408986248313,1.0535903151506751,1.7192950914053777,1.0994862343811829,-0.0340352215153592,-0.5701568015674722,0.0,1.0,0.0,0.0,1.0,0.0,0.0
0.10630323014018443,-0.4626215244229622,0.32530425007355607,0.19397887473264236,0.39339377672593245,-1.0723252952493203,-1.1755339529244373,1.0,0.0,0.0,0.0,0.0,1.0,0.0
0.3758925386581335,0.2788163474338415,0.031326611990388,1.3966320455707597,-0.41784505777580566,1.3858486400011691,-0.13102311664532157,0.0,1.0,0.0,0.0,1.0,0.0,0.0
1.1846604642119807,-0.2971219994549257,0.23106751591449123,0.8539714684852672,-0.609718008225602,-0.9658340056355805,-1.4099999739810856,1.0,0.0,0.0,0.0,1.0,0.0,0.0
1.7238390812478788,0.9496410886376166,0.9921315754817205,1.8366271080725112,1.0994862343811829,-1.0900738435182773,-0.00241968034669166,1.0,0.0,0.0,0.0,0.0,1.0,0.0
-1.241643312449561,1.5454393785225482,0.04925207772716631,0.5899744309842172,0.8914959560936043,0.21444445425003342,-0.30981325979219704,0.0,1.0,0.0,0.0,0.0,0.0,1.0
-1.51123262096751,0.03387705048114748,-0.5894066586660598,0.2673113851496005,0.49470269456342547,-0.4600003799703172,-1.078297208405961,0.0,1.0,0.0,0.0,1.0,0.0,0.0
1.1846604642119807,-0.4515882227584267,0.594698392289144,-0.4806802211033751,-0.08014866498416488,-0.2825148972807518,2.258334629707881,1.0,0.0,0.0,0.0,1.0,0.0,0.0
-0.16328607837776465,0.854754694322609,-0.4839024889010199,-0.8033432669379932,1.0994862343811829,-0.19377215593596833,0.22969383882644526,1.0,0.0,1.0,0.0,0.0,0.0,0.0
0.10630323014018443,-0.33904854578016147,-1.1118059458521798,-1.2286718273563522,1.0994862343811829,1.0663747711599494,1.2647946675715152,1.0,0.0,0.0,0.0,0.0,0.0,1.0
-0.4328753868957137,-0.01908279750862427,0.4461731047558353,-0.994007794022085,1.0994862343811829,0.11682743877077184,-0.5889768166355646,1.0,0.0,0.0,0.0,0.0,1.0,0.0
0.10630323014018443,0.9077145423123804,0.3078909405006852,-1.5220018690241848,0.45556061267166664,0.8001465471256013,-0.5576101248554107,1.0,0.0,0.0,0.0,0.0,1.0,0.0
-1.241643312449561,-0.7494873677008924,-0.4162978752651695,0.003314347648550597,-1.547592990024206,1.7940652501871701,2.258334629707881,1.0,0.0,0.0,1.0,0.0,0.0,0.0
0.9150711556940316,-0.4184883177648193,0.4809997239015769,-0.20201668151893384,0.15777379357358315,-1.4095477123594955,-1.4099999739810856,1.0,0.0,0.0,0.0,0.0,0.0,1.0
-0.9720540039316119,-1.4181054485717601,0.42671117052733304,0.41397640598351687,0.2621526786182723,0.028084697425989156,1.233427975791361,1.0,0.0,0.0,0.0,0.0,0.0,1.0
0.9150711556940316,-1.1113796622976657,0.30686662817287025,-0.5833457356871173,-0.6012755984058109,-0.5309945730461436,0.12932042512995356,1.0,0.0,0.0,0.0,0.0,1.0,0.0
0.6454818471760826,-0.2971219994549257,0.12146609683818849,-1.82999841277541,-0.10547589444353786,0.15232453530868506,1.4373114723623597,1.0,0.0,1.0,0.0,0.0,0.0,0.0
0.3758925386581335,1.2872601195724114,0.48202403622939194,-1.0233407981888676,1.0994862343811829,-0.3712576386255345,1.2961613593516688,1.0,0.0,0.0,0.0,0.0,0.0,1.0
0.3758925386581335,-0.04776938183641745,1.0402742548890687,-0.3340152002694588,-0.38407541849664173,-0.08728086632222865,-1.4099999739810856,1.0,0.0,0.0,0.0,0.0,0.0,1.0
-0.16328607837776465,0.13979674646069098,1.5411629831910536,1.792627601822336,0.9160556937511777,-1.8355128708144544,-0.2627632221219668,1.0,0.0,0.0,0.0,0.0,0.0,1.0
0.9150711556940316,-0.16030905881468227,1.5411629831910536,0.1646458705658583,-0.26895164822676393,-1.8355128708144544,-1.2947273816890212,1.0,0.0,0.0,0.0,0.0,1.0,0.0
-1.241643312449561,-1.3099790922593095,-1.8175571397173487,-1.1846723211061767,-1.2191064988541547,0.019210423291510258,-0.9089170727931314,1.0,0.0,0.0,0.0,0.0,0.0,1.0
0.10630323014018443,-0.0963159091603746,-0.03218075233419951,1.6312960789050268,1.0994862343811829,-0.3712576386255345,0.1732337936221688,0.0,1.0,0.0,0.0,0.0,1.0,0.0
1.1846604642119807,0.42004260873989946,0.1552684036561137,1.7192950914053777,1.0994862343811829,-1.4184219864939736,-0.07456307144104486,0.0,1.0,0.0,0.0,1.0,0.0,0.0
-0.9720540039316119,1.8676117871269928,-0.4367841218214882,-0.02601865651823345,0.06874474456487685,0.8001465471256013,-0.9559671104633619,0.0,1.0,1.0,0.0,0.0,0.0,0.0
-0.7024646954136627,-0.1360357951527033,0.04925207772716631,-0.3780147065196342,0.2736650556452594,1.323728721059821,0.2610605306065988,1.0,0.0,0.0,0.0,1.0,0.0,0.0
-1.241643312449561,0.23247648044279146,0.8968705289948392,0.5019754184838677,0.8646337430306321,-0.9303369090976673,1.490634848388621,0.0,1.0,0.0,0.0,0.0,0.0,1.0
-0.7024646954136627,1.8455451837979209,1.503263427061864,1.8366271080725112,1.0994862343811829,-0.1760236076670121,0.028947011433462132,1.0,0.0,0.0,0.0,0.0,1.0,0.0
-0.16328607837776465,0.4354892310702496,-0.2575294644537022,0.7953054601517003,0.5238673830317941,0.019210423291510258,-1.0877072159400072,0.0,1.0,1.0,0.0,0.0,0.0,0.0
-0.4328753868957137,0.46638247573094954,1.3608840134954512,1.6899620872385936,0.7341601367247704,1.7940652501871701,-0.9904704714215309,1.0,0.0,0.0,0.0,0.0,0.0,1.0
-0.4328753868957137,0.24792310277314158,0.30174506653379096,-0.8620092752715599,-0.7501690079548528,0.019210423291510258,1.7948917586561113,1.0,0.0,0.0,0.0,0.0,0.0,1.0
-0.16328607837776465,-1.851714203988016,-1.926134246465835,-1.8446649148588028,-2.0788891898196917,0.5960382420326,-0.7081702454001483,1.0,0.0,0.0,0.0,1.0,0.0,0.0
-1.51123262096751,0.42886925007152793,-1.196823869060901,1.176634514319885,-1.1116576466022694,-1.8355128708144544,-0.44469003444685784,0.0,1.0,0.0,0.0,0.0,0.0,1.0
1.993428389765828,0.8679946563200517,0.8866274057166806,-0.09935116693519162,-0.012609386425835855,1.4213457365390816,0.2202838312923991,0.0,1.0,0.0,0.0,1.0,0.0,0.0
1.993428389765828,0.7422150173443438,0.28228313230528723,-0.08468466485180025,0.20612577708693147,-0.9747082797700586,-0.8085436590966398,1.0,0.0,0.0,0.0,0.0,0.0,1.0
-0.16328607837776465,-1.851714203988016,-0.38761713008632365,-0.8913422794383427,-1.4777512360604805,0.5782896937636438,-1.37000744196139,1.0,0.0,0.0,0.0,1.0,0.0,0.0
-0.9720540039316119,-1.2503992632708163,-1.926134246465835,-1.8446649148588028,-1.9750859236263527,-1.0190796504424506,2.258334629707881,1.0,0.0,0.0,1.0,0.0,0.0,0.0
-0.16328607837776465,1.5476460388554556,-1.926134246465835,1.1473015101531012,1.0994862343811829,-0.9747082797700586,2.258334629707881,0.0,1.0,0.0,0.0,1.0,0.0,0.0
-0.4328753868957137,1.1504471789321677,0.07229910510302393,-0.40734771068641695,1.0994862343811829,-0.9480854573666243,2.258334629707881,0.0,1.0,0.0,0.0,0.0,1.0,0.0
-0.16328607837776465,0.34722281775396335,0.6940566880872882,0.7366394518181348,1.0994862343811829,-1.8355128708144544,-1.3417774193592518,1.0,0.0,0.0,1.0,0.0,0.0,0.0
0.9150711556940316,1.3622865708912546,1.2727931533032821,0.003314347648550597,1.0994862343811829,-0.33576054208762124,2.0834653230335247,1.0,0.0,0.0,0.0,0.0,1.0,0.0
-1.51123262096751,-0.36332180944214043,-1.5491873098295772,-1.1553393169393926,-0.8077308930897916,-1.3119306968802347,-0.1623898084254751,1.0,0.0,0.0,0.0,1.0,0.0,0.0
1.1846604642119807,-0.9392601563309076,0.7852204852629051,-1.1846723211061767,1.0994862343811829,-1.498290453704279,-1.0406571782697767,1.0,0.0,1.0,0.0,0.0,0.0,0.0
0.6454818471760826,0.23909646144151278,-1.0124476500540356,-1.3460038440234856,0.15777379357358315,-0.6286115885254052,-0.127886447467306,1.0,0.0,0.0,0.0,0.0,0.0,1.0
-1.51123262096751,0.12214346379743372,-0.3743010698247171,-1.331337341940093,0.691180595824017,-0.08728086632222865,2.258334629707881,1.0,0.0,0.0,0.0,1.0,0.0,0.0
1.7238390812478788,-0.630327709723906,-0.9684022199579504,0.5606414268174345,-0.43012492660459345,-0.7705999746770581,1.5502315627709127,1.0,0.0,1.0,0.0,0.0,0.0,0.0
1.4542497727299297,1.8676117871269928,1.5001904900784162,0.6779734434845681,1.0994862343811829,-0.007412399111924074,0.4680806963556127,1.0,0.0,0.0,0.0,1.0,0.0,0.0
-0.16328607837776465,0.5038957013903711,-0.5484341655534238,0.2819778872329919,0.040347547898307745,0.09907889050181562,-1.4099999739810856,1.0,0.0,0.0,0.0,0.0,0.0,1.0
-0.7024646954136627,-0.24636881179806103,0.04925207772716631,-1.2286718273563522,-1.2559461053405159,-0.9214626349631891,-1.0061538173116076,0.0,1.0,0.0,1.0,0.0,0.0,0.0
-1.51123262096751,-0.014669476842810055,-1.926134246465835,-0.3486817023528502,-0.565970975523049,-0.8593427160218409,-0.44469003444685784,0.0,1.0,1.0,0.0,0.0,0.0,0.0
-0.16328607837776465,0.5259623047194429,-0.38044694379161287,-0.11401766901858298,0.5929416451937213,1.039751948756515,0.9824944415501324,1.0,0.0,0.0,0.0,0.0,0.0,1.0
-1.241643312449561,-0.43834826076098365,0.23823770220920343,-0.12868417110197566,0.15777379357358315,0.44517558174646904,-0.3599999666404429,1.0,0.0,0.0,0.0,1.0,0.0,0.0
0.6454818471760826,1.1394138772676317,-0.3865928177585072,1.8366271080725112,-0.20294735327203406,0.13457598703972884,-0.5827034782795336,0.0,1.0,0.0,0.0,0.0,1.0,0.0
-1.51123262096751,1.8676117871269928,1.104805931541471,0.8246384643184844,0.15777379357358315,0.5339183230912518,-1.1755339529244373,0.0,1.0,0.0,0.0,1.0,0.0,0.0
0.6454818471760826,-1.851714203988016,-1.3566165922001847,-1.1260063127726099,-0.9382044993956533,0.9066378367393402,1.8482151346823725,1.0,0.0,0.0,0.0,0.0,1.0,0.0
-1.51123262096751,-0.4891014484178483,0.0497642338910738,0.29664438931638326,0.15777379357358315,0.21444445425003342,2.1618820524839086,0.0,1.0,0.0,0.0,1.0,0.0,0.0
0.9150711556940316,-1.851714203988016,-1.3607138415114477,-1.1553393169393926,-2.0788891898196917,-0.2825148972807518,-0.09651975568715249,1.0,0.0,0.0,0.0,0.0,1.0,0.0
-0.9720540039316119,-0.8201004983539214,0.7964879208688801,0.003314347648550597,-0.5920656967842215,-0.3535090903565783,2.258334629707881,1.0,0.0,1.0,0.0,0.0,0.0,0.0
0.9150711556940316,-1.851714203988016,-1.5870868659587667,-1.3753368481902684,-2.0788891898196917,-0.7705999746770581,2.1211053531697086,1.0,0.0,0.0,0.0,1.0,0.0,0.0
-0.7024646954136627,0.4906557393929285,-0.0905665550197077,0.42864290806690825,0.8347015627604639,0.37418138867064255,-1.0563405241598536,0.0,1.0,0.0,0.0,0.0,0.0,1.0
-0.16328607837776465,-0.3081553011194616,-1.164045874570791,0.4433094101503009,0.2728975638434609,0.15232453530868506,-0.748946944714348,1.0,0.0,0.0,0.0,1.0,0.0,0.0
-0.4328753868957137,-0.6854942180465847,-1.4211482688525872,-1.492668864857402,-1.353417564169012,-0.06065804391879431,-1.1347572536102375,0.0,1.0,0.0,0.0,1.0,0.0,0.0
-1.51123262096751,0.2501297631060487,-0.5136075464076822,-0.7593437606878177,1.0994862343811829,0.44517558174646904,-0.4195966810227349,1.0,0.0,0.0,0.0,0.0,0.0,1.0
-0.9720540039316119,0.9761210126325026,0.7288833072330283,1.6752955851552023,1.0994862343811829,-0.9037140866942321,-0.3004032522581512,0.0,1.0,0.0,0.0,0.0,0.0,1.0
-0.7024646954136627,1.0003942762944813,1.29840096149868,1.6312960789050268,1.0994862343811829,-0.5664916695840568,-0.021239695414783714,0.0,1.0,0.0,0.0,0.0,1.0,0.0
-0.9720540039316119,0.5083090220561858,0.6387438223852278,-1.2286718273563522,1.0994862343811829,0.2676900990569029,0.4116206511513363,1.0,0.0,1.0,0.0,0.0,0.0,0.0
0.3758925386581335,-0.021289457841531377,0.543482775898348,1.660629083071811,0.6773657433916311,-0.06065804391879431,-0.1623898084254751,1.0,0.0,0.0,0.0,0.0,0.0,1.0
-0.9720540039316119,1.4461396635417263,0.7288833072330283,1.7779610997389446,1.0994862343811829,0.019210423291510258,0.5998208018322579,0.0,1.0,0.0,0.0,0.0,0.0,1.0
-0.4328753868957137,1.8676117871269928,1.371127136773611,0.8833044726520513,1.0994862343811829,0.6936552575118616,-0.7175802529341945,1.0,0.0,1.0,0.0,0.0,0.0,0.0
0.3758925386581335,-1.0694531159724296,-0.5678960997819261,-1.6833333919414937,-2.0280428579504965,0.6670324351084265,0.37084395183713664,1.0,0.0,0.0,0.0,1.0,0.0,0.0
-0.9720540039316119,0.022843748816611553,1.5411629831910536,-1.6100008815245355,1.0994862343811829,0.6226610644360352,-0.11220310157722925,0.0,1.0,0.0,0.0,1.0,0.0,0.0
1.4542497727299297,-0.01908279750862427,-0.9704508446135819,-0.15801717526875841,-0.7509364997566522,0.44517558174646904,-0.36313663581845823,1.0,0.0,0.0,0.0,0.0,0.0,1.0
1.993428389765828,-0.5398546360747125,0.37651986646435204,0.8393049664018758,-1.4040720230877592,0.06358179396390239,0.2046004854023223,1.0,0.0,0.0,1.0,0.0,0.0,0.0
-0.9720540039316119,0.1442100671265052,0.7985365455245116,1.073968999736143,0.411046088167314,0.8178950953945575,1.6788349990695426,0.0,1.0,0.0,0.0,1.0,0.0,0.0
0.3758925386581335,-1.0407665316446366,-1.926134246465835,-0.9353417856885181,0.15777379357358315,1.3947229141356474,1.992501916871079,1.0,0.0,0.0,1.0,0.0,0.0,0.0
0.10630323014018443,0.41121596740827066,1.226699098551567,-0.011352154434842079,-0.3433983530012848,-0.9037140866942321,1.4153547881162523,1.0,0.0,0.0,1.0,0.0,0.0,0.0
-0.16328607837776465,1.4395196825430046,0.04925207772716631,-0.8766757773549513,1.0994862343811829,-1.1255709400561897,-0.8838237193690086,1.0,0.0,0.0,0.0,0.0,1.0,0.0
-1.241643312449561,0.455349174066414,1.5411629831910536,0.5899744309842172,1.0994862343811829,-0.007412399111924074,1.3055713668857145,1.0,0.0,1.0,0.0,0.0,0.0,0.0
-0.16328607837776465,-0.5177880327456411,0.6407924470408592,-1.2433383294397435,1.0994862343811829,0.569415419629165,1.3996714422261756,1.0,0.0,0.0,0.0,0.0,0.0,1.0
-0.4328753868957137,-0.01908279750862427,0.04925207772716631,1.8366271080725112,-1.1600096301156178,-0.5842402178530138,-0.748946944714348,1.0,0.0,0.0,1.0,0.0,0.0,0.0
0.6454818471760826,0.39356268474501344,0.3673010555140099,-1.654000387774711,1.0994862343811829,0.8445179177979927,0.21714716211438378,1.0,0.0,0.0,0.0,0.0,1.0,0.0
1.4542497727299297,0.8922679199820303,0.01084036543406931,0.3259773934831673,0.06567477735768072,-0.8770912642907979,-0.5795668091015184,1.0,0.0,1.0,0.0,0.0,0.0,0.0
1.1846604642119807,-1.6122915578675896,-1.1281949430972342,-0.055351660685016194,-1.3656974329978,-1.8355128708144544,0.33634059087896756,1.0,0.0,1.0,0.0,0.0,0.0,0.0
-1.241643312449561,-1.4820985982260675,0.7964879208688801,-0.436680714853201,0.15777379357358315,1.767442427783736,-0.2627632221219668,0.0,1.0,0.0,0.0,0.0,0.0,1.0
0.10630323014018443,0.47520911706257835,0.953207707024716,-0.15801717526875841,0.5407522026713761,-0.22926925247388158,-1.131620584432222,0.0,1.0,1.0,0.0,0.0,0.0,0.0
-0.4328753868957137,-1.851714203988016,-0.9192352282227859,-0.7153442544376423,-2.0788891898196917,0.03695897156046727,0.03208368061147743,1.0,0.0,0.0,0.0,0.0,0.0,1.0
-1.51123262096751,1.8676117871269928,0.04925207772716631,1.1326350080697098,0.2874799080776453,0.5250440489567736,-0.7897236440285477,1.0,0.0,1.0,0.0,0.0,0.0,0.0
-0.16328607837776465,0.8128281479973728,-1.046249956871961,0.03264735181533334,-1.8054702354287329,1.7940652501871701,1.0232711408643318,0.0,1.0,1.0,0.0,0.0,0.0,0.0
0.6454818471760826,-0.01908279750862427,-0.9315269761565774,0.6339739372343927,0.4041386619511211,1.5722083968252127,-0.1561164700694445,1.0,0.0,0.0,0.0,0.0,1.0,0.0
-0.7024646954136627,-1.851714203988016,-1.592208427597846,-0.436680714853201,-0.7286792375044754,-1.4716676313008439,0.4147573203293516,0.0,1.0,0.0,0.0,0.0,0.0,1.0
-1.51123262096751,-0.18458232247666084,0.1982895214243825,1.2646335268202347,-0.3771679922804488,0.9243863850082964,-0.5450634481433493,1.0,0.0,0.0,1.0,0.0,0.0,0.0
-0.4328753868957137,-0.5884011633986701,1.1252921780977898,1.0153029914025762,-1.2513411545297206,0.38305566280512066,-0.1623898084254751,1.0,0.0,0.0,0.0,0.0,1.0,0.0
-1.51123262096751,-1.1224129639622014,0.826192978375541,0.7659724559849176,-1.1162625974130649,1.7940652501871701,-1.4099999739810856,0.0,1.0,0.0,0.0,0.0,0.0,1.0
0.3758925386581335,1.3622865708912546,1.0576875644619395,1.8219606059891187,0.30820218672622296,-0.3801319127600126,-1.3762807803174204,1.0,0.0,0.0,0.0,1.0,0.0,0.0
-0.4328753868957137,1.40421311721649,-1.926134246465835,1.5872965726548514,1.0994862343811829,-0.76172570054258,0.20146381622430704,1.0,0.0,0.0,1.0,0.0,0.0,0.0
0.10630323014018443,0.8724079769858659,0.4799754115737605,0.003314347648550597,1.0994862343811829,-0.76172570054258,1.6129649463312203,1.0,0.0,0.0,0.0,0.0,0.0,1.0
-1.51123262096751,1.529992756192198,0.1521954666726658,0.8393049664018758,1.0994862343811829,-0.8060970712149713,-0.20002983856165948,1.0,0.0,0.0,0.0,0.0,0.0,1.0
0.10630323014018443,0.969501031633781,1.3393734546113174,0.5313084226506505,1.0994862343811829,0.7646494505876881,2.258334629707881,1.0,0.0,0.0,0.0,0.0,0.0,1.0
-0.16328607837776465,0.6230553593673577,0.415443734921358,0.4579759122336923,1.0994862343811829,0.46292413001542526,-0.47919339540502665,0.0,1.0,1.0,0.0,0.0,0.0,0.0
-0.16328607837776465,1.5255794355263836,0.0026458668115421236,-1.331337341940093,1.0994862343811829,1.5633341226907347,0.7692009374450879,1.0,0.0,1.0,0.0,0.0,0.0,0.0
0.6454818471760826,-0.16030905881468227,0.04925207772716631,-1.0526738023556517,1.0994862343811829,-0.6996057816012317,-1.2414040056627598,1.0,0.0,0.0,1.0,0.0,0.0,0.0
-1.51123262096751,-1.0407665316446366,-1.926134246465835,-0.906008781521734,-1.0993777777734828,-1.8355128708144544,-1.3888274570294818,1.0,0.0,1.0,0.0,0.0,0.0,0.0
-0.4328753868957137,-0.6281210493909988,-1.926134246465835,-0.7593437606878177,-0.8038934340807958,1.7940652501871701,-0.48546673376105753,1.0,0.0,0.0,0.0,0.0,0.0,1.0
0.10630323014018443,0.5436155873827002,1.5411629831910536,1.6752955851552023,1.0994862343811829,1.6609511381699953,-1.0281105015577152,1.0,0.0,0.0,0.0,0.0,1.0,0.0
1.1846604642119807,-0.39200839376993324,-0.22987303160267275,-1.6246673836079268,0.15777379357358315,-0.5664916695840568,-0.7646302906044247,1.0,0.0,0.0,0.0,1.0,0.0,0.0
-0.16328607837776465,-0.1338291348197962,0.04925207772716631,-0.8913422794383427,1.0994862343811829,-0.45112610583583906,0.4806273730676742,1.0,0.0,1.0,0.0,0.0,0.0,0.0
-0.9720540039316119,-1.5659516908765394,-0.8188526200968268,-0.6273452419372928,-0.9335995485848579,-1.8355128708144544,1.5031815251006826,1.0,0.0,0.0,1.0,0.0,0.0,0.0
-1.51123262096751,0.7863482240024872,1.5411629831910536,0.7513059539015262,1.0994862343811829,-0.45112610583583906,-0.6893502303320559,0.0,1.0,0.0,1.0,0.0,0.0,0.0
-0.16328607837776465,-0.016876137175717162,-0.7174456996430497,-0.40734771068641695,0.24296538357329264,-1.8355128708144544,1.8921285031745878,0.0,1.0,1.0,0.0,0.0,0.0,0.0
-1.51123262096751,0.32956953509070613,-1.926134246465835,1.279300028903626,0.9260330871745668,-0.1405265111290989,-0.14670646253539835,1.0,0.0,0.0,0.0,0.0,0.0,1.0
0.3758925386581335,-1.4820985982260675,-1.7939979561775823,-0.42201421276980833,-2.0788891898196917,0.48067267828438226,-1.1190739077201608,1.0,0.0,0.0,1.0,0.0,0.0,0.0
-0.9720540039316119,-0.6766675767149564,1.2512825944191484,0.09131336014890014,0.6673883499682421,0.9421349332772543,0.16382378608812265,1.0,0.0,0.0,0.0,0.0,0.0,1.0
1.993428389765828,-0.01908279750862427,0.9071136522729993,0.5313084226506505,1.0542042180750308,-1.205439407266495,0.07599704910369241,1.0,0.0,1.0,0.0,0.0,0.0,0.0
1.993428389765828,-0.0676293248325818,-0.49107267519573206,0.42864290806690825,0.6750632679862335,0.7646494505876881,1.0891411936026547,1.0,0.0,0.0,0.0,1.0,0.0,0.0
0.6454818471760826,-0.01908279750862427,-1.926134246465835,-0.5833457356871173,-1.934408858130996,0.11682743877077184,-1.285317374154975,1.0,0.0,0.0,1.0,0.0,0.0,0.0
0.10630323014018443,-1.851714203988016,-1.849310821879641,-1.8446649148588028,-0.49229176255032653,1.1906146090426462,-0.23139653034181298,0.0,1.0,0.0,0.0,0.0,0.0,1.0
1.7238390812478788,0.5237556443865359,-1.0083504007427713,-0.7153442544376423,0.15777379357358315,-0.24701780074283858,-0.6830768919760254,1.0,0.0,0.0,0.0,0.0,0.0,1.0
-0.16328607837776465,-1.6564247645257328,-0.41322493828172163,-1.8446649148588028,0.45556061267166664,-1.8355128708144544,-0.290993244724105,0.0,1.0,0.0,0.0,0.0,1.0,0.0
0.3758925386581335,0.8084148273315586,-0.0649587468243097,-0.8473427731881673,1.0994862343811829,0.9066378367393402,0.06031370321361565,1.0,0.0,0.0,0.0,0.0,1.0,0.0
0.3758925386581335,0.8194481289960945,0.04925207772716631,1.8366271080725112,1.0994862343811829,0.9066378367393402,-1.3731441111394052,0.0,1.0,0.0,0.0,0.0,0.0,1.0
0.6454818471760826,0.6076087370370076,1.440780375065093,0.7366394518181348,1.0994862343811829,0.3564328404016863,0.9793577723721171,1.0,0.0,0.0,0.0,0.0,0.0,1.0
-0.4328753868957137,1.8676117871269928,1.5411629831910536,1.4259650497375438,1.0994862343811829,0.9598834815462105,-1.4099999739810856,1.0,0.0,0.0,0.0,1.0,0.0,0.0
0.9150711556940316,1.1019006516082097,0.8784329070941534,0.9273039789022266,-1.0794229909267037,1.7940652501871701,-0.8085436590966398,1.0,0.0,0.0,0.0,0.0,0.0,1.0
0.6454818471760826,-0.01908279750862427,-0.20733816039072117,0.34064389556655866,0.32508700636580495,-0.300263445549708,0.6531441778585191,1.0,0.0,1.0,0.0,0.0,0.0,0.0
-0.16328607837776465,1.8676117871269928,-1.4887528824884375,-0.15801717526875841,0.49470269456342547,-0.42450328343240473,-0.41332334266670406,1.0,0.0,0.0,0.0,0.0,1.0,0.0
0.6454818471760826,-0.43614160042807654,-1.926134246465835,-0.275349191935892,-0.4247524839919986,-1.8355128708144544,-0.30981325979219704,0.0,1.0,0.0,0.0,1.0,0.0,0.0
0.9150711556940316,1.0886606896107671,1.491995991455889,0.780638958068309,0.13014408870881253,-0.60198876612197,0.43985067375347453,1.0,0.0,1.0,0.0,0.0,0.0,0.0
-0.9720540039316119,0.6252620197002647,-1.926134246465835,-0.3486817023528502,0.46170054708605995,-0.6641086850633184,-1.0281105015577152,1.0,0.0,1.0,0.0,0.0,0.0,0.0
0.9150711556940316,0.9805343332983169,0.236189077553572,0.648640439317784,1.0994862343811829,0.5250440489567736,0.0038536580093392102,0.0,1.0,0.0,1.0,0.0,0.0,0.0
0.3758925386581335,-0.17796234147793952,0.5270937786532922,0.03264735181533334,0.13244656411421019,-0.8682169901563197,2.258334629707881,0.0,1.0,0.0,0.0,0.0,1.0,0.0
0.6454818471760826,0.08683689847091923,-0.036278001645463825,-0.7153442544376423,1.0994862343811829,-0.05178376978431541,-0.9841971330655002,1.0,0.0,0.0,0.0,0.0,0.0,1.0
-1.51123262096751,1.8676117871269928,0.46563503898433756,0.4579759122336923,1.0994862343811829,1.2261117055805602,-0.1623898084254751,1.0,0.0,0.0,0.0,0.0,1.0,0.0
1.993428389765828,-0.04997604216932456,0.09278535165934261,-0.26068268985250065,1.0994862343811829,-0.8593427160218409,-0.67994022279801,0.0,1.0,0.0,0.0,0.0,0.0,1.0
1.4542497727299297,1.496892851198591,0.6080144525507505,0.941970480985618,0.4486531864554737,-0.1582750593980551,-1.2163106522386369,1.0,0.0,0.0,0.0,1.0,0.0,0.0
0.3758925386581335,-0.6943208593782136,0.37139830482527275,-0.18735017943554247,-0.1561303533622838,1.7940652501871701,-0.008693018702722252,1.0,0.0,0.0,1.0,0.0,0.0,0.0
-0.4328753868957137,0.570095511377586,1.5411629831910536,1.8366271080725112,1.0994862343811829,-1.5249132761077133,-0.8179536666306858,0.0,1.0,0.0,0.0,0.0,0.0,1.0
1.993428389765828,0.34722281775396335,0.04925207772716631,1.0299694934859676,-0.9090398109272846,-1.8355128708144544,-0.014966357058753122,0.0,1.0,0.0,0.0,0.0,0.0,1.0
-0.7024646954136627,1.8676117871269928,0.8282416030311739,1.8366271080725112,0.768697267805734,-0.016286673246402185,-0.6391635234838103,1.0,0.0,1.0,0.0,0.0,0.0,0.0
0.6454818471760826,-0.21988888780317534,1.5411629831910536,0.047313853898724716,-0.9351345321884571,-0.60198876612197,-0.1623898084254751,0.0,1.0,0.0,1.0,0.0,0.0,0.0
-0.4328753868957137,0.0007771454875400869,-0.2442134041920957,0.14997936848246693,1.0994862343811829,1.0663747711599494,0.9103510504557789,1.0,0.0,0.0,0.0,1.0,0.0,0.0
0.10630323014018443,0.029463729815333264,0.262821198076785,0.2233118788994251,0.04571999051090152,1.2616088021184726,-1.4099999739810856,0.0,1.0,0.0,1.0,0.0,0.0,0.0
0.3758925386581335,0.3075029317616347,0.3488634336133226,-0.09935116693519162,-1.0610031876835235,-1.8355128708144544,-1.1065272310080994,1.0,0.0,0.0,0.0,0.0,0.0,1.0
1.993428389765828,-0.12058917282235355,-0.2370432178973835,-0.08468466485180025,-0.3173036317401123,1.5988312192286487,-0.2941299139021203,1.0,0.0,1.0,0.0,0.0,0.0,0.0
-1.51123262096751,-0.46703484508877646,-0.62218465315617,0.17931237264924968,0.6435961041124671,0.43630130761199093,0.15755044773209176,1.0,0.0,0.0,0.0,1.0,0.0,0.0
-0.16328607837776465,-1.851714203988016,0.04925207772716631,-1.8446649148588028,-0.4991991887665195,0.5516668713602088,-0.9622404488193926,1.0,0.0,1.0,0.0,0.0,0.0,0.0
-1.51123262096751,-1.851714203988016,-0.5023401108017072,-1.2873378356899188,-1.433236711556128,-0.7262286040046668,0.10422707170583062,1.0,0.0,0.0,0.0,1.0,0.0,0.0
1.993428389765828,0.13097010512906215,-0.6580355846297266,-0.055351660685016194,-0.21062227129002548,-1.010205376307972,0.0791337182817077,1.0,0.0,0.0,0.0,0.0,0.0,1.0
0.3758925386581335,-0.8532004033475284,1.0228609453161979,0.4579759122336923,0.15777379357358315,1.7940652501871701,-0.31922326732624323,0.0,1.0,0.0,1.0,0.0,0.0,0.0
1.993428389765828,1.8676117871269928,0.35910655689148124,-1.2873378356899188,-0.12312820588491942,-0.2558920748773167,-0.7395369371803018,0.0,1.0,0.0,0.0,0.0,1.0,0.0
-0.7024646954136627,1.8676117871269928,-0.8710925488154377,-1.8446649148588028,-0.16764273038927202,0.2588158249224248,-0.9465571029293157,1.0,0.0,0.0,0.0,0.0,0.0,1.0
-1.51123262096751,-0.8929202893398576,-1.0237150856600108,-1.4486693586072266,-1.605154875159145,0.7646494505876881,0.6531441778585191,1.0,0.0,0.0,0.0,1.0,0.0,0.0
-0.4328753868957137,-1.4512053535653675,0.6725461292031529,-1.0086742961054762,-0.7217718112882836,-0.1405265111290989,0.6343241627904268,1.0,0.0,0.0,0.0,0.0,0.0,1.0
-0.9720540039316119,-0.1669290398134036,0.26999138437149717,-0.4953467231867678,-0.06863628795717668,0.8090208212600795,-0.9371470953952697,0.0,1.0,0.0,1.0,0.0,0.0,0.0
-1.51123262096751,0.47741577739548546,0.504558907441342,0.17931237264924968,-0.1446179763352956,0.23219300251898964,-0.0933830865091372,1.0,0.0,0.0,1.0,0.0,0.0,0.0
-0.9720540039316119,-1.851714203988016,-1.2152614909615869,-0.8326762711047759,-0.9282271059722642,-0.6818572333322747,0.17009712444415323,0.0,1.0,0.0,1.0,0.0,0.0,0.0
-0.7024646954136627,-0.49351476908366254,-0.597601157288587,-1.360670346106877,-1.0932378433590884,-1.6669016622593662,0.028947011433462132,1.0,0.0,0.0,1.0,0.0,0.0,0.0
0.10630323014018443,0.9717076919666877,1.451023498343253,-1.463335860690618,0.15777379357358315,1.7940652501871701,-0.7865869748505323,1.0,0.0,0.0,0.0,0.0,0.0,1.0
1.993428389765828,1.8676117871269928,0.04925207772716631,1.5432970664046772,1.0994862343811829,-0.18489788180149022,0.33006725252293695,0.0,1.0,0.0,0.0,0.0,0.0,1.0
-1.241643312449561,-0.21106224647154653,0.2720400090271286,1.8366271080725112,-0.201412369668436,-0.08728086632222865,-0.3035399214361665,1.0,0.0,0.0,0.0,0.0,0.0,1.0
-0.4328753868957137,1.7925853358081496,0.9327214604683973,1.8366271080725112,1.0994862343811829,-1.329679245149191,0.010126996365369801,1.0,0.0,0.0,0.0,0.0,1.0,0.0
-0.4328753868957137,0.5502355683814215,0.954232019352531,-0.02601865651823345,0.11402676087102903,-1.356302067552626,-1.053203854981838,1.0,0.0,1.0,0.0,0.0,0.0,0.0
-0.4328753868957137,-1.1356529259596442,-1.926134246465835,-0.9793412919386936,-1.6719266619156743,-1.8355128708144544,-1.4099999739810856,1.0,0.0,0.0,0.0,1.0,0.0,0.0
1.4542497727299297,0.7444216776772513,1.2041642273396151,1.660629083071811,0.91375321834578,-0.7972227970804933,-1.4099999739810856,1.0,0.0,1.0,0.0,0.0,0.0,0.0
0.3758925386581335,1.0533541242842526,0.53016671563674,-0.6860112502708595,0.15777379357358315,-1.0989481176527554,-1.2570873515528367,1.0,0.0,0.0,1.0,0.0,0.0,0.0
1.993428389765828,0.6804285280229436,0.6674245675640736,0.8686379705686599,1.0994862343811829,-0.44225183170136095,0.22969383882644526,1.0,0.0,0.0,0.0,0.0,0.0,1.0
0.6454818471760826,-0.4118683367660976,0.0016215544837256794,-1.3900033502736597,-2.0788891898196917,-0.2913891714152299,-0.1623898084254751,0.0,1.0,1.0,0.0,0.0,0.0,0.0
0.6454818471760826,-0.01908279750862427,0.5865038936666168,-0.14335067318536704,-0.08552110759675866,-0.0429094956498373,-0.01810302623676842,1.0,0.0,0.0,0.0,1.0,0.0,0.0
-0.9720540039316119,-0.7649339900312426,-0.747150757149712,-0.3486817023528502,-1.3434401707456232,-1.4450448088974088,-0.06515306390699897,1.0,0.0,1.0,0.0,0.0,0.0,0.0
-1.51123262096751,0.08242357780510502,0.8302902276868053,0.6779734434845681,0.15777379357358315,-0.2913891714152299,-0.7552202830703787,1.0,0.0,0.0,0.0,0.0,0.0,1.0
1.993428389765828,-0.01908279750862427,0.06820185579176107,0.35531039764995004,1.0994862343811829,1.5278370261528222,1.7070650216716807,1.0,0.0,0.0,0.0,0.0,1.0,0.0
-0.4328753868957137,0.7422150173443438,0.5567988361599545,-1.4486693586072266,-0.48001189372153985,-1.8355128708144544,0.022673673077431265,1.0,0.0,0.0,1.0,0.0,0.0,0.0
-1.51123262096751,-1.851714203988016,-1.926134246465835,-0.055351660685016194,-2.0788891898196917,-0.34463481622209935,2.258334629707881,1.0,0.0,0.0,0.0,0.0,1.0,0.0
-1.51123262096751,0.1773099721201126,0.25667532410988925,-0.3780147065196342,0.5584045141127577,0.8178950953945575,-0.08397307897509103,1.0,0.0,0.0,0.0,0.0,0.0,1.0
-0.9720540039316119,-0.2066489258057323,-0.46136761768906975,0.3846434018167341,1.0994862343811829,-0.2736406231462729,-0.13102311664532157,0.0,1.0,0.0,0.0,0.0,1.0,0.0
0.3758925386581335,-0.01246281650990295,-1.926134246465835,-1.8446649148588028,-0.002631993002446797,0.569415419629165,0.11991041759590766,0.0,1.0,0.0,1.0,0.0,0.0,0.0
-0.9720540039316119,-1.1290329449609229,-0.9345999131400252,-0.8620092752715599,-1.9037091860590285,-0.11390368872566377,-0.7269902604682403,0.0,1.0,0.0,0.0,1.0,0.0,0.0
-0.16328607837776465,0.640708642030615,-0.6314034641065122,0.9566369830690094,-0.32958350056890007,1.030877674622037,-0.8493203584108395,1.0,0.0,1.0,0.0,0.0,0.0,0.0
-0.16328607837776465,-0.7406607263692636,0.1399037187388743,-0.7446772586044264,0.03881256429470968,-0.07840659218775053,-0.5732934707454878,1.0,0.0,0.0,0.0,1.0,0.0,0.0
1.1846604642119807,0.038290371146961696,-0.16636566727808524,-0.1726836773521498,-0.2988838284969322,-0.9303369090976673,2.258334629707881,0.0,1.0,0.0,0.0,1.0,0.0,0.0
-1.51123262096751,-1.846197553155748,-0.00759725646661795,0.12064636431568289,-0.1077783698489355,0.14345026117420695,-1.2445406748407752,0.0,1.0,1.0,0.0,0.0,0.0,0.0
-1.51123262096751,0.8326880909935371,0.2679427597158643,-0.08468466485180025,1.0994862343811829,-0.06065804391879431,0.9448544114139478,0.0,1.0,0.0,1.0,0.0,0.0,0.0
1.993428389765828,0.4531425137335069,-0.21962990832451268,0.13531286639907555,0.16314623618617694,0.5605411454946868,2.258334629707881,0.0,1.0,0.0,0.0,0.0,0.0,1.0
1.993428389765828,1.7506587894829133,1.1058302438692875,0.5166419205672591,1.0994862343811829,-1.2941821486112777,-1.2759073666209289,1.0,0.0,0.0,1.0,0.0,0.0,0.0
0.3758925386581335,-0.01908279750862427,1.104805931541471,-1.2726713336065263,-0.6488600901173608,-0.22926925247388158,-0.12161310911127542,1.0,0.0,0.0,0.0,0.0,0.0,1.0
-1.51123262096751,-1.5505050685461894,-1.401686334624085,-0.6126787398539014,0.15777379357358315,0.3120614697292942,0.4241673278633978,0.0,1.0,0.0,0.0,0.0,0.0,1.0
1.1846604642119807,1.0357008416209958,-1.3422762196107618,0.7953054601517003,0.15777379357358315,0.5782896937636438,1.0640478401785318,0.0,1.0,0.0,0.0,0.0,0.0,1.0
-0.4328753868957137,0.5414089270497927,-0.6406222750568558,0.003314347648550597,1.0994862343811829,0.13457598703972884,-0.7301269296462559,0.0,1.0,0.0,0.0,1.0,0.0,0.0
-1.51123262096751,0.34060283675524206,0.25052945014299494,1.3819655434873683,-0.13003563210111127,0.15232453530868506,0.988767779906163,1.0,0.0,0.0,0.0,0.0,0.0,1.0
-0.4328753868957137,0.5061023617232786,0.27818588299402436,1.8366271080725112,0.6405261369052699,0.9332606591427761,0.8601643436075331,0.0,1.0,0.0,0.0,0.0,1.0,0.0
-0.4328753868957137,1.1239672549372817,1.2010912903561688,1.8366271080725112,0.6190363664548927,-1.8355128708144544,0.06658704156964625,0.0,1.0,0.0,0.0,0.0,0.0,1.0
-0.4328753868957137,0.8084148273315586,1.4448776243763573,1.8366271080725112,-0.1522928943532881,-0.9658340056355805,-1.0155638248456538,1.0,0.0,0.0,0.0,1.0,0.0,0.0
0.6454818471760826,-0.4626215244229622,-0.3353772013677112,-1.0380073002722603,-1.5667802850691857,-1.8355128708144544,0.6060941401882886,1.0,0.0,0.0,0.0,0.0,0.0,1.0
-0.4328753868957137,-0.14265577615142502,-0.14587942072176657,-1.0086742961054762,0.2045907934833334,0.7114038057808179,-0.9120537419711469,1.0,0.0,1.0,0.0,0.0,0.0,0.0
0.10630323014018443,-1.3960388452426886,-0.44497862044401537,-0.5980122377705087,-1.2075941218271675,1.48346565548043,0.947991080591963,1.0,0.0,0.0,0.0,1.0,0.0,0.0
-0.4328753868957137,0.5987820957053791,1.4797042435220988,1.5139640622378931,0.8692386938414275,-0.167149333532534,-1.0657505316938995,1.0,0.0,0.0,0.0,0.0,1.0,0.0
-0.16328607837776465,0.3185362334261702,-1.926134246465835,0.3259773934831673,-0.4700345002981508,-0.007412399111924074,-1.4099999739810856,1.0,0.0,0.0,0.0,0.0,1.0,0.0
-0.4328753868957137,-1.7093846125155046,-0.8106581214742982,-0.3340152002694588,-0.0018645012006472193,-1.4272962606284525,-0.34117995157235087,0.0,1.0,1.0,0.0,0.0,0.0,0.0
-1.51123262096751,0.7223550743481795,-0.41424925060953804,1.1913010164032765,1.0994862343811829,-1.5337875502421923,-0.1623898084254751,1.0,0.0,0.0,0.0,0.0,1.0,0.0
-1.51123262096751,-0.1360357951527033,-0.5371667299474487,-1.0966733086058258,0.15777379357358315,-0.07840659218775053,-0.5450634481433493,1.0,0.0,1.0,0.0,0.0,0.0,0.0
-0.9720540039316119,1.4549663048733548,0.595722704616959,0.003314347648550597,0.563009464923553,0.019210423291510258,0.7786109449791337,1.0,0.0,0.0,0.0,1.0,0.0,0.0
-0.16328607837776465,-1.073866436638244,-0.13358767278797506,-0.14335067318536704,-1.5575703834475962,-1.5426618243766703,0.2861538840307217,1.0,0.0,1.0,0.0,0.0,0.0,0.0
-0.4328753868957137,-0.716387462707285,-1.926134246465835,-0.011352154434842079,-1.2705284495747002,-1.8355128708144544,-1.4013741337415435,0.0,1.0,1.0,0.0,0.0,0.0,0.0
-0.16328607837776465,1.7815520341436137,0.8835544687332327,1.0299694934859676,1.0994862343811829,-0.42450328343240473,0.37084395183713664,0.0,1.0,0.0,0.0,0.0,0.0,1.0
0.10630323014018443,-0.5928144840644843,-0.6631571462688058,-1.8446649148588028,-0.057891402731988034,-1.6047817433180178,0.3551606059470599,1.0,0.0,1.0,0.0,0.0,0.0,0.0
-1.241643312449561,-0.9127802323360217,-0.9479159734016317,-1.8446649148588028,-0.8806426142607143,1.5722083968252127,-0.8555936967668702,0.0,1.0,0.0,0.0,1.0,0.0,0.0
-0.16328607837776465,0.8260681099948158,1.4561450599823325,1.8366271080725112,1.0994862343811829,0.9598834815462105,-1.2194473214166524,0.0,1.0,0.0,0.0,0.0,0.0,1.0
-1.51123262096751,0.23247648044279146,-1.27467160597491,-1.8446649148588028,-0.06710130435357861,0.6759067092429046,-0.6234801775937333,1.0,0.0,0.0,0.0,0.0,1.0,0.0
0.10630323014018443,-0.25519545312968983,-0.6518897106628309,-0.8180097690213846,0.8661687266342302,0.1878216318465983,-0.23453319951982857,1.0,0.0,0.0,1.0,0.0,0.0,0.0
0.10630323014018443,1.2078203475877531,1.5411629831910536,0.941970480985618,1.0994862343811829,0.8977635626048621,0.8382076593614255,1.0,0.0,0.0,0.0,0.0,1.0,0.0
0.3758925386581335,0.4001826657437351,0.3580822445636662,0.3993099039001255,0.9206606445619729,0.9332606591427761,-0.45410004198090376,0.0,1.0,0.0,0.0,0.0,0.0,1.0
1.7238390812478788,0.4001826657437351,-0.7942691242292438,-1.0233407981888676,-0.32114109074910907,1.7940652501871701,0.2202838312923991,1.0,0.0,0.0,0.0,1.0,0.0,0.0
-0.4328753868957137,1.5807459438490625,0.8897003427001284,-0.5393462294369419,1.0994862343811829,0.13457598703972884,0.9103510504557789,0.0,1.0,0.0,1.0,0.0,0.0,0.0
0.6454818471760826,1.8676117871269928,-1.926134246465835,-0.1726836773521498,-0.52682889363129,0.21444445425003342,-0.7426736063583173,1.0,0.0,1.0,0.0,0.0,0.0,0.0
-0.9720540039316119,-0.5244080137443624,-1.1415110033588407,0.5166419205672591,0.5177274486174008,-1.1078223917872334,-1.2163106522386369,1.0,0.0,1.0,0.0,0.0,0.0,0.0
-1.51123262096751,1.3512532692267187,0.492267159507552,1.1473015101531012,1.0994862343811829,0.24106727665346775,1.9109485182426795,1.0,0.0,1.0,0.0,0.0,0.0,0.0
-0.7024646954136627,0.34942947808687047,0.21262989401380544,-0.1726836773521498,0.32278453096040727,0.22331872838451153,-0.14984313171341362,1.0,0.0,1.0,0.0,0.0,0.0,0.0
-1.51123262096751,0.44872919306769227,0.6991782497263674,1.0446359955693603,0.6497360385268606,-0.21152070420492536,-0.5325167714312878,1.0,0.0,0.0,0.0,0.0,0.0,1.0
-0.4328753868957137,0.6848418486887579,-0.1858276015065875,0.5606414268174345,0.7088329072653975,-1.3474277934181471,-0.36940997417448906,1.0,0.0,0.0,0.0,0.0,1.0,0.0
-0.4328753868957137,-1.2989457905947737,-1.1107816335243634,-0.5393462294369419,-1.673461645519273,-0.2736406231462729,-0.16866314678150596,1.0,0.0,1.0,0.0,0.0,0.0,0.0
-1.241643312449561,1.6425324331704632,0.5219722170142128,1.1619680122364926,-0.11775576327232457,-1.4716676313008439,-0.7709036289604554,1.0,0.0,0.0,0.0,1.0,0.0,0.0
-0.4328753868957137,0.25674974410477003,1.5411629831910536,-0.20201668151893384,1.0994862343811829,-0.20264643007044725,0.028947011433462132,1.0,0.0,0.0,0.0,0.0,0.0,1.0
-1.51123262096751,-0.4515882227584267,-1.7909250191941344,0.7513059539015262,-0.48922179534313043,-0.8593427160218409,-0.38195665088655056,1.0,0.0,0.0,0.0,0.0,0.0,1.0
1.1846604642119807,-1.0804864176369655,-0.51668048339113,-1.1553393169393926,-0.9896264501161988,-0.007412399111924074,0.15441377855407648,1.0,0.0,0.0,1.0,0.0,0.0,0.0
-1.51123262096751,-0.42952161942935485,0.04925207772716631,-0.46601371901998373,0.13858649852860352,0.3386842921327293,0.9385810730579172,1.0,0.0,0.0,0.0,0.0,0.0,1.0
1.1846604642119807,1.2497468939129894,0.9501347700412681,0.9713034851524007,0.5315423010497855,-1.1521937624596248,-0.1623898084254751,1.0,0.0,0.0,0.0,0.0,0.0,1.0
-0.16328607837776465,-0.9149868926689289,-1.2613555457133034,0.8393049664018758,-1.860729645158274,-0.6907315074667536,-0.28471990636807415,1.0,0.0,0.0,0.0,1.0,0.0,0.0
0.10630323014018443,1.8676117871269928,1.351665202545109,1.8366271080725112,1.0994862343811829,0.7469009023187311,-1.4099999739810856,1.0,0.0,1.0,0.0,0.0,0.0,0.0
1.1846604642119807,0.726768395013994,1.18060504379985,0.9566369830690094,1.0994862343811829,-0.13165223699462078,1.402808111404191,0.0,1.0,0.0,0.0,0.0,1.0,0.0
-1.241643312449561,-0.7539006883667067,-1.2070669923390596,-0.5393462294369419,-0.5137815330007038,1.1373689642357758,-0.08710974815310632,1.0,0.0,0.0,0.0,0.0,0.0,1.0
0.10630323014018443,-0.21547556713736113,0.41441942259354153,0.6193074351510013,0.9720825952825185,-0.1582750593980551,1.0483644942884547,0.0,1.0,0.0,0.0,0.0,0.0,1.0
-0.7024646954136627,-0.5023414104152909,-0.2790400233378359,-1.8446649148588028,0.12246917069082003,-1.8355128708144544,-0.6987602378661021,1.0,0.0,0.0,1.0,0.0,0.0,0.0
-0.4328753868957137,-1.574778332208168,-1.2541853594185928,-0.9353417856885181,-1.861497136960073,-0.2558920748773167,-1.2539506823748212,1.0,0.0,0.0,0.0,0.0,0.0,1.0
0.3758925386581335,-0.5067547310811056,-0.9786453432361091,1.0299694934859676,-0.9013648929092921,0.13457598703972884,-0.5576101248554107,0.0,1.0,1.0,0.0,0.0,0.0,0.0
-0.9720540039316119,1.8676117871269928,0.6756190661866008,1.0593024976527516,1.0994862343811829,-0.5664916695840568,-0.5419267789653339,1.0,0.0,0.0,0.0,0.0,1.0,0.0
1.1846604642119807,-0.023496118174438484,0.026205050351307234,0.5753079289008258,-0.7509364997566522,0.9155121108738183,-1.2131739830606216,1.0,0.0,0.0,1.0,0.0,0.0,0.0
-1.241643312449561,-1.2989457905947737,0.04925207772716631,-1.8446649148588028,-0.8982949257020959,-1.8355128708144544,-0.008693018702722252,0.0,1.0,0.0,1.0,0.0,0.0,0.0
1.7238390812478788,-0.656807633718792,0.04925207772716631,-0.8766757773549513,-0.6196954016489921,-0.12277796286014188,-0.47605672622701134,1.0,0.0,0.0,1.0,0.0,0.0,0.0
1.1846604642119807,1.8676117871269928,-1.570697868713711,-1.1846723211061767,0.28364244906864955,0.12570171290524995,1.7729350744100036,1.0,0.0,0.0,0.0,1.0,0.0,0.0
0.10630323014018443,-0.784793933027407,0.709421373004526,0.047313853898724716,-1.1062852039896747,1.7230710571113437,1.0703211785345623,0.0,1.0,0.0,0.0,0.0,1.0,0.0
-1.51123262096751,-0.7693473106970569,-1.5368955618957858,-1.8446649148588028,-0.1561303533622838,0.36530711453616443,-0.3317699440383047,0.0,1.0,0.0,1.0,0.0,0.0,0.0
-0.16328607837776465,0.7598683000076011,0.7268346825773968,0.14997936848246693,0.37343898987915436,-0.06065804391879431,0.11991041759590766,1.0,0.0,1.0,0.0,0.0,0.0,0.0
-0.7024646954136627,1.8676117871269928,0.4072492362988308,0.8686379705686599,1.0994862343811829,0.7291523540497749,-0.06515306390699897,1.0,0.0,0.0,0.0,1.0,0.0,0.0
-1.51123262096751,-1.1930260946152305,-1.2142371786337718,-0.09935116693519162,-1.4071419902949553,1.7940652501871701,2.258334629707881,1.0,0.0,1.0,0.0,0.0,0.0,0.0
-1.51123262096751,0.7819349033366729,1.5411629831910536,0.9566369830690094,1.0994862343811829,0.4185527593430339,1.7227483675617579,1.0,0.0,0.0,1.0,0.0,0.0,0.0
-0.16328607837776465,0.1795166324530197,0.04925207772716631,-1.5953343794411443,-1.0847954335392973,-1.8355128708144544,-1.4099999739810856,1.0,0.0,0.0,1.0,0.0,0.0,0.0
1.7238390812478788,-1.3276323749225667,0.04925207772716631,-1.1553393169393926,0.04648748231270109,0.23219300251898964,-0.10906643239921394,0.0,1.0,0.0,0.0,0.0,1.0,0.0
-0.7024646954136627,-1.6056715768688683,-1.3566165922001847,-1.4193363544404438,-1.51535833434864,0.995380578084123,1.107961208670747,1.0,0.0,0.0,0.0,1.0,0.0,0.0
1.1846604642119807,1.4461396635417263,-1.926134246465835,-0.08468466485180025,1.0994862343811829,-1.329679245149191,0.12618375595193826,0.0,1.0,0.0,0.0,0.0,0.0,1.0
-1.51123262096751,0.9253678249756381,0.8108282934583031,1.6752955851552023,0.15777379357358315,1.048626222890993,-0.7364002680022865,1.0,0.0,1.0,0.0,0.0,0.0,0.0
-0.7024646954136627,-1.851714203988016,-0.7563695681000557,-1.492668864857402,-1.6596467930868877,0.43630130761199093,2.258334629707881,1.0,0.0,0.0,0.0,0.0,1.0,0.0
-0.4328753868957137,0.19937657544918405,1.095587120591129,0.07664685806550876,0.03881256429470968,-1.1433194883251467,1.4404481415403751,1.0,0.0,0.0,0.0,0.0,1.0,0.0
0.10630323014018443,0.15745002912394823,-1.3596895291836313,-1.4340028565238352,-0.05251896011939426,-0.6907315074667536,0.2861538840307217,1.0,0.0,0.0,0.0,0.0,0.0,1.0
-1.51123262096751,-1.851714203988016,-1.314619786759731,-1.8446649148588028,-1.8000977928161384,-1.036828198711407,-0.8210903358087013,1.0,0.0,1.0,0.0,0.0,0.0,0.0
1.4542497727299297,-0.08969592816165327,-1.7222960932304674,-0.8473427731881673,0.2782700064560547,0.5782896937636438,-0.3443166207503662,0.0,1.0,0.0,0.0,0.0,1.0,0.0
1.993428389765828,1.3578732502254396,0.8897003427001284,0.6339739372343927,1.0994862343811829,-1.0190796504424506,-0.5293801022532725,1.0,0.0,1.0,0.0,0.0,0.0,0.0
-0.4328753868957137,-0.5663345600695986,-1.7448309644424176,-0.6126787398539014,-0.737889139126066,-0.2736406231462729,-0.41018667348868876,1.0,0.0,0.0,0.0,0.0,0.0,1.0
0.10630323014018443,-1.851714203988016,-1.926134246465835,-1.8446649148588028,-2.0788891898196917,-1.8355128708144544,-0.1623898084254751,1.0,0.0,0.0,0.0,0.0,1.0,0.0
-0.16328607837776465,0.13979674646069098,0.09278535165934261,1.8366271080725112,1.0994862343811829,-0.2558920748773167,2.258334629707881,0.0,1.0,0.0,0.0,0.0,1.0,0.0
-0.4328753868957137,-0.7494873677008924,-0.046521124923622446,-0.45134721693659235,0.16314623618617694,-0.1405265111290989,2.258334629707881,0.0,1.0,1.0,0.0,0.0,0.0,0.0
-0.9720540039316119,-0.2971219994549257,-0.7532966311166078,-1.8446649148588028,-0.7401916145314636,1.7408196053803016,0.21714716211438378,1.0,0.0,0.0,0.0,0.0,0.0,1.0
-1.241643312449561,0.22585649944406974,0.2187757679807012,1.8366271080725112,1.0994862343811829,-1.5515360985111484,0.44298734293148984,1.0,0.0,0.0,0.0,0.0,1.0,0.0
0.3758925386581335,-0.26402209446131825,0.5014859704578941,-1.82999841277541,-0.4938267461539257,-1.027953924576929,-0.3254966056822741,0.0,1.0,0.0,0.0,1.0,0.0,0.0
-1.51123262096751,-0.01908279750862427,-0.4490758697552797,-1.6833333919414937,-0.06019387813738568,-1.6136560174524968,1.1612845846970081,1.0,0.0,0.0,0.0,0.0,1.0,0.0
-0.7024646954136627,-0.34787518711179033,0.7821475482794572,1.3526325393205856,0.22224310492471386,1.2971058986563866,0.23283050800446053,1.0,0.0,0.0,0.0,1.0,0.0,0.0
-1.51123262096751,0.39356268474501344,-0.659059896957543,0.5166419205672591,0.6458985795178649,-1.2586850520733646,0.6751008621046267,1.0,0.0,0.0,0.0,1.0,0.0,0.0
1.993428389765828,0.9341944663072664,0.6233791374679899,1.8366271080725112,0.2590827114110751,0.19669590598107642,-0.4321433577347964,0.0,1.0,0.0,0.0,0.0,1.0,0.0
0.6454818471760826,0.2876429887654703,-0.5863337216826119,-0.09935116693519162,0.1025143838440419,0.019210423291510258,-0.7018969070441174,1.0,0.0,0.0,0.0,1.0,0.0,0.0
-0.16328607837776465,-0.9547067786612577,1.5411629831910536,-0.12868417110197566,0.15777379357358315,-1.8355128708144544,0.06031370321361565,1.0,0.0,0.0,0.0,0.0,0.0,1.0
0.9150711556940316,0.9055078819794736,0.5916254553056961,1.279300028903626,1.0449943164534412,1.323728721059821,2.258334629707881,1.0,0.0,0.0,0.0,0.0,0.0,1.0
0.10630323014018443,-1.3695589212478028,-0.34357169999023984,1.8366271080725112,-2.0788891898196917,1.030877674622037,-0.08083640979707572,0.0,1.0,0.0,0.0,0.0,0.0,1.0
-0.7024646954136627,-0.7318340850376353,-0.13768492209923938,-1.0233407981888676,-0.015679353633033074,-0.8149713453494495,2.1305153607037552,0.0,1.0,0.0,0.0,0.0,1.0,0.0
-0.9720540039316119,0.44210921206897097,0.8579466605378347,-0.5100132252701591,0.8638662512288336,1.5367113002873003,-0.5795668091015184,1.0,0.0,0.0,0.0,1.0,0.0,0.0
1.1846604642119807,1.8676117871269928,1.5411629831910536,1.5579635684880686,1.0994862343811829,0.40967848520855576,1.2302913066133458,1.0,0.0,1.0,0.0,0.0,0.0,0.0
-0.9720540039316119,0.9099212026452879,1.156021547932267,0.41397640598351687,1.0994862343811829,0.028084697425989156,0.5496340949840121,1.0,0.0,0.0,0.0,0.0,1.0,0.0
-1.241643312449561,-1.0804864176369655,1.0269581946274622,0.5313084226506505,-1.002673810746785,-0.7528514264081011,2.258334629707881,0.0,1.0,1.0,0.0,0.0,0.0,0.0
0.10630323014018443,-1.0540064936420797,-0.5248749820136572,-0.40734771068641695,-2.0788891898196917,-0.7794742488115363,-1.053203854981838,0.0,1.0,0.0,0.0,0.0,0.0,1.0
0.6454818471760826,-0.5067547310811056,0.16243858995082588,-0.30468219610267605,0.03574259708751246,-1.808890048411019,1.1801045997650998,0.0,1.0,0.0,0.0,0.0,1.0,0.0
-1.51123262096751,0.1066968414670836,0.04925207772716631,0.7366394518181348,-0.29351138588433845,-0.5309945730461436,2.017595270295202,0.0,1.0,0.0,0.0,0.0,1.0,0.0
-0.9720540039316119,1.8676117871269928,0.04925207772716631,0.003314347648550597,1.0994862343811829,1.7940652501871701,0.8883943662096713,1.0,0.0,0.0,0.0,0.0,0.0,1.0
-1.51123262096751,-1.2415726219391878,-0.952013222712896,-0.9206752836051267,-1.990435759662336,-0.6374858626598833,-0.10906643239921394,1.0,0.0,0.0,0.0,0.0,1.0,0.0
0.6454818471760826,-0.054389362835138774,0.13170922011634711,-1.3460038440234856,-0.3119311891275185,0.38305566280512066,-1.4099999739810856,1.0,0.0,0.0,0.0,0.0,0.0,1.0
0.9150711556940316,-0.12720915382107487,-0.05778856052959751,-1.3753368481902684,0.3987662193385273,1.7940652501871701,0.18891713951224556,1.0,0.0,0.0,0.0,0.0,1.0,0.0
0.6454818471760826,-0.6810808973807706,-1.833946136962403,0.01798084973194197,0.18233353123115656,1.7940652501871701,2.258334629707881,1.0,0.0,0.0,0.0,1.0,0.0,0.0
0.3758925386581335,0.1133168224658049,-0.1807060398675082,-0.12868417110197566,0.9099157593367844,-0.33576054208762124,-0.1623898084254751,1.0,0.0,0.0,0.0,1.0,0.0,0.0
-1.241643312449561,1.0599741052829743,0.9204297125346058,-0.040685158601624825,0.49547018636522394,0.8711407402014277,0.09795373334980004,1.0,0.0,0.0,0.0,0.0,1.0,0.0
-0.16328607837776465,-0.06983598516548892,0.04925207772716631,-1.3166708398567015,-0.3142336645329161,-0.21152070420492536,0.8131143059373025,1.0,0.0,0.0,0.0,0.0,0.0,1.0
-0.16328607837776465,-1.0429731919775438,-1.4447074523923538,-0.09935116693519162,0.04648748231270109,0.8622664660669489,-0.1623898084254751,0.0,1.0,1.0,0.0,0.0,0.0,0.0
0.6454818471760826,-1.3408723369200097,-1.095416948607124,1.601963074738244,-1.8054702354287329,0.39192993693959954,0.9605377573040248,0.0,1.0,0.0,0.0,0.0,1.0,0.0
-0.16328607837776465,-0.17575568114503243,1.5411629831910536,1.5286305643212845,0.1800310558257589,1.7408196053803016,-0.4729200570489961,1.0,0.0,0.0,0.0,1.0,0.0,0.0
1.7238390812478788,1.1239672549372817,0.11122297356002987,1.8366271080725112,1.0994862343811829,1.3148544469253427,-0.09965642486516778,0.0,1.0,0.0,0.0,0.0,0.0,1.0
-1.51123262096751,-0.5685412204025058,-1.697712597362886,0.5313084226506505,0.7472074973553567,-1.6669016622593662,0.9919044490841783,0.0,1.0,0.0,0.0,0.0,0.0,1.0
-1.51123262096751,-0.19340896380828929,0.04925207772716631,0.6926399455679595,1.0994862343811829,-0.5309945730461436,1.4341748031843444,1.0,0.0,0.0,0.0,0.0,0.0,1.0
-1.51123262096751,1.1504471789321677,1.5411629831910536,1.3526325393205856,1.0994862343811829,1.7940652501871701,2.258334629707881,0.0,1.0,0.0,0.0,1.0,0.0,0.0
-0.9720540039316119,1.8676117871269928,1.4612666216214116,0.8686379705686599,1.0994862343811829,0.4274270334775128,0.5245407415598892,1.0,0.0,0.0,0.0,0.0,0.0,1.0
-0.9720540039316119,-1.0363532109788225,-1.9015507505982534,-0.7886767648546005,-0.8292206635401689,1.2261117055805602,-1.4099999739810856,0.0,1.0,1.0,0.0,0.0,0.0,0.0
0.10630323014018443,1.8676117871269928,0.04925207772716631,1.8366271080725112,1.0994862343811829,-0.318011993818665,-0.04319637966089134,1.0,0.0,0.0,0.0,0.0,1.0,0.0
0.9150711556940316,-1.3916255245768743,0.8098039811304866,0.9126374768188339,-0.9704391550712191,-1.5426618243766703,1.5753249161950356,0.0,1.0,0.0,0.0,0.0,0.0,1.0
0.10630323014018443,0.5965754353724716,0.26999138437149717,-0.26068268985250065,-0.37333053327145305,-1.5160390019732353,2.0395519545413094,0.0,1.0,1.0,0.0,0.0,0.0,0.0
-1.51123262096751,-0.8223071586868286,0.3693496801696413,0.23797838098281646,-1.6028523997537474,1.7940652501871701,0.4680806963556127,1.0,0.0,1.0,0.0,0.0,0.0,0.0
-0.4328753868957137,-1.060626474640801,0.12351472149381992,0.2233118788994251,-1.0065112697557808,1.7940652501871701,0.7284242381308879,0.0,1.0,0.0,0.0,0.0,0.0,1.0
-0.4328753868957137,-0.6479809923871632,0.04361835992417805,0.9126374768188339,0.5868017107793267,-0.7351028781391449,-0.1623898084254751,0.0,1.0,0.0,0.0,0.0,0.0,1.0
-0.7024646954136627,0.9430211076388949,1.0238852576440143,0.809971962235093,1.0994862343811829,1.0663747711599494,1.7290217059177884,1.0,0.0,1.0,0.0,0.0,0.0,0.0
0.9150711556940316,1.8676117871269928,1.517603799651287,1.733961593488769,0.7640923169949387,0.8356436436635145,-0.8085436590966398,0.0,1.0,0.0,0.0,0.0,1.0,0.0
0.3758925386581335,1.0908673499436745,0.709421373004526,-0.906008781521734,1.0994862343811829,0.7646494505876881,-0.6736668844419792,1.0,0.0,0.0,0.0,1.0,0.0,0.0
0.3758925386581335,0.6495352833622433,0.7309319318886612,0.003314347648550597,1.0994862343811829,0.3298100179982512,0.5496340949840121,0.0,1.0,0.0,1.0,0.0,0.0,0.0
-1.51123262096751,-0.3544951681105116,0.3212070007622932,-0.7006777523542509,-0.1568978451640834,-0.1760236076670121,0.09168039499376916,1.0,0.0,0.0,0.0,0.0,0.0,1.0
-1.241643312449561,1.8676117871269928,1.5411629831910536,0.8979709747354425,0.15777379357358315,0.8533921919324707,-0.8399103508767934,0.0,1.0,0.0,0.0,1.0,0.0,0.0
-0.16328607837776465,0.4531425137335069,-0.9643049706466861,1.367299041403977,-1.3664649247995984,0.6670324351084265,1.697655014137635,0.0,1.0,0.0,0.0,0.0,1.0,0.0
-0.16328607837776465,0.7422150173443438,0.6264520744514362,0.7659724559849176,0.2291505311409068,1.6254540416320828,1.854488473038403,1.0,0.0,0.0,0.0,1.0,0.0,0.0
-0.4328753868957137,-0.5177880327456411,-0.3896657547419551,0.20864537681603373,-0.2827665006591498,0.45404985588094715,0.022673673077431265,0.0,1.0,1.0,0.0,0.0,0.0,0.0
1.993428389765828,1.3622865708912546,1.0320797562665414,1.5432970664046772,0.9321730215889601,-0.7262286040046668,-0.27530989883402823,1.0,0.0,1.0,0.0,0.0,0.0,0.0
0.6454818471760826,-0.7075608213756562,0.19316795978530318,1.0299694934859676,-1.1070526957914741,0.4185527593430339,-0.4321433577347964,1.0,0.0,0.0,0.0,0.0,1.0,0.0
1.1846604642119807,-1.576984992541075,-0.3169395794670254,-0.275349191935892,-1.698788874978646,0.019210423291510258,-1.4045108029195588,1.0,0.0,0.0,0.0,0.0,1.0,0.0
-0.16328607837776465,-1.851714203988016,-0.9007976063221,-0.3340152002694588,-2.0788891898196917,0.09907889050181562,1.4969081867446514,1.0,0.0,0.0,1.0,0.0,0.0,0.0
-0.16328607837776465,0.572302171710493,1.5411629831910536,-0.8913422794383427,1.0994862343811829,0.8001465471256013,-1.4099999739810856,1.0,0.0,0.0,0.0,0.0,0.0,1.0
-0.7024646954136627,-1.851714203988016,-0.3978602533644837,-0.5980122377705087,-0.3126986809293181,0.2676900990569029,0.13873043266399973,0.0,1.0,1.0,0.0,0.0,0.0,0.0
0.9150711556940316,-1.851714203988016,-0.6129658422058263,-0.8180097690213846,-2.0788891898196917,0.8178950953945575,-0.5262434330752572,1.0,0.0,0.0,0.0,0.0,1.0,0.0
-0.7024646954136627,-0.5155813724127339,-1.017569211693115,-0.436680714853201,-0.20371484507383364,0.04583324569494538,0.6060941401882886,0.0,1.0,0.0,0.0,0.0,0.0,1.0
1.1846604642119807,0.7223550743481795,0.6182575758289091,0.5019754184838677,0.733392644922972,-0.3890061868944915,-1.1629872762123759,0.0,1.0,0.0,0.0,0.0,0.0,1.0
0.3758925386581335,-0.01908279750862427,1.0515416904950436,1.0593024976527516,1.0994862343811829,-1.027953924576929,0.4555340196435513,1.0,0.0,0.0,0.0,0.0,0.0,1.0
0.3758925386581335,-0.17354902081212492,0.888676030372312,-0.5100132252701591,0.8055368742920952,-1.0989481176527554,0.6970575463507344,0.0,1.0,0.0,0.0,0.0,1.0,0.0
0.10630323014018443,-0.17796234147793952,0.7022511867098153,1.0006364893191848,-1.1922442857911837,-0.20264643007044725,0.041493688145523594,0.0,1.0,0.0,0.0,1.0,0.0,0.0
0.3758925386581335,-1.3805922229123384,-0.061885809840861825,-0.9500082877719095,0.15777379357358315,0.7202780799152959,2.165018721661924,1.0,0.0,0.0,0.0,0.0,1.0,0.0
-0.4328753868957137,1.8676117871269928,1.5411629831910536,1.5286305643212845,1.0994862343811829,1.1728660607736898,1.4718148333205285,0.0,1.0,0.0,0.0,0.0,0.0,1.0
0.6454818471760826,0.7047017916849222,0.7002025620541839,1.0593024976527516,1.0994862343811829,1.6077054933631267,-1.3731441111394052,1.0,0.0,1.0,0.0,0.0,0.0,0.0
-1.241643312449561,-0.33904854578016147,-0.517704795718945,0.7073064476513509,0.21917313771751773,-0.41562900929792584,2.258334629707881,0.0,1.0,0.0,0.0,1.0,0.0,0.0
-1.51123262096751,1.121760594604375,1.5411629831910536,0.003314347648550597,0.4079761209601168,-0.6996057816012317,0.8727110203195948,0.0,1.0,0.0,0.0,0.0,0.0,1.0
-0.4328753868957137,-0.016876137175717162,1.454096435326701,0.01798084973194197,0.40260367834752303,1.5012142037493863,-1.4099999739810856,1.0,0.0,0.0,0.0,0.0,1.0,0.0
1.993428389765828,-1.851714203988016,-1.5778680550084232,-1.3753368481902684,-2.0788891898196917,-0.3712576386255345,-0.36313663581845823,1.0,0.0,0.0,0.0,0.0,1.0,0.0
-0.4328753868957137,-0.0014295148453670203,0.04925207772716631,-0.3486817023528502,1.058809168885826,1.7940652501871701,1.4874981792106057,0.0,1.0,0.0,0.0,0.0,0.0,1.0
-0.9720540039316119,-0.4913081087507554,0.04925207772716631,1.1179685059863185,-1.237526302097336,0.09907889050181562,-0.1623898084254751,0.0,1.0,1.0,0.0,0.0,0.0,0.0
1.4542497727299297,-1.851714203988016,0.04925207772716631,-0.8180097690213846,-1.585200088312367,0.05470751982942349,0.6845108696386726,0.0,1.0,0.0,0.0,0.0,1.0,0.0
0.10630323014018443,1.1482405185992601,0.4103221732822772,-0.4953467231867678,0.22608056393371068,-0.60198876612197,-1.2476773440187905,1.0,0.0,0.0,0.0,1.0,0.0,0.0
-0.9720540039316119,1.8676117871269928,1.5411629831910536,1.7779610997389446,1.0994862343811829,0.5516668713602088,0.27360720731866023,1.0,0.0,1.0,0.0,0.0,0.0,0.0
-1.51123262096751,1.8676117871269928,1.5411629831910536,1.2206340205700592,1.0994862343811829,-0.6286115885254052,-0.09651975568715249,1.0,0.0,0.0,0.0,0.0,0.0,1.0
1.4542497727299297,1.0555607846171602,0.4287597951829645,-0.275349191935892,0.6497360385268606,-0.7883485229460143,-0.6328901851277795,1.0,0.0,0.0,0.0,0.0,0.0,1.0
-0.16328607837776465,0.16186334978976244,0.7555154277562427,0.5019754184838677,1.0994862343811829,-0.4600003799703172,-1.172397283746422,1.0,0.0,0.0,0.0,1.0,0.0,0.0
-0.4328753868957137,-0.21988888780317534,-1.849310821879641,-1.0820068065224344,-1.5683152686727848,-0.9392111832321454,2.258334629707881,0.0,1.0,1.0,0.0,0.0,0.0,0.0
-0.4328753868957137,0.5943687750395645,0.826192978375541,0.2819778872329919,1.041924349246244,-0.5753659437185358,-0.585840147457549,1.0,0.0,1.0,0.0,0.0,0.0,0.0
0.10630323014018443,-1.6895246695193402,0.839509038637149,-0.906008781521734,-0.6166254344417949,0.8800150143359059,-1.285317374154975,1.0,0.0,0.0,0.0,0.0,0.0,1.0
0.10630323014018443,-0.0014295148453670203,-1.5020689427500442,-1.199338823189568,-0.8652927782247305,0.6404096127049914,-0.12161310911127542,1.0,0.0,1.0,0.0,0.0,0.0,0.0
-0.4328753868957137,-1.6608380851915472,1.159094484915715,1.0299694934859676,-1.4470515639885138,1.2882316245219068,-1.3072740584010822,1.0,0.0,1.0,0.0,0.0,0.0,0.0
-1.241643312449561,-0.2905020184562043,0.9654994549585061,-1.4193363544404438,-0.3372584185868915,0.6226610644360352,-0.7646302906044247,1.0,0.0,0.0,0.0,0.0,0.0,1.0
-0.4328753868957137,-0.7516940280337996,0.2290188912588598,-0.6126787398539014,-0.9282271059722642,0.3120614697292942,0.766064268267072,1.0,0.0,0.0,0.0,1.0,0.0,0.0
-1.51123262096751,-0.5155813724127339,0.4871455978684712,1.073968999736143,1.0994862343811829,-0.9125883608287111,-1.1190739077201608,1.0,0.0,0.0,0.0,0.0,0.0,1.0
0.3758925386581335,-0.25519545312968983,0.8569223482100183,1.4112985476541524,0.9007058577151937,-0.5753659437185358,0.013263665543385098,0.0,1.0,0.0,0.0,1.0,0.0,0.0
-0.4328753868957137,0.17510331178720548,0.9040407152895514,1.073968999736143,0.6988555138420084,0.010336149157032147,-1.2759073666209289,0.0,1.0,0.0,0.0,0.0,0.0,1.0
-0.16328607837776465,-0.7715539710299639,-0.5597016011593989,-0.5246797273535505,-0.2958138612897361,1.6432025899010392,0.13245709430796884,1.0,0.0,0.0,0.0,0.0,1.0,0.0
-0.16328607837776465,-1.034146550645915,-0.05471562354614963,0.9273039789022266,0.8132117923100867,0.5782896937636438,0.8193876442933337,0.0,1.0,0.0,0.0,1.0,0.0,0.0
-0.9720540039316119,0.22364983911116262,0.9019920906339199,-0.6713447481874681,0.2859449244740472,1.1018718676978634,1.713338360027712,1.0,0.0,0.0,1.0,0.0,0.0,0.0
-0.9720540039316119,-0.444968241759705,-0.660084209285358,0.8833044726520513,-1.2950881872322748,-0.6996057816012317,-1.285317374154975,1.0,0.0,0.0,0.0,1.0,0.0,0.0
-0.7024646954136627,-0.817893838021014,-0.966353595302319,-0.8180097690213846,-0.6749548113785333,0.3031871955948161,-0.4321433577347964,1.0,0.0,0.0,0.0,0.0,0.0,1.0
1.7238390812478788,-1.851714203988016,-1.5655763070746316,-1.654000387774711,-1.3557200395744098,-1.8355128708144544,2.258334629707881,1.0,0.0,0.0,0.0,0.0,1.0,0.0
-1.241643312449561,-1.073866436638244,1.5411629831910536,1.0153029914025762,-1.7440708912847975,-1.8355128708144544,1.2428379833254075,1.0,0.0,1.0,0.0,0.0,0.0,0.0
-0.16328607837776465,0.27440302676802725,-0.029107815350751628,-0.8033432669379932,-0.15152540255148852,-1.1521937624596248,-1.279044035798944,1.0,0.0,0.0,1.0,0.0,0.0,0.0
1.993428389765828,0.5458222477156074,1.5411629831910536,0.7366394518181348,1.0994862343811829,-1.8355128708144544,0.988767779906163,1.0,0.0,0.0,1.0,0.0,0.0,0.0
-1.241643312449561,-0.6965275197111207,-0.37122813284126926,0.5606414268174345,-0.7708912866034314,-0.4954974765082304,-1.3856907878514666,0.0,1.0,0.0,0.0,1.0,0.0,0.0
0.10630323014018443,-0.19561562414119676,-1.5891354906143982,-1.8446649148588028,1.0994862343811829,-0.6818572333322747,1.0985512011367007,1.0,0.0,0.0,0.0,0.0,1.0,0.0
-1.241643312449561,-0.4493815624255192,-1.3473977812498412,0.06198035598211609,0.8155142677154843,0.38305566280512066,1.9046751798866488,0.0,1.0,1.0,0.0,0.0,0.0,0.0
0.6454818471760826,-0.04556272150350995,1.2523069067469648,-1.331337341940093,0.37650895708635046,-1.8355128708144544,0.01953700389941597,1.0,0.0,0.0,0.0,1.0,0.0,0.0
0.3758925386581335,0.4266625897386208,-0.6652057709244388,-0.29001569401928334,0.616733891049495,0.0724560680983805,-0.37254664335250437,1.0,0.0,0.0,0.0,0.0,0.0,1.0
-0.9720540039316119,-0.9569134389941648,-1.271598668991462,-0.3193486981860674,-0.100103451830943,-0.46887465410479606,0.39280063608324395,0.0,1.0,0.0,0.0,0.0,0.0,1.0
-0.7024646954136627,0.7488349983430655,0.09483397631497405,-0.3193486981860674,1.0994862343811829,-1.8355128708144544,-0.7175802529341945,1.0,0.0,0.0,1.0,0.0,0.0,0.0
0.3758925386581335,0.7444216776772513,0.32427993774574104,-0.055351660685016194,1.0994862343811829,-1.6580273881248881,-0.1623898084254751,0.0,1.0,0.0,0.0,0.0,1.0,0.0
0.6454818471760826,-0.23754217046643258,0.3099395651563181,0.5313084226506505,-0.11008084525433315,1.4479685589425175,0.3771172901931672,1.0,0.0,0.0,0.0,0.0,0.0,1.0
-0.7024646954136627,-1.1665461706203446,0.04925207772716631,1.2939665309870187,-0.7754962374142268,0.019210423291510258,-0.10592976322119865,0.0,1.0,0.0,0.0,0.0,0.0,1.0
-0.7024646954136627,-1.3210123939238454,-0.46546486700033407,0.41397640598351687,-2.0788891898196917,1.1994888831771242,1.7541150593419113,1.0,0.0,0.0,0.0,0.0,0.0,1.0
1.993428389765828,0.005190466153354302,0.4891942225241041,0.3993099039001255,-0.28813894327174355,1.0220034004875589,-1.2319939981287138,0.0,1.0,0.0,0.0,0.0,0.0,1.0
1.1846604642119807,-0.11396919182363184,0.24745651315954706,0.5459749247340419,-1.6688566947084778,1.7230710571113437,-1.3260940734691746,1.0,0.0,0.0,0.0,0.0,1.0,0.0
-0.9720540039316119,-0.21768222747026825,-0.8331929926862497,0.25264488306620914,-1.338835219934828,0.019210423291510258,2.258334629707881,1.0,0.0,0.0,0.0,0.0,1.0,0.0
0.10630323014018443,1.0048075969602954,-0.6672543955800702,0.8833044726520513,0.34350680960898605,-0.7705999746770581,-1.4099999739810856,1.0,0.0,1.0,0.0,0.0,0.0,0.0
0.9150711556940316,-0.8421671016829929,0.04925207772716631,0.2673113851496005,-2.0788891898196917,0.09020461636733672,0.719014230596842,1.0,0.0,0.0,0.0,0.0,0.0,1.0
0.3758925386581335,0.6208486990344506,-1.852383758863089,0.003314347648550597,-0.5828557951626309,0.8178950953945575,0.3865272977272134,0.0,1.0,1.0,0.0,0.0,0.0,0.0
-0.16328607837776465,1.1835470839257747,1.223626161568119,0.4433094101503009,1.0994862343811829,-0.9569597315011024,-1.4099999739810856,1.0,0.0,1.0,0.0,0.0,0.0,0.0
-1.51123262096751,-0.3544951681105116,0.7053241236932631,0.36997689973334275,0.8922634478954028,0.019210423291510258,-0.5638834632114416,1.0,0.0,0.0,0.0,1.0,0.0,0.0
-1.51123262096751,0.24792310277314158,0.13580646942761143,-1.8446649148588028,-0.011074402822237789,1.3059801727908646,-1.4099999739810856,1.0,0.0,0.0,0.0,0.0,0.0,1.0
-0.7024646954136627,-0.15368907781596056,0.30379369118942234,0.10597986223229151,-0.6381152048921721,0.03695897156046727,-1.1410305919662682,1.0,0.0,0.0,0.0,0.0,1.0,0.0
0.9150711556940316,-0.4604148640900551,-0.1807060398675082,0.3846434018167341,0.8515863824000459,1.0131291263530806,-0.5136967563631958,0.0,1.0,1.0,0.0,0.0,0.0,0.0
0.6454818471760826,0.12655678446324795,-0.1161743632151057,-1.4046698523570524,0.0027404496101469753,1.0575004970254713,2.258334629707881,1.0,0.0,0.0,0.0,1.0,0.0,0.0
0.6454818471760826,0.713528433016551,0.7432236798224512,-0.5393462294369419,1.0994862343811829,0.13457598703972884,-1.122210576898176,1.0,0.0,0.0,0.0,1.0,0.0,0.0
-1.51123262096751,-0.01908279750862427,0.8681897838159948,0.47264241431708365,1.0994862343811829,0.613786790301557,-1.2445406748407752,1.0,0.0,0.0,0.0,0.0,1.0,0.0
1.1846604642119807,0.32956953509070613,0.4431001677723874,0.7073064476513509,0.2859449244740472,-1.5249132761077133,-1.2633606899088676,1.0,0.0,0.0,0.0,1.0,0.0,0.0
-1.241643312449561,0.43107591040443505,-1.926134246465835,0.01798084973194197,-1.9950407104731314,-0.13165223699462078,-0.14984313171341362,0.0,1.0,0.0,0.0,1.0,0.0,0.0
-0.9720540039316119,-1.546091747880375,-1.926134246465835,-0.18735017943554247,-2.0788891898196917,-1.791141500142062,-0.1623898084254751,0.0,1.0,0.0,0.0,1.0,0.0,0.0
-0.7024646954136627,-0.4891014484178483,0.41441942259354153,0.23797838098281646,0.44711820285187565,1.7940652501871701,-0.585840147457549,0.0,1.0,1.0,0.0,0.0,0.0,0.0
-0.7024646954136627,1.1504471789321677,0.38983592672596,0.29664438931638326,0.5898716779865241,1.1639917866392118,0.6343241627904268,1.0,0.0,0.0,0.0,0.0,1.0,0.0
-1.51123262096751,-0.9789800423232363,0.04925207772716631,-0.6420117440206842,0.6804357105988283,-0.9125883608287111,-0.3537266282844123,1.0,0.0,0.0,0.0,1.0,0.0,0.0
0.9150711556940316,-0.2022356051399181,-0.8956760446830208,-0.8033432669379932,-0.36642310705526016,1.1817403349081679,-0.9183270803271776,1.0,0.0,0.0,0.0,0.0,1.0,0.0
1.993428389765828,-1.113586322630573,-1.2951578525312286,1.0446359955693603,-0.6457901229101636,-1.2320622296699293,0.8538910052515025,0.0,1.0,0.0,0.0,1.0,0.0,0.0
-0.7024646954136627,-1.1224129639622014,-1.3105225374484681,-0.2166831836023252,-2.0788891898196917,0.6492838868394702,2.258334629707881,0.0,1.0,0.0,0.0,0.0,1.0,0.0
-1.241643312449561,0.42004260873989946,-0.2872345219603631,1.0593024976527516,0.08332708879906228,-0.5043717506427093,-0.7897236440285477,0.0,1.0,0.0,0.0,0.0,0.0,1.0
0.6454818471760826,-1.851714203988016,-0.6406222750568558,-0.30468219610267605,-2.029577841554095,-0.149400785263577,0.39593730526125953,1.0,0.0,0.0,0.0,0.0,0.0,1.0
-0.16328607837776465,-0.35670182844341874,-0.29030745894381094,0.5606414268174345,0.9214281363637725,-0.5309945730461436,-1.131620584432222,0.0,1.0,0.0,1.0,0.0,0.0,0.0
-0.16328607837776465,-0.19561562414119676,1.0382256302334372,0.3113108913997759,-0.11698827147052498,-1.8355128708144544,0.0038536580093392102,1.0,0.0,0.0,0.0,0.0,0.0,1.0
1.1846604642119807,0.5921621147066574,0.6325979484183321,1.1913010164032765,-0.27969653345195256,1.7940652501871701,0.7597909299110414,1.0,0.0,0.0,0.0,0.0,0.0,1.0
1.4542497727299297,-1.3276323749225667,-0.6170630915170892,-0.6126787398539014,-1.5053809409252512,-1.1699423107285818,1.4592681566084673,0.0,1.0,1.0,0.0,0.0,0.0,0.0
0.3758925386581335,0.5568555493801429,1.4336101887703823,1.8366271080725112,-0.41784505777580566,1.7940652501871701,0.8476176668954719,0.0,1.0,0.0,0.0,1.0,0.0,0.0
-1.51123262096751,0.9761210126325026,-0.4572703683778069,0.8686379705686599,0.8715411692468251,1.7940652501871701,-0.6203435084157181,1.0,0.0,0.0,1.0,0.0,0.0,0.0
-0.4328753868957137,0.44210921206897097,1.107878868524919,-0.5980122377705087,1.0994862343811829,-0.07840659218775053,-0.43841669609082695,1.0,0.0,0.0,1.0,0.0,0.0,0.0
-0.4328753868957137,-0.11617585215653894,0.47895109924594403,0.2673113851496005,0.427930907806896,-0.45112610583583906,-0.20943984609570565,0.0,1.0,0.0,0.0,1.0,0.0,0.0
-0.16328607837776465,-0.4140749970990047,0.04925207772716631,1.1326350080697098,1.0994862343811829,1.7940652501871701,-1.1598506070343604,1.0,0.0,0.0,1.0,0.0,0.0,0.0
-0.16328607837776465,-0.972360061324515,0.31506112679539744,1.0593024976527516,0.7525799399679516,-1.045702472845885,-0.3756833125305197,1.0,0.0,1.0,0.0,0.0,0.0,0.0
1.1846604642119807,-1.4092788072401314,0.04925207772716631,-0.8913422794383427,-1.8346349238971014,0.6049125161670782,1.1110978778487623,1.0,0.0,0.0,0.0,0.0,1.0,0.0
0.9150711556940316,-0.27064207546004,-0.5412639792587116,1.0299694934859676,1.0994862343811829,-0.41562900929792584,-0.1623898084254751,1.0,0.0,1.0,0.0,0.0,0.0,0.0
0.3758925386581335,-1.0098732869839366,-1.1036114472296512,-1.3020043377733101,-1.1768944497551999,-0.2913891714152299,-0.4697833878709808,1.0,0.0,0.0,0.0,0.0,1.0,0.0
0.6454818471760826,-0.2441621514651539,1.5411629831910536,1.8366271080725112,1.0994862343811829,-0.4600003799703172,0.6249141552563808,1.0,0.0,0.0,0.0,0.0,1.0,0.0
-1.51123262096751,-0.5685412204025058,0.7370778058555569,-0.14335067318536704,-0.5621335165140532,0.3031871955948161,1.1205078853828083,1.0,0.0,0.0,0.0,1.0,0.0,0.0
1.4542497727299297,-1.473271956894439,-0.43371118483804033,-0.906008781521734,-2.0788891898196917,-0.3535090903565783,-0.7364002680022865,1.0,0.0,0.0,0.0,0.0,0.0,1.0
-0.16328607837776465,0.19054993411755522,0.05488579553015311,-1.5660013752743602,0.8861235134810094,1.7940652501871701,-1.1190739077201608,1.0,0.0,1.0,0.0,0.0,0.0,0.0
0.10630323014018443,-1.851714203988016,-1.7007855343463338,0.01798084973194197,-2.0788891898196917,-0.3978804610289696,-0.33804328239433556,0.0,1.0,0.0,0.0,0.0,0.0,1.0
-1.241643312449561,-1.851714203988016,-0.47058642863941336,-1.2726713336065263,-0.7079569588558977,1.7940652501871701,-1.4099999739810856,0.0,1.0,0.0,0.0,1.0,0.0,0.0
0.10630323014018443,-0.21768222747026825,-0.1090041769203935,0.07664685806550876,-0.024121763452824067,1.5455855744217784,2.258334629707881,0.0,1.0,0.0,0.0,1.0,0.0,0.0
-0.9720540039316119,0.2788163474338415,-1.926134246465835,-1.1113398106892185,-0.5015016641719171,0.5250440489567736,-1.2727706974429136,0.0,1.0,0.0,0.0,0.0,0.0,1.0
-0.4328753868957137,-0.5508879377392485,-1.926134246465835,-1.0966733086058258,0.11632923627642668,-1.338553519283669,-0.1623898084254751,1.0,0.0,0.0,0.0,0.0,0.0,1.0
0.3758925386581335,-0.6546009733858849,0.04925207772716631,0.6779734434845681,-1.6512043832670966,1.7940652501871701,-0.9810604638874847,1.0,0.0,0.0,0.0,1.0,0.0,0.0
-1.51123262096751,0.9430211076388949,0.18087621185151168,1.8366271080725112,1.0994862343811829,-0.5842402178530138,-0.9120537419711469,0.0,1.0,1.0,0.0,0.0,0.0,0.0
-0.4328753868957137,-1.3033591112605882,-1.097465573262757,-1.8446649148588028,-2.0788891898196917,1.7940652501871701,-0.2564898837659359,1.0,0.0,0.0,0.0,1.0,0.0,0.0
1.993428389765828,0.05594365381021894,-0.15304960701647877,-0.5246797273535505,0.2130332033031244,0.06358179396390239,2.258334629707881,1.0,0.0,0.0,0.0,0.0,0.0,1.0
0.10630323014018443,0.09345687946964056,1.283036276581442,0.7073064476513509,0.4847253011400353,1.7940652501871701,0.8131143059373025,1.0,0.0,0.0,0.0,0.0,1.0,0.0
-0.4328753868957137,-0.8973336100056718,0.28535606928873514,0.3259773934831673,-2.0788891898196917,-0.167149333532534,0.4335773353974439,0.0,1.0,0.0,1.0,0.0,0.0,0.0
-0.7024646954136627,0.08904355880382633,1.250258282091332,0.941970480985618,0.3788114324917481,-1.8355128708144544,-0.4352800269128117,1.0,0.0,0.0,0.0,0.0,1.0,0.0
0.9150711556940316,0.898887900980752,-0.828071431047169,0.14997936848246693,0.1431914493393988,1.6698254123044751,0.9950411182621935,1.0,0.0,0.0,0.0,0.0,0.0,1.0
1.1846604642119807,-1.0186999283155653,0.2843317569609201,0.047313853898724716,-0.6695823687659385,1.5455855744217784,-1.147303930322299,1.0,0.0,0.0,0.0,0.0,1.0,0.0
1.7238390812478788,0.40459598640954936,0.04925207772716631,-1.0820068065224344,0.8646337430306321,0.06358179396390239,0.5464974258059968,1.0,0.0,1.0,0.0,0.0,0.0,0.0
-0.9720540039316119,1.0312875209551815,0.9941802001373519,1.792627601822336,0.6712258089772378,-1.6846502105283232,0.822524313471349,1.0,0.0,1.0,0.0,0.0,0.0,0.0
0.6454818471760826,0.653948604028058,0.1911193351296703,0.07664685806550876,1.0994862343811829,1.2882316245219068,0.6782375312826421,1.0,0.0,1.0,0.0,0.0,0.0,0.0
-0.7024646954136627,-0.5508879377392485,0.04925207772716631,0.047313853898724716,0.05492989213249209,-1.5160390019732353,-0.04005971048287604,1.0,0.0,0.0,0.0,0.0,0.0,1.0
-1.51123262096751,-1.1709594912861587,0.04925207772716631,0.17931237264924968,-0.7225393030900821,1.323728721059821,-0.1623898084254751,0.0,1.0,0.0,0.0,1.0,0.0,0.0
-1.51123262096751,1.8676117871269928,0.9409159590909245,-0.12868417110197566,1.0994862343811829,-0.5487431213151006,0.9385810730579172,1.0,0.0,0.0,1.0,0.0,0.0,0.0
0.10630323014018443,0.2986762904300058,-0.13358767278797506,0.003314347648550597,0.40490615375292066,-0.43337755756688284,-0.1623898084254751,0.0,1.0,0.0,0.0,0.0,0.0,1.0
-0.7024646954136627,1.1570671599308886,0.9747182659088497,1.3232995351538015,1.0994862343811829,-1.0900738435182773,-0.6266168467717489,1.0,0.0,0.0,0.0,0.0,0.0,1.0
0.6454818471760826,1.3468399485609046,1.5411629831910536,1.1619680122364926,1.0994862343811829,-0.8859655384252759,-1.4099999739810856,0.0,1.0,0.0,0.0,1.0,0.0,0.0
-0.9720540039316119,1.1901670649244964,1.3690785121179783,0.8979709747354425,1.0994862343811829,-0.8682169901563197,0.3143839066328599,1.0,0.0,0.0,0.0,0.0,1.0,0.0
0.10630323014018443,-1.4997518808893249,0.04925207772716631,-0.23134968568571657,-0.10931335345253357,-0.743977152273623,1.4310381340063292,1.0,0.0,0.0,0.0,0.0,0.0,1.0
-0.7024646954136627,-1.851714203988016,0.8528250988987555,-1.4046698523570524,-2.0788891898196917,-0.18489788180149022,0.03208368061147743,1.0,0.0,0.0,1.0,0.0,0.0,0.0
-0.16328607837776465,-1.788824384500162,-1.3207656607266267,-1.492668864857402,-0.16764273038927202,0.9687577556806886,1.7478417209858808,1.0,0.0,0.0,0.0,1.0,0.0,0.0
-1.51123262096751,1.529992756192198,1.067930687740098,0.17931237264924968,1.0994862343811829,-0.2736406231462729,1.4843615100325904,1.0,0.0,0.0,0.0,1.0,0.0,0.0
0.9150711556940316,-0.01908279750862427,-0.8209012447524582,0.9126374768188339,0.1800310558257589,1.7940652501871701,-0.9434204337513005,0.0,1.0,0.0,0.0,1.0,0.0,0.0
-0.16328607837776465,0.41121596740827066,0.814925542769566,1.8219606059891187,1.0994862343811829,0.019210423291510258,-0.8430470200548088,1.0,0.0,1.0,0.0,0.0,0.0,0.0
-0.7024646954136627,0.656155264360965,-0.5955525326329555,0.2673113851496005,0.16928617060057027,-1.8355128708144544,0.900941042921733,0.0,1.0,1.0,0.0,0.0,0.0,0.0
0.9150711556940316,-0.31698194245109,0.13580646942761143,0.487308916400475,-0.33035099237069854,-1.1610680365941028,1.5439582244148822,1.0,0.0,0.0,0.0,0.0,1.0,0.0
0.6454818471760826,-0.8399604413500859,-1.926134246465835,-0.9646747898553009,-0.48845430354133085,1.5455855744217784,0.022673673077431265,1.0,0.0,0.0,0.0,0.0,0.0,1.0
0.6454818471760826,1.4814462288682408,0.9665237672863225,1.7632945976555519,1.0994862343811829,0.7114038057808179,-0.9183270803271776,0.0,1.0,0.0,0.0,0.0,0.0,1.0
-0.9720540039316119,1.6314991315059273,1.5411629831910536,0.809971962235093,0.7410675629409634,-0.13165223699462078,0.7221508997748572,1.0,0.0,0.0,0.0,0.0,1.0,0.0
0.10630323014018443,0.47300245672967123,-0.04037525095672669,0.3113108913997759,1.0994862343811829,-1.8355128708144544,-1.1504405995003144,0.0,1.0,0.0,0.0,1.0,0.0,0.0
-0.9720540039316119,0.24571644244023408,-0.9960586528089799,0.42864290806690825,0.07258220357387365,-0.33576054208762124,-1.1755339529244373,1.0,0.0,1.0,0.0,0.0,0.0,0.0
-0.9720540039316119,1.0864540292778604,1.274841777958915,0.1646458705658583,1.0956487753721873,0.569415419629165,-1.053203854981838,1.0,0.0,1.0,0.0,0.0,0.0,0.0
1.1846604642119807,0.1442100671265052,0.07946929139773612,-0.45134721693659235,1.0994862343811829,1.1994888831771242,-0.6987602378661021,1.0,0.0,0.0,0.0,0.0,1.0,0.0
1.1846604642119807,0.058150314143126054,0.04925207772716631,0.7366394518181348,1.0994862343811829,-0.9125883608287111,-0.5262434330752572,1.0,0.0,0.0,1.0,0.0,0.0,0.0
1.7238390812478788,1.0533541242842526,-0.8680196118319898,0.6046409330676086,0.5752893337523397,0.019210423291510258,-0.7175802529341945,1.0,0.0,0.0,0.0,0.0,1.0,0.0
-1.51123262096751,-1.3938321849097814,1.4100510052306157,-0.26068268985250065,-0.08475361579496017,0.3209357438637731,-0.36940997417448906,1.0,0.0,0.0,0.0,0.0,0.0,1.0
-0.4328753868957137,-1.851714203988016,-0.5760905984044532,0.2819778872329919,-2.051835103806271,-0.8149713453494495,0.7723376066231031,0.0,1.0,0.0,0.0,1.0,0.0,0.0
-0.7024646954136627,-1.0937263796344086,0.06717754346394461,0.4433094101503009,-0.3909828447128346,0.8445179177979927,-1.3198207351131441,1.0,0.0,0.0,0.0,1.0,0.0,0.0
1.4542497727299297,1.8676117871269928,1.322984457366263,0.9126374768188339,1.0994862343811829,-0.8238456194839275,-1.053203854981838,1.0,0.0,0.0,1.0,0.0,0.0,0.0
0.9150711556940316,1.8676117871269928,0.8743356577828891,1.3232995351538015,1.0994862343811829,1.7940652501871701,0.3865272977272134,1.0,0.0,0.0,0.0,0.0,0.0,1.0
0.3758925386581335,-0.1316224744868891,-0.5597016011593989,-1.8446649148588028,-0.5375737788564787,-0.3978804610289696,-0.705033576222133,1.0,0.0,0.0,0.0,1.0,0.0,0.0
0.6454818471760826,0.6451219626964292,1.5411629831910536,1.5872965726548514,0.6558759729412539,0.34755856626720744,-0.40705000431067345,1.0,0.0,0.0,1.0,0.0,0.0,0.0
0.6454818471760826,-0.19120230347538217,-1.8421406355849304,-1.8446649148588028,0.6888781204186194,-0.11390368872566377,1.1110978778487623,1.0,0.0,1.0,0.0,0.0,0.0,0.0
-0.16328607837776465,-0.5950211443973914,0.9603778933194267,0.809971962235093,-0.1730151730018658,-0.3801319127600126,-0.8179536666306858,0.0,1.0,0.0,1.0,0.0,0.0,0.0
-0.9720540039316119,-0.05659602316804588,0.7381021181833719,-0.6126787398539014,-1.399467072276964,0.3386842921327293,0.4178939895073669,1.0,0.0,0.0,0.0,0.0,1.0,0.0
-0.9720540039316119,0.8944745803149378,0.621330512812357,0.29664438931638326,0.15777379357358315,-0.7883485229460143,-1.2414040056627598,1.0,0.0,0.0,0.0,0.0,0.0,1.0
-0.9720540039316119,-0.1713423604792178,0.4543676033783625,0.17931237264924968,1.0994862343811829,1.7940652501871701,2.258334629707881,1.0,0.0,0.0,0.0,0.0,0.0,1.0
-1.241643312449561,-1.0915197193015014,-0.5945282203051391,-1.8006654086086273,-0.8445704995761528,1.7053225088423876,0.5810007867641657,0.0,1.0,0.0,1.0,0.0,0.0,0.0
1.4542497727299297,-1.1356529259596442,-1.1230733814581548,-1.8446649148588028,-1.9466887269597826,1.4302200106735599,-0.6987602378661021,1.0,0.0,0.0,0.0,1.0,0.0,0.0
-0.16328607837776465,1.4682062668707974,1.5411629831910536,1.2939665309870187,1.0994862343811829,-0.5221202989116656,0.22655716964842995,0.0,1.0,0.0,0.0,0.0,1.0,0.0
-1.51123262096751,0.32074289375907733,0.07229910510302393,0.29664438931638326,-0.3940528119200308,-0.6552344109288404,-0.5011500796511343,1.0,0.0,0.0,1.0,0.0,0.0,0.0
-0.16328607837776465,-1.543885087547468,-1.3013037264981244,0.003314347648550597,-1.8845218910140489,0.04583324569494538,-0.3850933200645658,1.0,0.0,0.0,0.0,0.0,0.0,1.0
-0.4328753868957137,1.8676117871269928,1.5411629831910536,1.5286305643212845,1.0994862343811829,1.7940652501871701,-0.852457027588855,1.0,0.0,0.0,1.0,0.0,0.0,0.0
1.993428389765828,-1.851714203988016,-1.2418936114848012,-1.6100008815245355,-2.0788891898196917,1.7940652501871701,1.713338360027712,1.0,0.0,1.0,0.0,0.0,0.0,0.0
-0.7024646954136627,1.7065255828247705,0.6848378771369444,1.2206340205700592,1.0994862343811829,1.5100884778838644,-1.0657505316938995,1.0,0.0,1.0,0.0,0.0,0.0,0.0
0.10630323014018443,-0.01908279750862427,-0.4265409985433281,0.5899744309842172,0.8961009069043985,-1.045702472845885,0.44612401210950514,1.0,0.0,0.0,1.0,0.0,0.0,0.0
0.10630323014018443,0.15524336879104073,-0.3353772013677112,-0.9206752836051267,0.5522645796983643,0.3120614697292942,1.8764451572845107,1.0,0.0,0.0,0.0,1.0,0.0,0.0
0.9150711556940316,-0.46703484508877646,0.6080144525507505,0.8979709747354425,0.9352429887961573,1.4923399296149082,-1.4099999739810856,0.0,1.0,0.0,0.0,1.0,0.0,0.0
0.9150711556940316,-1.1422729069583657,0.6110873895341984,-0.3780147065196342,-1.239061285700934,1.6254540416320828,-0.20630317691769007,0.0,1.0,0.0,0.0,0.0,0.0,1.0
-0.7024646954136627,-0.7803806123615924,0.25667532410988925,0.42864290806690825,1.0994862343811829,-1.7290215812007146,-0.6266168467717489,1.0,0.0,0.0,0.0,0.0,0.0,1.0
-0.4328753868957137,-0.01908279750862427,-0.37122813284126926,0.7953054601517003,-0.5751808771446384,-1.8355128708144544,0.16696045526613792,0.0,1.0,1.0,0.0,0.0,0.0,0.0
0.6454818471760826,-0.6546009733858849,-0.2442134041920957,-0.3780147065196342,-0.6749548113785333,0.9421349332772543,-0.4635100495149499,1.0,0.0,1.0,0.0,0.0,0.0,0.0
0.3758925386581335,1.8676117871269928,0.04054542294073017,0.6046409330676086,0.2682926130326656,-0.5043717506427093,2.258334629707881,1.0,0.0,0.0,0.0,0.0,1.0,0.0
-0.16328607837776465,-0.7539006883667067,0.6510355703190193,-0.09935116693519162,0.3066672031226249,0.9155121108738183,0.2547871922505682,0.0,1.0,0.0,0.0,0.0,0.0,1.0
-0.4328753868957137,0.30529627142872756,0.26179688574897,1.2646335268202347,-0.28430148426274787,1.332602995194299,0.304973899098814,1.0,0.0,0.0,0.0,0.0,0.0,1.0
1.1846604642119807,-1.6520114438599185,-0.952013222712896,-1.7566659023584519,-0.9389719911974529,-0.0340352215153592,2.258334629707881,1.0,0.0,0.0,0.0,0.0,1.0,0.0
-1.241643312449561,1.3358066468963685,1.012617822038039,1.601963074738244,0.32508700636580495,-1.8355128708144544,-1.4099999739810856,1.0,0.0,0.0,0.0,0.0,1.0,0.0
-1.51123262096751,0.4222492690728066,0.53016671563674,0.6193074351510013,0.922195628165571,0.22331872838451153,-1.250814013196806,0.0,1.0,0.0,0.0,0.0,1.0,0.0
-0.9720540039316119,-0.09410924882746749,0.5393855265870837,0.29664438931638326,0.6282462680764833,0.019210423291510258,0.3896639669052287,1.0,0.0,0.0,0.0,0.0,0.0,1.0
1.7238390812478788,1.1305872359360034,1.4346345010981971,0.7219729497347422,1.0994862343811829,0.0014618750225540366,-0.7520836138923632,1.0,0.0,0.0,0.0,0.0,0.0,1.0
1.993428389765828,1.1879604045915888,0.45744054036181037,-1.1553393169393926,0.21840564591571818,0.6226610644360352,-0.8461836892328242,0.0,1.0,0.0,0.0,1.0,0.0,0.0
0.10630323014018443,-0.38538841277121194,0.6766433785144172,0.487308916400475,0.10711933465483611,1.0841233194289073,0.44298734293148984,1.0,0.0,0.0,0.0,0.0,1.0,0.0
-0.9720540039316119,1.11734727393856,0.7585883647396906,-0.8913422794383427,0.8247241693370748,0.019210423291510258,1.2742046751055611,0.0,1.0,0.0,0.0,0.0,1.0,0.0
0.6454818471760826,-0.6634276147175133,0.1399037187388743,0.41397640598351687,0.005042925015544618,-0.0340352215153592,-1.2163106522386369,0.0,1.0,0.0,0.0,0.0,1.0,0.0
-1.51123262096751,1.251953554245897,-1.926134246465835,-1.2140053252729595,0.5944766287973193,-1.4184219864939736,-1.4099999739810856,0.0,1.0,0.0,0.0,1.0,0.0,0.0
-0.16328607837776465,1.5652993215187125,1.2881578382205214,0.5606414268174345,1.0994862343811829,-1.1610680365941028,-1.131620584432222,1.0,0.0,0.0,1.0,0.0,0.0,0.0
-0.7024646954136627,0.058150314143126054,1.5411629831910536,-1.8446649148588028,1.0994862343811829,0.04583324569494538,-0.1623898084254751,1.0,0.0,0.0,0.0,0.0,0.0,1.0
-0.7024646954136627,-0.22871552913480378,0.5926497676335111,-0.40734771068641695,0.47474790771664627,-0.46887465410479606,0.11991041759590766,0.0,1.0,1.0,0.0,0.0,0.0,0.0
-1.51123262096751,-0.5619212394037845,0.5496286498652423,-1.1260063127726099,1.0994862343811829,0.2588158249224248,-0.3035399214361665,1.0,0.0,0.0,0.0,0.0,0.0,1.0
-0.9720540039316119,-1.0429731919775438,-1.0278123349712736,-0.6126787398539014,-0.9466469092154443,-0.09615514045670755,1.8356684579703106,1.0,0.0,0.0,0.0,0.0,1.0,0.0
-0.4328753868957137,0.15965668945685535,0.058983044841417434,-0.02601865651823345,1.0994862343811829,-1.4539190830318869,0.7378342456649337,1.0,0.0,0.0,0.0,1.0,0.0,0.0
0.10630323014018443,0.5965754353724716,-0.6283305271230657,-0.6273452419372928,1.0994862343811829,-0.0340352215153592,-0.12161310911127542,1.0,0.0,0.0,0.0,0.0,0.0,1.0
0.10630323014018443,0.2148231977795342,-1.3217899730544431,-0.3486817023528502,-2.0788891898196917,-0.9125883608287111,2.258334629707881,1.0,0.0,0.0,1.0,0.0,0.0,0.0
-1.241643312449561,-0.4427615814267979,-1.926134246465835,-1.8446649148588028,-1.9912032514641358,1.1018718676978634,-1.4099999739810856,1.0,0.0,0.0,0.0,1.0,0.0,0.0
0.6454818471760826,-0.17796234147793952,-0.9765967185804776,-0.2166831836023252,0.7802096448327223,-0.9658340056355805,0.7378342456649337,1.0,0.0,0.0,0.0,0.0,0.0,1.0
0.3758925386581335,0.06697695547475488,-1.8544323835187217,-0.07001816276840887,1.0020147755526867,1.1018718676978634,-1.4099999739810856,1.0,0.0,1.0,0.0,0.0,0.0,0.0
1.7238390812478788,0.16407001012266956,0.620306200484542,-0.011352154434842079,0.6359211860944747,0.4984212265533385,-1.4099999739810856,1.0,0.0,0.0,1.0,0.0,0.0,0.0
0.10630323014018443,1.6028125471781345,1.2287477232071982,1.6312960789050268,0.003507941411946553,1.7940652501871701,-0.48546673376105753,0.0,1.0,0.0,0.0,0.0,1.0,0.0
-1.51123262096751,-0.6965275197111207,0.3447661843020583,-1.5073353669407934,0.41872100618530544,-1.6136560174524968,-0.7175802529341945,1.0,0.0,0.0,0.0,1.0,0.0,0.0
-0.4328753868957137,-0.4891014484178483,-0.5443369162421595,0.06198035598211609,-0.7494015161530542,0.3564328404016863,0.9793577723721171,1.0,0.0,0.0,0.0,0.0,0.0,1.0
-0.7024646954136627,-0.8399604413500859,1.5411629831910536,-0.36334820443624155,-1.4631688918262962,-1.2231879555354512,-0.3537266282844123,1.0,0.0,0.0,0.0,0.0,0.0,1.0
-0.4328753868957137,-1.851714203988016,-1.926134246465835,-1.3020043377733101,-1.0341409746205514,0.40080421107407765,-0.01810302623676842,1.0,0.0,0.0,0.0,0.0,0.0,1.0
-1.51123262096751,-1.702764631516783,-1.4518776386870647,0.003314347648550597,-1.665019235699482,0.34755856626720744,0.08854372581575387,1.0,0.0,0.0,0.0,1.0,0.0,0.0
-0.7024646954136627,-1.060626474640801,-1.926134246465835,-0.906008781521734,0.12630662969981574,-0.22926925247388158,1.2710680059275457,1.0,0.0,1.0,0.0,0.0,0.0,0.0
-1.241643312449561,-1.1643395102874374,-0.122320237182,1.235300522653452,0.8423764807784564,0.24106727665346775,-0.4697833878709808,0.0,1.0,0.0,0.0,1.0,0.0,0.0
0.6454818471760826,1.430693041211376,0.5516772745208752,1.8366271080725112,0.15777379357358315,0.2055701801155553,1.0891411936026547,0.0,1.0,1.0,0.0,0.0,0.0,0.0
-0.16328607837776465,-1.851714203988016,-1.2183344279450348,-0.46601371901998373,-1.225246433268549,-1.8355128708144544,-0.20630317691769007,0.0,1.0,0.0,0.0,0.0,1.0,0.0
1.993428389765828,0.20378989611499826,-0.4214194369042488,-0.23134968568571657,-0.30502376291132555,-0.318011993818665,-0.3035399214361665,1.0,0.0,0.0,0.0,1.0,0.0,0.0
-0.4328753868957137,1.556472680187084,-0.940745787106921,0.3113108913997759,0.13781900672680394,-1.5692846467801047,-1.4099999739810856,1.0,0.0,1.0,0.0,0.0,0.0,0.0
-0.16328607837776465,1.3733198725557898,-0.8854329214048606,-0.011352154434842079,0.6175013828512946,-0.3535090903565783,-1.4099999739810856,1.0,0.0,1.0,0.0,0.0,0.0,0.0
-0.7024646954136627,-1.3673522609148956,-1.8575053205021697,-1.8446649148588028,-0.7770312210178248,-0.34463481622209935,-0.20630317691769007,1.0,0.0,1.0,0.0,0.0,0.0,0.0
1.993428389765828,-0.8156871776881068,-0.5750662860766368,0.9273039789022266,0.12707412150161532,0.48954695241886037,-1.4099999739810856,1.0,0.0,0.0,1.0,0.0,0.0,0.0
0.3758925386581335,-1.851714203988016,-0.6652057709244388,0.003314347648550597,-2.0034831202929224,0.019210423291510258,-1.2163106522386369,1.0,0.0,1.0,0.0,0.0,0.0,0.0
1.4542497727299297,-0.22871552913480378,-0.6949108284310996,-0.4806802211033751,0.15777379357358315,0.3564328404016863,0.5464974258059968,1.0,0.0,0.0,0.0,0.0,1.0,0.0
0.9150711556940316,-0.05218270250223166,-1.4969473811109648,0.9126374768188339,0.09023451501525412,0.4984212265533385,-0.1623898084254751,1.0,0.0,0.0,0.0,0.0,1.0,0.0
-0.16328607837776465,-1.0782797573040583,-1.3975890853128208,0.003314347648550597,0.14702890834839452,-1.5781589209145834,1.4184914572942675,1.0,0.0,0.0,0.0,0.0,1.0,0.0
-0.4328753868957137,-1.4909252395576962,1.0996843699023917,0.5019754184838677,-0.4608245986765602,1.7940652501871701,1.569051577839005,0.0,1.0,0.0,0.0,0.0,0.0,1.0
0.3758925386581335,-0.24636881179806103,-0.13973354675487082,-0.07001816276840887,0.9214281363637725,1.3681000917322115,-0.28785657554608973,1.0,0.0,0.0,0.0,0.0,1.0,0.0
1.4542497727299297,-0.01908279750862427,-0.7737828776729251,0.6926399455679595,-0.8146383193059845,0.995380578084123,2.258334629707881,1.0,0.0,0.0,0.0,0.0,1.0,0.0
1.993428389765828,-0.14486243648433214,1.5411629831910536,-0.7153442544376423,0.6896456122204179,0.06358179396390239,0.18891713951224556,1.0,0.0,0.0,1.0,0.0,0.0,0.0
0.3758925386581335,-1.851714203988016,-1.926134246465835,-0.45134721693659235,-2.0788891898196917,0.34755856626720744,-0.10906643239921394,0.0,1.0,0.0,0.0,1.0,0.0,0.0
0.9150711556940316,1.7903786754752422,-0.5002914861460757,1.8366271080725112,-0.41784505777580566,-0.5398688471806226,-0.24394320705387446,1.0,0.0,0.0,0.0,0.0,1.0,0.0
-1.241643312449561,-0.9701534009916077,-1.475436822226831,-0.14335067318536704,-1.1738244825480038,1.7940652501871701,-0.3443166207503662,1.0,0.0,0.0,0.0,1.0,0.0,0.0
-1.241643312449561,0.9849476539641311,-0.9427944117625524,-1.1260063127726099,-0.7332841883152708,1.1373689642357758,2.139925368237801,1.0,0.0,0.0,0.0,0.0,0.0,1.0
-0.16328607837776465,-0.8620270446791573,-1.926134246465835,-1.8446649148588028,0.15777379357358315,0.5072955006878174,-1.4099999739810856,1.0,0.0,0.0,0.0,0.0,0.0,1.0
-0.4328753868957137,-1.1974394152810446,-0.8557278638981998,-0.20201668151893384,-1.7977953174107408,0.40967848520855576,0.6437341703244732,1.0,0.0,0.0,0.0,1.0,0.0,0.0
0.6454818471760826,-0.8907136290069501,-1.8185814520451637,1.0593024976527516,-0.4984316969647199,0.9066378367393402,0.5966841326542427,0.0,1.0,1.0,0.0,0.0,0.0,0.0
-0.7024646954136627,-0.18678898280956796,0.6879108141203923,-1.360670346106877,1.0994862343811829,-0.7794742488115363,2.258334629707881,0.0,1.0,0.0,1.0,0.0,0.0,0.0
-0.4328753868957137,-1.2901191492631452,1.5411629831910536,1.3086330330704101,0.07948962979006549,-0.5309945730461436,-0.17807315431555185,1.0,0.0,0.0,0.0,0.0,1.0,0.0
-0.16328607837776465,0.2721963664351202,-1.6936153480516216,1.5139640622378931,0.15547131816818552,-1.045702472845885,-0.44782670362487315,1.0,0.0,0.0,0.0,1.0,0.0,0.0
0.6454818471760826,1.7021122621589562,0.060007357169233874,-0.5980122377705087,1.0994862343811829,-1.8355128708144544,-0.4227333502007502,1.0,0.0,0.0,0.0,0.0,1.0,0.0
-0.4328753868957137,-0.9900133439877723,-1.2664771073523828,0.19397887473264236,-1.2367588102955362,0.9332606591427761,-1.206900644704591,1.0,0.0,0.0,0.0,0.0,1.0,0.0
0.3758925386581335,-0.01908279750862427,0.5793337073719046,0.2673113851496005,1.0994862343811829,0.7912722729911225,2.258334629707881,0.0,1.0,0.0,0.0,0.0,0.0,1.0
-0.9720540039316119,-0.8355471206842712,-1.9087209368929656,-0.02601865651823345,-0.3027212875059279,-0.20264643007044725,-1.1567139378563451,1.0,0.0,0.0,0.0,0.0,0.0,1.0
-0.7024646954136627,-1.517405163552582,-1.2418936114848012,-1.8446649148588028,-2.0788891898196917,0.2055701801155553,-0.25021654540990534,1.0,0.0,0.0,0.0,0.0,0.0,1.0
0.9150711556940316,-0.22871552913480378,1.5227253612903662,-0.4806802211033751,0.71650782528339,0.3031871955948161,0.5527707641620274,1.0,0.0,0.0,0.0,1.0,0.0,0.0
-0.7024646954136627,-1.851714203988016,-1.084149513001149,-0.5246797273535505,-2.0788891898196917,0.23219300251898964,0.5810007867641657,1.0,0.0,0.0,1.0,0.0,0.0,0.0
0.6454818471760826,-0.8333404603513641,-0.18377897685095607,0.6339739372343927,0.767162284202136,0.6404096127049914,-0.8148169974526706,1.0,0.0,0.0,0.0,0.0,0.0,1.0
-0.4328753868957137,-0.26622875479422536,1.3834188847074012,0.8539714684852672,1.0994862343811829,0.09020461636733672,0.49317404977973567,1.0,0.0,0.0,0.0,0.0,0.0,1.0
-0.9720540039316119,-1.5284384652171177,0.04925207772716631,1.8366271080725112,-1.519195793357637,-1.6757759363938443,-1.1692606145684066,1.0,0.0,0.0,0.0,0.0,0.0,1.0
0.3758925386581335,0.23468314077569855,-0.5105346094242343,0.6339739372343927,1.0994862343811829,-1.1344452141906685,0.09481706417178475,1.0,0.0,0.0,0.0,0.0,1.0,0.0
0.10630323014018443,1.7374188274854707,0.9921315754817205,0.8833044726520513,1.0994862343811829,1.4213457365390816,-0.664256876907933,1.0,0.0,1.0,0.0,0.0,0.0,0.0
-1.241643312449561,0.6252620197002647,0.5506529621930587,0.5459749247340419,-0.5306663526402858,-1.8355128708144544,-1.197490637170545,1.0,0.0,0.0,0.0,0.0,0.0,1.0
-0.7024646954136627,-0.01908279750862427,-1.248039485451697,-1.6100008815245355,-0.2674166646231659,0.44517558174646904,0.2046004854023223,1.0,0.0,0.0,0.0,0.0,1.0,0.0
0.6454818471760826,1.285053459239504,0.7841961729350886,-0.275349191935892,0.29975977690643196,-0.6286115885254052,-0.5795668091015184,0.0,1.0,1.0,0.0,0.0,0.0,0.0
1.4542497727299297,1.3468399485609046,-0.3292313274008169,-0.7886767648546005,1.0119921689760758,0.5782896937636438,-0.7677669597824401,1.0,0.0,0.0,0.0,0.0,0.0,1.0
0.9150711556940316,0.7047017916849222,1.5411629831910536,-0.02601865651823345,1.0994862343811829,-0.0429094956498373,-0.08397307897509103,1.0,0.0,0.0,0.0,0.0,0.0,1.0
-1.51123262096751,-0.05880268350095299,1.4674124955883074,-0.30468219610267605,0.46707298969865485,0.8977635626048621,-0.04633304883890664,0.0,1.0,0.0,0.0,0.0,1.0,0.0
1.7238390812478788,0.78414156366958,0.5127534060638692,1.1179685059863185,0.8646337430306321,-1.1166966659217115,-0.8461836892328242,0.0,1.0,0.0,1.0,0.0,0.0,0.0
-0.16328607837776465,0.30308961109582044,0.04925207772716631,-0.24601618776910925,0.20996323609592718,0.21444445425003342,-0.1623898084254751,1.0,0.0,0.0,0.0,1.0,0.0,0.0
0.3758925386581335,-0.01908279750862427,0.8548737235543868,-1.697999894024885,0.2982247933028339,0.995380578084123,-0.8963703960810699,1.0,0.0,0.0,0.0,0.0,0.0,1.0
0.3758925386581335,0.16407001012266956,0.04925207772716631,-0.5393462294369419,0.6558759729412539,-1.2586850520733646,-0.11847643993326011,1.0,0.0,1.0,0.0,0.0,0.0,0.0
-0.9720540039316119,-1.4666519758957175,0.16653583926208873,1.4699645559877192,-0.6150904508381968,0.2588158249224248,0.36143394430309045,1.0,0.0,0.0,0.0,0.0,0.0,1.0
-1.51123262096751,-0.12058917282235355,0.9450132084021888,-0.4953467231867678,0.7947919890669066,-0.45112610583583906,0.006990327187354506,0.0,1.0,0.0,0.0,0.0,0.0,1.0
-0.16328607837776465,-0.043356061170602846,0.7647342387065864,-0.15801717526875841,1.0994862343811829,1.7940652501871701,-0.187483161849598,0.0,1.0,0.0,0.0,0.0,1.0,0.0
0.10630323014018443,-0.4096616764331905,0.49021853485191913,-0.46601371901998373,0.23605795735709972,0.5072955006878174,-0.05574305637295281,1.0,0.0,0.0,0.0,1.0,0.0,0.0
0.9150711556940316,1.4880662098669617,0.77395304965693,-0.7446772586044264,0.6505035303286602,-0.300263445549708,1.1895146072991465,1.0,0.0,0.0,0.0,1.0,0.0,0.0
-0.9720540039316119,0.12876344479615506,1.1631917342269793,0.25264488306620914,0.530774809247987,-1.3030564227457557,1.0420911559324242,1.0,0.0,0.0,0.0,0.0,0.0,1.0
-0.16328607837776465,-0.7914139140261283,-1.6792749754621987,-1.7126663961082778,-1.6527393668706947,0.5516668713602088,0.19205380869026087,1.0,0.0,0.0,0.0,0.0,0.0,1.0
-1.241643312449561,-0.387595073104119,0.5455314005539794,0.7219729497347422,1.0994862343811829,-0.2913891714152299,-1.2006273063485602,0.0,1.0,0.0,0.0,0.0,1.0,0.0
0.3758925386581335,1.2166469889193825,1.071003624723546,-0.6273452419372928,1.0994862343811829,1.0131291263530806,0.20146381622430704,0.0,1.0,1.0,0.0,0.0,0.0,0.0
0.9150711556940316,0.41342262774117816,0.27818588299402436,-0.7300107565210336,1.0994862343811829,-1.4539190830318869,-1.0218371632016845,0.0,1.0,0.0,0.0,1.0,0.0,0.0
1.993428389765828,-0.43614160042807654,1.1017329945580232,-0.7006777523542509,1.0994862343811829,-1.063451021114842,-0.036923041304860474,1.0,0.0,0.0,1.0,0.0,0.0,0.0
0.3758925386581335,-0.4802748070862195,-0.1858276015065875,-1.2726713336065263,0.6121289402387009,-0.24701780074283858,-0.3882299892425811,1.0,0.0,0.0,0.0,0.0,0.0,1.0
0.6454818471760826,0.19496325478336984,0.77395304965693,0.003314347648550597,1.0994862343811829,-1.045702472845885,1.3149813744197605,1.0,0.0,0.0,0.0,1.0,0.0,0.0
-0.7024646954136627,-0.25078213246387565,0.7073727483488946,0.2673113851496005,0.03190513807851675,-0.1582750593980551,2.258334629707881,1.0,0.0,0.0,1.0,0.0,0.0,0.0
-0.7024646954136627,1.062180765615881,0.2792101953218408,0.2233118788994251,0.4240934487979003,-0.2736406231462729,2.258334629707881,1.0,0.0,0.0,0.0,1.0,0.0,0.0
0.9150711556940316,-0.4846881277520337,-0.696959453086731,0.6193074351510013,-1.129309958043651,-1.1788165848630598,0.9824944415501324,1.0,0.0,0.0,0.0,1.0,0.0,0.0
0.6454818471760826,0.8371014116593518,-0.1673899796059017,-1.7713324044418446,1.0994862343811829,0.43630130761199093,0.1795071319781994,1.0,0.0,1.0,0.0,0.0,0.0,0.0
0.9150711556940316,-0.25519545312968983,0.711469997660159,0.34064389556655866,-0.21062227129002548,1.075249045294429,2.258334629707881,1.0,0.0,1.0,0.0,0.0,0.0,0.0
0.9150711556940316,-0.8840936480082288,-1.926134246465835,0.5459749247340419,-1.8008652846179374,-1.6225302915869748,1.1142345470267776,1.0,0.0,0.0,0.0,0.0,1.0,0.0
1.4542497727299297,0.09566353980254766,0.800585170180143,1.57263007057146,1.081066431138003,-0.1405265111290989,-0.1623898084254751,1.0,0.0,0.0,0.0,1.0,0.0,0.0
-0.4328753868957137,1.3600799105583472,-0.5361424176196323,0.09131336014890014,0.4494206782572733,-1.8355128708144544,1.6161016155092356,1.0,0.0,0.0,0.0,0.0,0.0,1.0
-0.7024646954136627,-0.3059486407865545,-0.2370432178973835,-0.1726836773521498,-0.7655188439908366,1.3858486400011691,-1.4099999739810856,0.0,1.0,0.0,0.0,1.0,0.0,0.0
1.7238390812478788,1.8676117871269928,0.9265755865015015,-0.24601618776910925,1.0994862343811829,0.738026628184253,-0.21571318445173623,1.0,0.0,0.0,0.0,0.0,1.0,0.0
-0.4328753868957137,0.5259623047194429,-0.5668717874541096,0.9713034851524007,-0.1484554353442924,0.4984212265533385,-1.4099999739810856,0.0,1.0,0.0,1.0,0.0,0.0,0.0
0.10630323014018443,-0.9988399853194009,-1.303352351153756,0.941970480985618,0.43330335041948975,0.019210423291510258,-1.0657505316938995,0.0,1.0,0.0,0.0,0.0,1.0,0.0
0.10630323014018443,-0.3147752821181829,1.5411629831910536,-1.8446649148588028,1.084136398345199,-0.318011993818665,-0.2282598611637977,1.0,0.0,0.0,0.0,0.0,0.0,1.0
0.10630323014018443,-0.15589573814886767,-0.9294783515009459,0.6046409330676086,-0.7609138931800413,-0.007412399111924074,1.7541150593419113,1.0,0.0,0.0,0.0,1.0,0.0,0.0
-0.16328607837776465,0.8702013166529592,-1.362762466167079,1.0446359955693603,1.0035497591562847,-0.9835825539045375,-0.49174007211708815,1.0,0.0,0.0,0.0,0.0,0.0,1.0
1.1846604642119807,-0.25740211346259695,1.4499991860154366,0.35531039764995004,0.2859449244740472,-0.3890061868944915,2.258334629707881,0.0,1.0,0.0,1.0,0.0,0.0,0.0
1.1846604642119807,0.22364983911116262,0.39290886370940786,0.5019754184838677,-0.3372584185868915,-1.205439407266495,0.1481404401980459,1.0,0.0,0.0,0.0,0.0,0.0,1.0
1.1846604642119807,-0.7715539710299639,-0.8721168611432542,-1.4046698523570524,0.17235613780776748,0.4185527593430339,-0.3599999666404429,1.0,0.0,1.0,0.0,0.0,0.0,0.0
1.1846604642119807,0.8702013166529592,1.3987835696246407,0.12064636431568289,0.44404823564467844,-0.08728086632222865,-0.011829687880737827,1.0,0.0,0.0,0.0,0.0,1.0,0.0
-1.51123262096751,-0.12279583315526066,-0.13768492209923938,-1.1113398106892185,-0.7916135652520092,1.4923399296149082,1.8670351497504647,1.0,0.0,0.0,0.0,1.0,0.0,0.0
-0.9720540039316119,1.2188536492522892,1.5411629831910536,0.36997689973334275,1.0181321033904691,-0.6729829591977966,-0.7709036289604554,1.0,0.0,0.0,0.0,0.0,1.0,0.0
-1.51123262096751,-1.543885087547468,-1.0667362034282781,-1.1553393169393926,-1.955898628581373,0.9421349332772543,-0.4697833878709808,0.0,1.0,0.0,0.0,0.0,0.0,1.0
1.1846604642119807,-1.546091747880375,0.1388794064110593,0.20864537681603373,0.38495136690614146,1.2527345279839943,-0.5795668091015184,1.0,0.0,0.0,0.0,0.0,0.0,1.0
0.10630323014018443,0.6826351883558507,-1.4231968935082187,-0.09935116693519162,-0.42935743480279387,1.1107461418323414,-1.0877072159400072,0.0,1.0,0.0,0.0,0.0,0.0,1.0
-0.4328753868957137,0.007397126486261409,0.6909837511038402,0.35531039764995004,0.4801203503292411,1.7940652501871701,0.947991080591963,1.0,0.0,1.0,0.0,0.0,0.0,0.0
0.10630323014018443,1.2056136872548466,1.5411629831910536,0.8979709747354425,1.0994862343811829,-1.4894161795698,0.797430960047226,0.0,1.0,1.0,0.0,0.0,0.0,0.0
1.993428389765828,-1.5659516908765394,0.610063077206382,-0.3340152002694588,-1.5875025637177644,0.6049125161670782,0.9103510504557789,1.0,0.0,0.0,0.0,0.0,0.0,1.0
-0.16328607837776465,-1.851714203988016,-0.9468916610738167,0.20864537681603373,-2.0788891898196917,-0.12277796286014188,1.8764451572845107,1.0,0.0,1.0,0.0,0.0,0.0,0.0
0.9150711556940316,-0.01908279750862427,-0.41424925060953804,0.003314347648550597,-0.36719059885705974,1.3592258175977334,-0.7771769673164862,1.0,0.0,0.0,0.0,1.0,0.0,0.0
-0.16328607837776465,-0.3059486407865545,0.4758781622624962,-1.5366683711075775,1.0994862343811829,0.23219300251898964,0.289290553208737,1.0,0.0,0.0,0.0,1.0,0.0,0.0
-0.4328753868957137,-1.1930260946152305,0.04925207772716631,0.07664685806550876,-1.714906202816429,0.14345026117420695,-1.407647472097574,1.0,0.0,0.0,0.0,1.0,0.0,0.0
-0.16328607837776465,1.5211661148605695,0.6797163154978652,0.809971962235093,0.7779071694273246,0.9598834815462105,0.06658704156964625,0.0,1.0,0.0,0.0,0.0,1.0,0.0
-1.241643312449561,-0.34787518711179033,0.04771560923544237,0.8833044726520513,1.0334819394264532,1.039751948756515,0.22969383882644526,1.0,0.0,1.0,0.0,0.0,0.0,0.0
-1.51123262096751,0.656155264360965,0.6961053127429195,0.36997689973334275,1.0994862343811829,-0.7528514264081011,-0.9057804036151161,0.0,1.0,0.0,1.0,0.0,0.0,0.0
0.10630323014018443,0.9297811456414522,-0.5801878477157161,-1.067340304439043,-0.18759751723605014,-0.1760236076670121,0.5966841326542427,0.0,1.0,0.0,0.0,1.0,0.0,0.0
1.1846604642119807,-0.6987341800440278,0.45027035406709814,-0.5246797273535505,-1.166149564530011,-1.4184219864939736,-1.0155638248456538,0.0,1.0,0.0,0.0,0.0,1.0,0.0
-0.4328753868957137,0.8702013166529592,-0.28518589730473165,0.5459749247340419,-0.6327427622795773,0.1700730835776421,-0.6360268543057948,1.0,0.0,0.0,0.0,0.0,1.0,0.0
0.10630323014018443,-0.22871552913480378,-0.23089734393048775,-0.12868417110197566,-0.024121763452824067,0.4984212265533385,-1.3292307426471899,1.0,0.0,0.0,0.0,0.0,1.0,0.0
-0.7024646954136627,0.05153033314440473,1.5411629831910536,1.8072941039057273,1.0994862343811829,0.24994155078794664,-0.748946944714348,0.0,1.0,0.0,0.0,1.0,0.0,0.0
1.1846604642119807,0.8525480339897015,0.04925207772716631,0.42864290806690825,0.8270266447424724,0.1789473577121202,0.10109040252781533,1.0,0.0,0.0,0.0,1.0,0.0,0.0
1.1846604642119807,-1.1775794722848802,0.46051347734525827,-0.9500082877719095,-0.4078676643524166,0.2588158249224248,-0.7771769673164862,0.0,1.0,0.0,0.0,0.0,0.0,1.0
-0.7024646954136627,-0.7450740470350778,-0.5218020450302093,-1.3900033502736597,-0.719469335882886,-0.2647663490117948,-1.2382673364847445,0.0,1.0,0.0,0.0,0.0,1.0,0.0
0.3758925386581335,-0.5354413154088984,-0.04242387561235812,0.8393049664018758,0.06567477735768072,-0.24701780074283858,0.13245709430796884,0.0,1.0,0.0,0.0,0.0,1.0,0.0
0.6454818471760826,-0.3544951681105116,0.3191583761066603,0.2673113851496005,0.3296919571766002,-0.3712576386255345,1.8858551648185566,1.0,0.0,0.0,1.0,0.0,0.0,0.0
1.993428389765828,0.44872919306769227,0.05795873251360099,-1.1260063127726099,1.0994862343811829,1.0131291263530806,-0.8838237193690086,1.0,0.0,0.0,0.0,0.0,0.0,1.0
0.6454818471760826,0.3825293830804779,1.5411629831910536,0.7513059539015262,1.0994862343811829,-1.2675593262078426,-0.1623898084254751,1.0,0.0,1.0,0.0,0.0,0.0,0.0
-0.9720540039316119,1.8676117871269928,1.5411629831910536,1.0006364893191848,0.4724454323112486,-1.063451021114842,-0.10906643239921394,1.0,0.0,0.0,0.0,0.0,1.0,0.0
0.10630323014018443,0.4906557393929285,0.7831718606072722,-0.9793412919386936,0.8323990873550663,-0.6907315074667536,-0.9246004186832083,0.0,1.0,0.0,0.0,0.0,0.0,1.0
-0.7024646954136627,-0.38538841277121194,0.5158263430473171,-0.02601865651823345,1.0994862343811829,-1.7201473070662365,-0.5952501549915951,1.0,0.0,0.0,0.0,1.0,0.0,0.0
0.6454818471760826,1.6866656398286062,0.503534595113527,0.5313084226506505,-0.14308299273169753,-0.34463481622209935,-1.3605974344273437,1.0,0.0,0.0,0.0,0.0,1.0,0.0
0.10630323014018443,1.8102386184714065,1.5411629831910536,0.047313853898724716,1.0994862343811829,0.019210423291510258,-0.5544734556773955,1.0,0.0,0.0,0.0,0.0,0.0,1.0
-0.7024646954136627,-0.7671406503641497,-1.5625033700911837,-1.1700058190227853,-1.1684520399354088,-1.5959074691835398,0.39280063608324395,1.0,0.0,0.0,0.0,1.0,0.0,0.0
-1.51123262096751,-1.851714203988016,0.04925207772716631,-1.8446649148588028,-2.0702549070494514,1.5988312192286487,-1.0626138625158843,1.0,0.0,0.0,1.0,0.0,0.0,0.0
-1.51123262096751,-1.4931318998906034,-1.90257506292607,-1.5806678773577516,-0.685699696603722,-1.2143136814009732,0.04776702650155419,0.0,1.0,1.0,0.0,0.0,0.0,0.0
-1.51123262096751,1.11734727393856,0.04925207772716631,-0.436680714853201,0.6505035303286602,-0.4600003799703172,-1.093980554296038,1.0,0.0,0.0,0.0,0.0,1.0,0.0
-0.4328753868957137,0.9077145423123804,1.5411629831910536,1.1326350080697098,1.0994862343811829,0.34755856626720744,0.022673673077431265,0.0,1.0,0.0,0.0,0.0,1.0,0.0
-1.51123262096751,1.8676117871269928,0.8128769181139345,1.8366271080725112,1.0442268246516417,-0.6286115885254052,-0.23453319951982857,1.0,0.0,1.0,0.0,0.0,0.0,0.0
0.3758925386581335,1.741832148151285,1.079198123346073,1.8366271080725112,0.15777379357358315,0.9243863850082964,0.6594175162145497,1.0,0.0,0.0,0.0,0.0,0.0,1.0
0.3758925386581335,-0.7980338950248496,1.5411629831910536,-0.6273452419372928,0.0664422691594803,-0.10502941459118566,-1.1159372385421453,1.0,0.0,0.0,0.0,0.0,0.0,1.0
-1.51123262096751,-1.3364590162541954,-1.558406120779921,-1.1113398106892185,-0.9527868436298376,-1.5426618243766703,-0.13729645500135218,1.0,0.0,0.0,0.0,1.0,0.0,0.0
0.6454818471760826,-0.01908279750862427,0.6817649401534966,0.25264488306620914,-1.3810472690337827,-1.0989481176527554,-0.1623898084254751,1.0,0.0,0.0,0.0,0.0,0.0,1.0
0.10630323014018443,1.8676117871269928,0.5557745238321381,1.3086330330704101,0.15777379357358315,0.34755856626720744,0.035220349789492726,1.0,0.0,0.0,1.0,0.0,0.0,0.0
0.10630323014018443,-0.6788742370478634,-0.41732218759298595,-1.8006654086086273,-1.6312495964203175,0.5339183230912518,-0.7269902604682403,1.0,0.0,0.0,0.0,1.0,0.0,0.0
0.3758925386581335,-1.851714203988016,-0.6273062147952493,-0.23134968568571657,-2.0788891898196917,0.48954695241886037,2.17442872919597,1.0,0.0,0.0,1.0,0.0,0.0,0.0
-1.241643312449561,0.8371014116593518,0.06717754346394461,0.25264488306620914,1.0994862343811829,0.5250440489567736,0.35829727512507514,1.0,0.0,0.0,0.0,0.0,0.0,1.0
0.3758925386581335,-0.034529419838974416,0.38881161439814355,0.003314347648550597,1.0994862343811829,1.7141967829768656,-0.021239695414783714,1.0,0.0,0.0,0.0,0.0,1.0,0.0
-0.7024646954136627,0.12435012413034084,0.2290188912588598,-0.7886767648546005,0.15777379357358315,-1.6225302915869748,2.258334629707881,1.0,0.0,0.0,1.0,0.0,0.0,0.0
1.993428389765828,-1.851714203988016,-1.361738153839264,-0.4806802211033751,0.15777379357358315,0.2676900990569029,0.28301721485270637,1.0,0.0,0.0,0.0,0.0,0.0,1.0
0.9150711556940316,-0.22209554813608245,-1.926134246465835,0.12064636431568289,-2.0788891898196917,0.8001465471256013,2.258334629707881,0.0,1.0,0.0,0.0,0.0,1.0,0.0
-1.51123262096751,-1.1841994532836018,-1.8400920109292989,-0.6566782461040755,-1.164614580926413,-1.1344452141906685,1.481224840854575,1.0,0.0,0.0,0.0,0.0,0.0,1.0
0.3758925386581335,-0.12720915382107487,0.04925207772716631,0.03264735181533334,-2.0572075464188657,-1.8355128708144544,0.1826438011562147,1.0,0.0,0.0,1.0,0.0,0.0,0.0
0.3758925386581335,-1.060626474640801,-1.348422093577656,-1.8446649148588028,-1.1032152367824786,-0.6641086850633184,-0.8744137118349624,1.0,0.0,0.0,0.0,0.0,1.0,0.0
-0.4328753868957137,0.30970959209454174,-0.9837669048751898,0.3846434018167341,-0.09549850102014772,-0.9569597315011024,-1.4099999739810856,1.0,0.0,0.0,0.0,1.0,0.0,0.0
-0.7024646954136627,0.5965754353724716,1.4090266929027992,1.176634514319885,0.15777379357358315,1.1817403349081679,-0.3066765906141818,1.0,0.0,0.0,0.0,0.0,0.0,1.0
-1.241643312449561,-1.851714203988016,-1.2244803019119304,-0.5833457356871173,-2.072557382454849,-0.44225183170136095,1.1738312614090693,1.0,0.0,0.0,0.0,0.0,0.0,1.0
0.3758925386581335,-1.851714203988016,0.6049415155673026,-0.29001569401928334,-1.5015434819162554,-0.8859655384252759,-0.44782670362487315,1.0,0.0,0.0,0.0,0.0,1.0,0.0
1.993428389765828,-0.35890848877632586,0.6090387648785669,-0.8180097690213846,0.9598027264537318,0.04583324569494538,-1.4099999739810856,1.0,0.0,0.0,0.0,0.0,1.0,0.0
-0.4328753868957137,0.7466283380101584,1.5411629831910536,1.235300522653452,1.0994862343811829,1.3858486400011691,-0.41018667348868876,0.0,1.0,0.0,1.0,0.0,0.0,0.0
0.6454818471760826,-0.49572142941656966,-0.2636753384205979,0.003314347648550597,-1.6888114815552564,1.7940652501871701,-0.940283764573285,1.0,0.0,0.0,0.0,0.0,0.0,1.0
-0.9720540039316119,-0.7671406503641497,1.5411629831910536,1.5432970664046772,0.9920373821292966,1.7940652501871701,-1.4099999739810856,0.0,1.0,1.0,0.0,0.0,0.0,0.0
1.7238390812478788,-1.2570192442695378,0.2556510117820742,0.07664685806550876,-1.5023109737180549,-0.46887465410479606,1.2020612840112075,1.0,0.0,0.0,0.0,0.0,1.0,0.0
0.9150711556940316,-0.8289271396855499,-0.06803168380775612,-1.0526738023556517,-0.9788815648910102,1.5544598485562564,1.0703211785345623,1.0,0.0,0.0,1.0,0.0,0.0,0.0
1.7238390812478788,1.0423208226197167,0.14809821736140294,-0.7740102627712091,1.0994862343811829,-0.11390368872566377,-0.06515306390699897,1.0,0.0,0.0,0.0,0.0,1.0,0.0
-0.16328607837776465,1.0003942762944813,0.5619203977990338,1.8366271080725112,-0.543713713270872,-0.08728086632222865,-0.1623898084254751,1.0,0.0,0.0,0.0,0.0,1.0,0.0
0.10630323014018443,-0.01908279750862427,0.8046824194914073,-1.360670346106877,0.6098264648333033,0.3564328404016863,0.010126996365369801,1.0,0.0,0.0,0.0,1.0,0.0,0.0
-0.16328607837776465,-0.034529419838974416,-0.37839831913598,0.3846434018167341,-2.0788891898196917,0.8622664660669489,-1.4099999739810856,1.0,0.0,0.0,1.0,0.0,0.0,0.0
-1.241643312449561,-0.12279583315526066,-0.6160387791892742,-0.8473427731881673,-0.37486551687505115,0.7646494505876881,-0.11220310157722925,1.0,0.0,0.0,0.0,0.0,0.0,1.0
-0.4328753868957137,-1.1246196242951085,0.4850969732128398,1.2059675184866678,-0.41400759876681,-1.036828198711407,1.0797311860686083,0.0,1.0,1.0,0.0,0.0,0.0,0.0
0.10630323014018443,0.3251562144248919,-0.05369131121833318,-0.7300107565210336,1.0994862343811829,-0.7794742488115363,0.822524313471349,1.0,0.0,0.0,1.0,0.0,0.0,0.0
0.6454818471760826,-1.851714203988016,-1.9056479999095177,-1.8446649148588028,-2.0510676120044717,1.332602995194299,-1.4099999739810856,0.0,1.0,0.0,0.0,0.0,0.0,1.0
0.3758925386581335,-0.5177880327456411,-1.081076576017701,-0.29001569401928334,-0.8660602700265301,0.569415419629165,0.23910384636049142,1.0,0.0,0.0,1.0,0.0,0.0,0.0
-0.9720540039316119,1.2232669699181034,0.9480861453856352,0.9566369830690094,1.0994862343811829,1.5810826709596908,-0.7897236440285477,1.0,0.0,0.0,0.0,1.0,0.0,0.0
0.6454818471760826,-1.4688586362286247,-0.41220062595390516,0.9273039789022266,-0.8906200076841045,-1.8355128708144544,0.8350709901834101,1.0,0.0,0.0,0.0,1.0,0.0,0.0
-0.16328607837776465,-0.5685412204025058,-1.3555922798723683,-0.7006777523542509,-0.30195379570412945,-1.0989481176527554,1.7572517285199267,1.0,0.0,0.0,0.0,0.0,0.0,1.0
-0.16328607837776465,1.159273820263796,0.5660176471102981,0.003314347648550597,1.0994862343811829,0.5072955006878174,-0.008693018702722252,1.0,0.0,0.0,0.0,0.0,1.0,0.0
-0.4328753868957137,0.3229495540919848,-0.5084859847686029,-0.994007794022085,0.6343862024908766,1.7940652501871701,-0.8650037043009164,1.0,0.0,0.0,0.0,0.0,1.0,0.0
1.4542497727299297,0.21040987711371958,-0.8403631789809605,0.8246384643184844,-0.22443712372241134,-0.40675473516344773,-1.0061538173116076,1.0,0.0,0.0,0.0,0.0,0.0,1.0
1.1846604642119807,0.5767154923763073,-0.48185386424538845,-0.4953467231867678,1.0994862343811829,1.5100884778838644,0.5119940648478281,1.0,0.0,0.0,0.0,0.0,0.0,1.0
-1.51123262096751,-0.2022356051399181,-0.9909370911699006,0.5753079289008258,0.309737170329821,-0.07840659218775053,-0.2627632221219668,1.0,0.0,1.0,0.0,0.0,0.0,0.0
-0.16328607837776465,-0.20885558613863942,-1.3576409045279998,-1.258004831523135,0.2084282524923291,-0.619737314390927,0.3081105682768293,1.0,0.0,0.0,0.0,0.0,0.0,1.0
-0.9720540039316119,-0.9657400803257935,-0.5330694806361844,-0.12868417110197566,0.38188139969894536,1.0663747711599494,-0.10592976322119865,0.0,1.0,0.0,0.0,0.0,1.0,0.0
1.993428389765828,0.9606743903021525,1.1201706164587104,0.17931237264924968,1.0994862343811829,-0.610863040256449,-1.3731441111394052,1.0,0.0,0.0,0.0,0.0,1.0,0.0
-0.9720540039316119,0.12214346379743372,-0.0649587468243097,0.5019754184838677,-0.6219978770543897,-0.1405265111290989,0.10422707170583062,1.0,0.0,0.0,0.0,1.0,0.0,0.0
-0.16328607837776465,1.4461396635417263,0.5752364580606403,0.03264735181533334,1.0994862343811829,1.1728660607736898,0.1105004100618615,1.0,0.0,0.0,0.0,0.0,0.0,1.0
0.3758925386581335,-0.4802748070862195,0.5270937786532922,0.8539714684852672,-1.0725155647105107,1.0929975935633853,1.7227483675617579,1.0,0.0,0.0,0.0,0.0,1.0,0.0
1.1846604642119807,0.4156292880740853,-0.3865928177585072,-0.8620092752715599,1.0994862343811829,-0.4777489282392742,0.1795071319781994,1.0,0.0,0.0,0.0,0.0,0.0,1.0
0.3758925386581335,1.8676117871269928,0.11839315985474062,1.8366271080725112,1.0994862343811829,-1.3208049710147127,0.3551606059470599,0.0,1.0,0.0,0.0,0.0,0.0,1.0
0.3758925386581335,-1.0253199093142866,-1.6762020384787508,-1.1553393169393926,-0.43779984462258487,-0.5398688471806226,-1.1880806296364987,0.0,1.0,1.0,0.0,0.0,0.0,0.0
0.6454818471760826,-1.6498047835270113,-1.519482252322915,-1.5513348731909689,-2.0788891898196917,0.19669590598107642,-0.8712770426569472,1.0,0.0,0.0,0.0,0.0,0.0,1.0
-0.7024646954136627,0.9783276729654093,0.38369005275906426,-0.6273452419372928,1.0994862343811829,-0.1405265111290989,-0.5544734556773955,0.0,1.0,0.0,0.0,0.0,0.0,1.0
1.993428389765828,-0.3898017334370261,-0.3568877602518463,-0.2166831836023252,-0.7685888111980338,-0.9658340056355805,0.1481404401980459,1.0,0.0,0.0,0.0,1.0,0.0,0.0
0.10630323014018443,-1.0385598713117297,-1.926134246465835,0.12064636431568289,-1.645831940654502,0.019210423291510258,0.8005676292252414,0.0,1.0,0.0,1.0,0.0,0.0,0.0
-1.241643312449561,1.8676117871269928,1.5411629831910536,1.8366271080725112,1.0994862343811829,0.6936552575118616,-0.8869603885470239,0.0,1.0,0.0,0.0,0.0,1.0,0.0
0.10630323014018443,-0.003636175178274128,0.7309319318886612,-1.8446649148588028,0.7756046940219269,-0.3890061868944915,-0.44155336526884226,1.0,0.0,0.0,0.0,0.0,0.0,1.0
-1.51123262096751,-0.39642171443574786,-1.0759550143786218,-1.0526738023556517,0.6451310877160653,1.376974365866691,1.5282748785248055,1.0,0.0,0.0,1.0,0.0,0.0,0.0
0.3758925386581335,-0.6060544460619274,1.1765077944885858,0.648640439317784,0.8300966119496687,0.43630130761199093,1.09227786278067,0.0,1.0,0.0,0.0,0.0,0.0,1.0
-0.4328753868957137,1.2563668749117112,0.4287597951829645,0.047313853898724716,0.38495136690614146,-0.1760236076670121,-1.1661239453903913,0.0,1.0,0.0,0.0,1.0,0.0,0.0
-1.51123262096751,0.4707957963967641,0.8190227920808303,-1.1406728148560012,-0.3764005004786503,-0.3978804610289696,2.258334629707881,1.0,0.0,0.0,0.0,1.0,0.0,0.0
-0.4328753868957137,-0.12279583315526066,-1.333057408660418,-1.8446649148588028,0.06030233474508586,0.4274270334775128,1.465541494964498,1.0,0.0,0.0,0.0,0.0,1.0,0.0
0.3758925386581335,-0.2066489258057323,-1.926134246465835,-0.5393462294369419,-1.6450644488527033,-1.054576746980364,-1.1190739077201608,1.0,0.0,0.0,1.0,0.0,0.0,0.0
0.6454818471760826,-0.9966333249864936,1.1119761178361833,-1.067340304439043,-0.908272319125485,0.019210423291510258,-0.1623898084254751,1.0,0.0,0.0,1.0,0.0,0.0,0.0
-0.7024646954136627,-0.7825872726944999,-0.2585537767815172,-0.12868417110197566,-0.21983217291161605,0.019210423291510258,-0.44155336526884226,1.0,0.0,0.0,0.0,0.0,0.0,1.0
-0.7024646954136627,0.36928942108303486,-1.926134246465835,0.17931237264924968,0.30820218672622296,-0.5398688471806226,-0.8305003433427474,1.0,0.0,0.0,0.0,0.0,0.0,1.0
-0.16328607837776465,0.8084148273315586,0.037472485957282295,1.2059675184866678,1.0994862343811829,0.019210423291510258,-0.1623898084254751,0.0,1.0,0.0,0.0,0.0,0.0,1.0
0.6454818471760826,-0.5199946930785482,-1.105660071885284,-0.6420117440206842,-0.533736319847483,0.7291523540497749,-0.3317699440383047,1.0,0.0,1.0,0.0,0.0,0.0,0.0
-0.7024646954136627,0.5281689650523501,0.8046824194914073,0.3993099039001255,0.6029190386171103,1.2527345279839943,-1.1880806296364987,1.0,0.0,0.0,1.0,0.0,0.0,0.0
1.1846604642119807,0.6142287180357289,0.5486043375374273,0.35531039764995004,-0.8614553192157347,0.9687577556806886,0.3771172901931672,1.0,0.0,0.0,0.0,0.0,0.0,1.0
0.9150711556940316,-1.851714203988016,-0.89055448304394,1.704628589321985,-1.4240268099345372,1.7940652501871701,-0.8210903358087013,0.0,1.0,0.0,0.0,0.0,0.0,1.0
-0.7024646954136627,-1.157719529288716,-1.3269115346935225,-0.9353417856885181,-0.8568503684049394,0.2055701801155553,-0.00241968034669166,1.0,0.0,0.0,0.0,0.0,1.0,0.0
-1.241643312449561,0.18834327378464813,0.04925207772716631,-0.9353417856885181,-0.50840909038811,0.11682743877077184,0.703330884706765,0.0,1.0,0.0,0.0,0.0,0.0,1.0
1.993428389765828,-1.2702592062669809,-0.6273062147952493,0.12064636431568289,-0.788543598044812,0.08133034223285861,2.258334629707881,1.0,0.0,0.0,0.0,0.0,0.0,1.0
-0.7024646954136627,0.6914618296874796,1.5411629831910536,-1.2726713336065263,0.9498253330303417,-0.5664916695840568,0.18891713951224556,1.0,0.0,0.0,1.0,0.0,0.0,0.0
-0.7024646954136627,0.20158323578209117,0.04925207772716631,-0.3926812086030256,-0.6519300573245569,-0.2736406231462729,-0.8430470200548088,1.0,0.0,0.0,0.0,0.0,0.0,1.0
-0.9720540039316119,-1.1466862276241803,-0.6928622037754681,-1.5073353669407934,-0.37026056606425695,-1.7467701294696707,0.11363707923987679,1.0,0.0,0.0,0.0,0.0,0.0,1.0
-0.4328753868957137,-0.5266146740772699,-1.5174336276672835,-0.6566782461040755,0.1930784164563452,-0.6552344109288404,-1.4099999739810856,1.0,0.0,0.0,0.0,0.0,0.0,1.0
0.9150711556940316,0.3229495540919848,0.04925207772716631,-0.45134721693659235,1.0994862343811829,-1.3740506158215822,0.13873043266399973,1.0,0.0,0.0,0.0,0.0,0.0,1.0
0.9150711556940316,-0.12058917282235355,-1.1394623787032092,1.1473015101531012,1.0994862343811829,-0.18489788180149022,1.038954486754409,0.0,1.0,0.0,0.0,1.0,0.0,0.0
-1.241643312449561,-0.8664403653449715,0.8671654714881784,0.13531286639907555,-0.9351345321884571,1.7940652501871701,-0.576430139923503,1.0,0.0,0.0,1.0,0.0,0.0,0.0
-1.51123262096751,0.1464167274594123,1.5411629831910536,0.6046409330676086,0.048022465916299155,-0.1405265111290989,0.14500377102003031,1.0,0.0,0.0,0.0,1.0,0.0,0.0
0.6454818471760826,1.6557723951679058,0.7524424907727949,1.8366271080725112,0.9621052018591284,1.2793573503874287,0.6092308093663038,1.0,0.0,1.0,0.0,0.0,0.0,0.0
-1.51123262096751,0.0007771454875400869,0.7585883647396906,1.8366271080725112,-0.13310559930830848,-0.1405265111290989,-0.861867035122901,1.0,0.0,0.0,0.0,0.0,0.0,1.0
-0.9720540039316119,0.4972757203916498,-0.9376728501234731,0.003314347648550597,-0.20755230408282935,-0.34463481622209935,1.634921630577328,1.0,0.0,0.0,0.0,0.0,0.0,1.0
1.4542497727299297,0.5789221527092148,0.29457488023907874,-0.23134968568571657,-0.5767158607482376,-1.063451021114842,-0.1623898084254751,0.0,1.0,0.0,0.0,0.0,1.0,0.0
0.9150711556940316,1.8587851457953644,1.5411629831910536,1.0153029914025762,0.6182688746530942,1.1994888831771242,-0.1623898084254751,1.0,0.0,0.0,0.0,0.0,1.0,0.0
0.10630323014018443,-0.8002405553577567,1.1488513616375564,0.14997936848246693,-0.4646620576855559,0.294312921460338,-0.5105600871851804,1.0,0.0,0.0,0.0,0.0,0.0,1.0
0.10630323014018443,0.09787020013545476,0.8856030933888641,1.8366271080725112,0.46323553068965806,0.3031871955948161,-0.1623898084254751,0.0,1.0,0.0,0.0,0.0,0.0,1.0
0.9150711556940316,-0.341255206113069,-1.516409315339467,-1.0086742961054762,-1.367232416601398,-0.318011993818665,-1.4099999739810856,0.0,1.0,0.0,1.0,0.0,0.0,0.0
1.993428389765828,1.1614804805967036,1.4561450599823325,1.8366271080725112,0.9935723657328958,0.6847809833773827,-0.9904704714215309,0.0,1.0,0.0,1.0,0.0,0.0,0.0
1.1846604642119807,-0.4096616764331905,-0.6611085216131745,-1.331337341940093,0.15777379357358315,0.08133034223285861,-0.8116803282746553,1.0,0.0,1.0,0.0,0.0,0.0,0.0
1.4542497727299297,0.81503480833028,1.2256747862237503,1.4406315518209352,0.4824228257346377,0.48067267828438226,-0.014966357058753122,1.0,0.0,0.0,0.0,1.0,0.0,0.0
-0.9720540039316119,-0.23754217046643258,0.646938321007755,0.17931237264924968,1.0994862343811829,0.48954695241886037,-0.3160865981482279,1.0,0.0,0.0,0.0,0.0,0.0,1.0
-1.51123262096751,0.7201484140152723,0.04925207772716631,-1.2726713336065263,1.0994862343811829,0.7735237247221662,1.029544479220363,1.0,0.0,0.0,0.0,1.0,0.0,0.0
-0.4328753868957137,-1.10034636063313,-0.7461264448218956,0.487308916400475,-1.8630321205636717,1.7940652501871701,-0.1623898084254751,0.0,1.0,0.0,0.0,1.0,0.0,0.0
-0.16328607837776465,0.2721963664351202,-1.4948987564553333,-0.29001569401928334,-0.6488600901173608,-0.318011993818665,-1.2445406748407752,0.0,1.0,0.0,0.0,1.0,0.0,0.0
0.10630323014018443,-1.0782797573040583,0.17985189952369524,1.0006364893191848,0.5622419731217534,-1.7645186777386277,-0.32863327486028937,1.0,0.0,0.0,0.0,1.0,0.0,0.0
-0.16328607837776465,1.3755265328886974,0.9695967042697704,-0.3340152002694588,1.0994862343811829,-1.356302067552626,-1.1190739077201608,1.0,0.0,0.0,0.0,1.0,0.0,0.0
-0.16328607837776465,0.18834327378464813,-1.4457317647201688,-0.5980122377705087,1.0994862343811829,-0.619737314390927,-1.2288573289506983,1.0,0.0,0.0,0.0,1.0,0.0,0.0
1.993428389765828,-0.27064207546004,1.0372013179056208,0.003314347648550597,1.0994862343811829,1.1373689642357758,1.9172218565987107,1.0,0.0,0.0,0.0,0.0,1.0,0.0
-1.241643312449561,1.1041073119411173,1.5411629831910536,0.4433094101503009,1.0994862343811829,-0.300263445549708,1.00445112579624,1.0,0.0,0.0,0.0,0.0,0.0,1.0
0.6454818471760826,0.3891493640791992,0.04925207772716631,-0.8180097690213846,0.12246917069082003,0.39192993693959954,-0.9434204337513005,0.0,1.0,0.0,0.0,0.0,1.0,0.0
-0.4328753868957137,-0.43614160042807654,-0.40912768897045876,-0.8326762711047759,-0.5698084345320447,1.7940652501871701,-0.7959969823845784,1.0,0.0,1.0,0.0,0.0,0.0,0.0
-0.7024646954136627,1.4395196825430046,-0.607844280566747,0.7366394518181348,1.0994862343811829,0.7646494505876881,-0.6924868995100715,1.0,0.0,1.0,0.0,0.0,0.0,0.0
0.6454818471760826,0.3803227227475708,1.3803459477239548,0.7219729497347422,0.6505035303286602,1.48346565548043,-0.7018969070441174,1.0,0.0,0.0,0.0,0.0,0.0,1.0
0.10630323014018443,1.0092209176261098,-0.7522723187887914,1.3966320455707597,0.49240021915802784,0.09020461636733672,-1.0312471707357305,0.0,1.0,0.0,0.0,0.0,0.0,1.0
1.1846604642119807,-1.1466862276241803,-0.6949108284310996,-0.6713447481874681,-0.3288160087671005,0.2854386473258599,0.5559074333400427,1.0,0.0,0.0,0.0,0.0,1.0,0.0
-0.16328607837776465,0.9319878059743589,1.5155551749956555,1.103302003902927,-0.38330792669484215,1.0575004970254713,-1.0155638248456538,1.0,0.0,0.0,1.0,0.0,0.0,0.0
-0.16328607837776465,0.16407001012266956,1.5411629831910536,-0.2166831836023252,1.0994862343811829,-0.3801319127600126,0.2046004854023223,1.0,0.0,0.0,0.0,0.0,1.0,0.0
0.3758925386581335,1.8676117871269928,0.3201826884344767,0.9566369830690094,0.15777379357358315,1.1551175125047337,-1.3229574042911594,1.0,0.0,0.0,0.0,0.0,0.0,1.0
1.1846604642119807,1.0070142572932022,-0.6867163298085724,-0.3340152002694588,1.0994862343811829,0.36530711453616443,0.49944738813576656,1.0,0.0,0.0,0.0,0.0,0.0,1.0
0.3758925386581335,0.41342262774117816,-0.9509889103850796,-0.011352154434842079,-0.430892418406392,0.45404985588094715,1.427901464828314,1.0,0.0,0.0,0.0,0.0,0.0,1.0
1.993428389765828,1.2144403285864749,1.4100510052306157,1.8366271080725112,1.0994862343811829,0.9421349332772543,-0.1623898084254751,1.0,0.0,0.0,0.0,1.0,0.0,0.0
1.7238390812478788,-0.04997604216932456,-1.926134246465835,-1.463335860690618,0.2506403015912841,0.45404985588094715,1.5753249161950356,1.0,0.0,1.0,0.0,0.0,0.0,0.0
-0.16328607837776465,-1.851714203988016,-1.9066723122373328,-1.8006654086086273,-0.9942314009269941,-0.0429094956498373,2.033278616185279,1.0,0.0,0.0,0.0,1.0,0.0,0.0
-1.51123262096751,-0.12058917282235355,-1.3596895291836313,-0.5833457356871173,0.8055368742920952,-1.338553519283669,-1.131620584432222,1.0,0.0,0.0,0.0,1.0,0.0,0.0
-1.51123262096751,-0.4140749970990047,-0.9243567898618652,-0.5100132252701591,-1.8000977928161384,0.6670324351084265,-1.4099999739810856,1.0,0.0,1.0,0.0,0.0,0.0,0.0
-1.241643312449561,-0.01908279750862427,1.5411629831910536,-0.3926812086030256,1.0994862343811829,0.9243863850082964,1.1832412689431153,1.0,0.0,0.0,0.0,0.0,1.0,0.0
-1.51123262096751,0.6054020767041004,-0.6938865161032832,1.0006364893191848,-0.16227028777667718,-0.60198876612197,-0.9967438097775616,0.0,1.0,0.0,0.0,0.0,0.0,1.0
-0.4328753868957137,0.35825611941849933,1.5411629831910536,1.1326350080697098,0.6689233335718402,0.888889288470384,-0.3317699440383047,0.0,1.0,0.0,0.0,0.0,0.0,1.0
-0.16328607837776465,-0.4802748070862195,1.53194417224071,-0.055351660685016194,0.011182859429937967,1.4213457365390816,0.37084395183713664,0.0,1.0,0.0,0.0,0.0,0.0,1.0
1.1846604642119807,-0.6060544460619274,0.5762607703884567,-0.08468466485180025,1.0994862343811829,-0.8327198936184065,-1.2664973590868829,1.0,0.0,0.0,0.0,0.0,0.0,1.0
-0.4328753868957137,-0.7693473106970569,-0.14895235770521445,-1.199338823189568,0.8492839069946483,0.6670324351084265,-0.24707987623189004,1.0,0.0,0.0,0.0,1.0,0.0,0.0
-0.9720540039316119,0.3803227227475708,0.34271755964642686,-0.20201668151893384,-0.021819288047426423,0.019210423291510258,0.5841374559421815,1.0,0.0,0.0,0.0,0.0,1.0,0.0
0.9150711556940316,-1.632151500863754,-0.8219255570802732,0.42864290806690825,-1.8707070385816635,0.5605411454946868,-0.20943984609570565,1.0,0.0,0.0,0.0,0.0,1.0,0.0
-0.4328753868957137,0.8812346183174943,0.5014859704578941,-0.1726836773521498,0.15777379357358315,1.6520768640355172,-0.06515306390699897,1.0,0.0,0.0,0.0,1.0,0.0,0.0
0.10630323014018443,-1.2349526409404663,-1.1363894417197613,-0.275349191935892,-0.8491754503869481,-0.12277796286014188,-0.20943984609570565,1.0,0.0,0.0,0.0,0.0,1.0,0.0
1.4542497727299297,-0.12500249348816778,-0.27289414937094014,0.9859699872357934,-0.13310559930830848,-0.6818572333322747,1.4435848107183904,0.0,1.0,1.0,0.0,0.0,0.0,0.0
-0.16328607837776465,-0.7384540660363565,-0.7123241380039704,-0.45134721693659235,-1.1454272858814334,-1.5870331950490617,-0.1623898084254751,0.0,1.0,0.0,0.0,0.0,1.0,0.0
0.10630323014018443,-1.0959330399673155,0.91428383856771,0.6779734434845681,-1.2336888430883401,-0.593114491987492,0.4806273730676742,0.0,1.0,0.0,0.0,0.0,1.0,0.0
1.1846604642119807,0.03387705048114748,1.5411629831910536,1.57263007057146,-0.009539419218639725,0.019210423291510258,0.21401049293636848,0.0,1.0,0.0,0.0,0.0,1.0,0.0
1.993428389765828,-1.0959330399673155,-0.022961941383855877,-1.6246673836079268,0.6389911533016719,1.2527345279839943,-0.014966357058753122,0.0,1.0,0.0,0.0,0.0,0.0,1.0
-1.241643312449561,-0.01908279750862427,-1.3074496004650202,-1.8446649148588028,-2.0788891898196917,0.019210423291510258,-0.00241968034669166,1.0,0.0,1.0,0.0,0.0,0.0,0.0
1.993428389765828,-1.2128860376113948,-1.926134246465835,-0.07001816276840887,-1.6857415143480596,0.8711407402014277,1.4780881716765597,0.0,1.0,0.0,0.0,0.0,0.0,1.0
0.10630323014018443,-0.8752670066766003,-1.490801507144069,-1.2726713336065263,0.14088897393400115,-0.743977152273623,-1.4099999739810856,1.0,0.0,0.0,0.0,0.0,1.0,0.0
-0.9720540039316119,-0.6634276147175133,-0.8403631789809605,-1.8446649148588028,-0.050216484713996624,1.0042548522186026,0.9699477648380707,1.0,0.0,0.0,0.0,0.0,1.0,0.0
0.10630323014018443,-0.5839878427328559,-0.6355007134177765,-0.8326762711047759,0.12477164609621767,-0.5576173954495788,-0.1623898084254751,0.0,1.0,0.0,0.0,1.0,0.0,0.0
-0.7024646954136627,0.44431587240187803,1.5411629831910536,0.36997689973334275,1.0994862343811829,0.7823979988566443,-0.3160865981482279,1.0,0.0,0.0,0.0,0.0,1.0,0.0
-0.7024646954136627,0.06477029514184776,-0.274942774026573,0.047313853898724716,0.8431439725802549,0.3298100179982512,2.202658751798108,0.0,1.0,0.0,0.0,0.0,1.0,0.0
-0.7024646954136627,0.6716018866913152,0.18804639814622387,0.4433094101503009,0.6520385139322582,-0.4777489282392742,-0.8806870501909931,0.0,1.0,0.0,0.0,0.0,1.0,0.0
1.7238390812478788,0.12876344479615506,-1.427294142819483,-0.18735017943554247,-1.178429433358799,1.0663747711599494,-0.6924868995100715,1.0,0.0,0.0,1.0,0.0,0.0,0.0
0.9150711556940316,-0.05659602316804588,0.1655115269342723,0.6926399455679595,-0.6787922703875291,1.5899569450941688,-0.5011500796511343,1.0,0.0,0.0,0.0,0.0,1.0,0.0
-0.7024646954136627,-1.851714203988016,-0.7133484503317868,-1.6833333919414937,-0.07247374696617238,-0.3712576386255345,-0.9716504563534387,1.0,0.0,0.0,0.0,0.0,0.0,1.0
-0.7024646954136627,-0.01908279750862427,-1.926134246465835,-1.2433383294397435,-2.0788891898196917,-1.7378958553351926,1.205197953189223,1.0,0.0,0.0,1.0,0.0,0.0,0.0
-1.241643312449561,-0.6237077287251847,-1.0103990253984028,0.35531039764995004,0.16391372798797652,1.7940652501871701,-0.23453319951982857,0.0,1.0,0.0,0.0,0.0,0.0,1.0
-1.51123262096751,0.5899554543737503,-0.787098937934533,0.3993099039001255,-0.5298988608384874,-0.8948398125597541,1.1267812237388388,1.0,0.0,0.0,0.0,0.0,0.0,1.0
-0.7024646954136627,-0.01908279750862427,-1.0165448993652986,-0.9793412919386936,-2.0788891898196917,-0.6729829591977966,-0.3254966056822741,1.0,0.0,1.0,0.0,0.0,0.0,0.0
-1.51123262096751,0.3913560244121063,1.418245503853143,-0.3486817023528502,1.0818339229398015,0.8533921919324707,0.7472442531989802,1.0,0.0,0.0,0.0,0.0,1.0,0.0
0.10630323014018443,0.327362874757799,-1.926134246465835,-1.331337341940093,-2.0042506120947214,-1.8355128708144544,-0.11533977075524454,1.0,0.0,0.0,0.0,1.0,0.0,0.0
-0.16328607837776465,0.7157350933494582,0.774977361984745,1.0886355018195344,0.8630987594270341,-1.480541905435322,-0.04946971801692193,1.0,0.0,0.0,0.0,0.0,0.0,1.0
-0.7024646954136627,0.6693952263584076,1.1027573068858396,-0.46601371901998373,-0.08628859939855824,0.028084697425989156,-1.4045108029195588,1.0,0.0,0.0,0.0,0.0,0.0,1.0
0.6454818471760826,-1.3916255245768743,0.04925207772716631,0.7073064476513509,-0.8322906307473661,0.6847809833773827,-1.4099999739810856,1.0,0.0,0.0,0.0,0.0,0.0,1.0
0.3758925386581335,-1.744691177842019,-1.308473912792835,-1.8446649148588028,-1.9106166122752208,-1.4894161795698,-0.7332635988242712,1.0,0.0,0.0,0.0,1.0,0.0,0.0
0.9150711556940316,0.9010945613136595,-0.33845013835115906,-0.568679233603726,0.8845885298774113,-1.2231879555354512,-1.2727706974429136,1.0,0.0,0.0,1.0,0.0,0.0,0.0
1.1846604642119807,-0.8487870826817142,1.5411629831910536,0.7073064476513509,0.5683819075361467,0.48067267828438226,-1.4099999739810856,1.0,0.0,0.0,0.0,0.0,0.0,1.0
-0.4328753868957137,-1.6078782372017755,-1.5348469372401543,-1.8446649148588028,0.8370040381658616,1.7940652501871701,-0.1623898084254751,1.0,0.0,0.0,1.0,0.0,0.0,0.0
-0.4328753868957137,-0.8686470256778785,1.400832194280272,-0.3340152002694588,-0.4500797134513716,0.40080421107407765,1.0013144566182242,1.0,0.0,0.0,0.0,1.0,0.0,0.0
1.993428389765828,-0.5553012584050627,0.04925207772716631,-0.3486817023528502,0.7694647596075336,-0.5132460247771874,-0.15297980089142893,1.0,0.0,0.0,0.0,0.0,0.0,1.0
0.10630323014018443,0.5745088320434001,-0.9755724062526612,0.07664685806550876,-0.30962871372212086,1.7940652501871701,1.6631516531794661,1.0,0.0,0.0,0.0,1.0,0.0,0.0
0.10630323014018443,-0.19561562414119676,-0.9714751569413983,1.8366271080725112,0.15777379357358315,-1.1344452141906685,1.13305456209487,0.0,1.0,0.0,0.0,1.0,0.0,0.0
0.3758925386581335,-1.7204179141800402,-0.5935039079773241,0.487308916400475,-0.05635641912838997,0.8800150143359059,0.8727110203195948,0.0,1.0,0.0,0.0,0.0,0.0,1.0
0.6454818471760826,1.8676117871269928,1.5411629831910536,1.7632945976555519,1.021969562399465,-1.4450448088974088,-0.36940997417448906,0.0,1.0,0.0,0.0,1.0,0.0,0.0
1.7238390812478788,-1.517405163552582,-0.45624605604999047,-0.45134721693659235,-1.5322431539882233,0.5250440489567736,-1.0971172234740532,1.0,0.0,0.0,1.0,0.0,0.0,0.0
-0.9720540039316119,-0.1007292298261888,0.6407924470408592,0.6193074351510013,0.7188103006887876,0.34755856626720744,-1.1002538926520686,0.0,1.0,0.0,0.0,1.0,0.0,0.0
-1.241643312449561,1.8676117871269928,-1.159948625259528,0.003314347648550597,0.3358318915909936,-0.0429094956498373,-0.852457027588855,0.0,1.0,0.0,1.0,0.0,0.0,0.0
1.993428389765828,-0.5575079187379698,-1.737660778147707,-1.067340304439043,0.03727758069111052,-0.6907315074667536,-1.4099999739810856,1.0,0.0,0.0,0.0,1.0,0.0,0.0
0.6454818471760826,0.15083004812522652,0.07229910510302393,1.8366271080725112,0.2966898096992358,0.019210423291510258,0.5778641175861503,1.0,0.0,0.0,0.0,1.0,0.0,0.0
0.10630323014018443,-0.08969592816165327,0.38881161439814355,0.4433094101503009,-0.5874607459734262,-1.5781589209145834,-0.9371470953952697,0.0,1.0,0.0,0.0,0.0,0.0,1.0
1.4542497727299297,-0.11176253149072474,-0.695935140758916,-0.09935116693519162,0.015787810240733252,0.36530711453616443,-0.6579835385519024,1.0,0.0,0.0,0.0,0.0,1.0,0.0
0.6454818471760826,-1.1422729069583657,-0.7031053270536268,-0.8913422794383427,-0.422450008586601,-0.4600003799703172,-0.9183270803271776,1.0,0.0,0.0,0.0,1.0,0.0,0.0
1.1846604642119807,-1.3386656765871026,-1.3955404606571893,-1.199338823189568,-1.8246575304737125,-0.9214626349631891,2.258334629707881,0.0,1.0,0.0,0.0,0.0,0.0,1.0
0.9150711556940316,0.06918361580766198,0.49534009649099986,-0.5393462294369419,1.0994862343811829,-0.4866232023737523,-0.1623898084254751,1.0,0.0,1.0,0.0,0.0,0.0,0.0
-0.4328753868957137,0.5149290030549071,0.07025048044739249,1.4406315518209352,1.0994862343811829,-1.631404565721453,-0.23766986869784387,1.0,0.0,0.0,1.0,0.0,0.0,0.0
-1.51123262096751,0.6120220577028217,1.465363870932676,-1.4046698523570524,1.0994862343811829,1.5455855744217784,-0.8744137118349624,1.0,0.0,0.0,0.0,0.0,1.0,0.0
-1.241643312449561,-0.6943208593782136,-0.15817116865555808,-1.360670346106877,0.3358318915909936,1.4923399296149082,0.6782375312826421,1.0,0.0,0.0,0.0,0.0,0.0,1.0
1.1846604642119807,-0.05218270250223166,1.5411629831910536,-0.5540127315203346,0.15777379357358315,1.4213457365390816,-0.5576101248554107,1.0,0.0,1.0,0.0,0.0,0.0,0.0
-0.9720540039316119,1.6292924711730197,0.1265876584772678,0.003314347648550597,0.2537102687984813,-1.8355128708144544,-1.363734103605359,0.0,1.0,0.0,0.0,0.0,0.0,1.0
1.993428389765828,0.7157350933494582,-0.27391846169875655,1.733961593488769,0.6789007269952292,-0.3801319127600126,-0.7897236440285477,0.0,1.0,0.0,0.0,0.0,1.0,0.0
0.10630323014018443,-0.8995402703385789,-1.926134246465835,0.7513059539015262,0.2682926130326656,0.40967848520855576,-0.4666467186929652,0.0,1.0,1.0,0.0,0.0,0.0,0.0
0.9150711556940316,-0.7516940280337996,-1.6454726686442736,-1.6393338856913182,-0.856082876603141,0.13457598703972884,-0.07456307144104486,1.0,0.0,1.0,0.0,0.0,0.0,0.0
0.10630323014018443,-0.17354902081212492,1.2062128519952482,1.2939665309870187,-0.2866039596681455,-1.1788165848630598,0.35829727512507514,1.0,0.0,0.0,0.0,0.0,0.0,1.0
-0.4328753868957137,0.3450161574210563,1.1375839260315812,1.704628589321985,1.075693988525408,-0.167149333532534,0.844480997717456,0.0,1.0,0.0,1.0,0.0,0.0,0.0
-0.7024646954136627,-0.04776938183641745,0.29047763092781587,0.17931237264924968,-0.609718008225602,0.019210423291510258,1.1644212538750234,1.0,0.0,0.0,0.0,0.0,1.0,0.0
0.3758925386581335,0.5347889460510714,1.2287477232071982,0.9273039789022266,0.8285616283460705,1.7940652501871701,2.1211053531697086,0.0,1.0,0.0,1.0,0.0,0.0,0.0
-0.9720540039316119,-0.42952161942935485,-1.4406102030810894,-0.436680714853201,0.09867692483504512,0.9776320298151667,-0.3976399967766273,1.0,0.0,0.0,1.0,0.0,0.0,0.0
1.1846604642119807,0.6274686800331719,0.9993017617764313,0.35531039764995004,0.5108200224012078,0.8533921919324707,1.490634848388621,1.0,0.0,0.0,0.0,1.0,0.0,0.0
-0.7024646954136627,-0.10734921082491052,-0.8055365598352188,0.3113108913997759,-0.4193800413794048,-0.6286115885254052,-0.41646001184471965,0.0,1.0,0.0,0.0,0.0,0.0,1.0
-0.4328753868957137,-0.3522885077776045,0.45539191570617893,0.5753079289008258,0.3711365144737567,0.4274270334775128,0.8821210278536407,1.0,0.0,0.0,0.0,1.0,0.0,0.0
-1.51123262096751,-1.4181054485717601,0.8538494112265719,-1.3020043377733101,1.0795314475344038,0.6404096127049914,-0.08397307897509103,1.0,0.0,0.0,1.0,0.0,0.0,0.0
0.9150711556940316,0.19937657544918405,1.3475679532338447,-1.258004831523135,1.0994862343811829,-0.0340352215153592,1.0985512011367007,0.0,1.0,0.0,0.0,1.0,0.0,0.0
-1.51123262096751,0.36708276075012775,-0.7246158859377619,1.2939665309870187,1.0687865623092152,0.019210423291510258,-0.8555936967668702,0.0,1.0,1.0,0.0,0.0,0.0,0.0
0.10630323014018443,-0.656807633718792,0.5875282059944318,1.8366271080725112,-0.046379025705000916,0.1878216318465983,-0.8148169974526706,0.0,1.0,1.0,0.0,0.0,0.0,0.0
0.10630323014018443,-0.23754217046643258,-0.5853094093547969,-1.2286718273563522,0.15777379357358315,0.6404096127049914,2.258334629707881,1.0,0.0,0.0,1.0,0.0,0.0,0.0
0.9150711556940316,1.8676117871269928,-0.33127995205644833,-0.18735017943554247,0.6221063336620899,-0.6729829591977966,-0.723853591290225,1.0,0.0,0.0,0.0,0.0,0.0,1.0
0.3758925386581335,-1.0098732869839366,-1.0780036390342531,-0.36334820443624155,1.0994862343811829,-1.8355128708144544,-1.1598506070343604,1.0,0.0,0.0,0.0,0.0,1.0,0.0
0.10630323014018443,1.1063139722740247,1.2912307752039693,1.0299694934859676,0.4724454323112486,-1.1521937624596248,1.8105751045461878,1.0,0.0,0.0,1.0,0.0,0.0,0.0
0.9150711556940316,1.8676117871269928,0.17985189952369524,0.47264241431708365,1.0994862343811829,0.24994155078794664,0.8099776367592872,1.0,0.0,0.0,0.0,0.0,0.0,1.0
-0.4328753868957137,0.7995881859999302,-0.9550861596963439,-1.0086742961054762,1.0994862343811829,-1.2764336003423216,0.0038536580093392102,1.0,0.0,0.0,1.0,0.0,0.0,0.0
0.10630323014018443,0.24571644244023408,-0.9325512884843938,-0.5833457356871173,0.5361472518605809,1.7940652501871701,-0.01810302623676842,1.0,0.0,0.0,0.0,0.0,1.0,0.0
1.993428389765828,0.014017107484983122,0.839509038637149,-0.14335067318536704,1.0994862343811829,0.13457598703972884,-1.2884540433329903,0.0,1.0,0.0,0.0,0.0,0.0,1.0
0.10630323014018443,1.8676117871269928,0.237213389881387,-0.3926812086030256,1.0994862343811829,-0.40675473516344773,1.1769679305870846,0.0,1.0,0.0,0.0,0.0,0.0,1.0
0.6454818471760826,0.5899554543737503,0.8487278495874911,1.4406315518209352,0.7840471038417179,0.1789473577121202,0.5590441025180586,1.0,0.0,0.0,1.0,0.0,0.0,0.0
-0.7024646954136627,1.1151406136056532,0.47075660062341684,0.8393049664018758,-0.8698977290355258,-0.32688626795314313,-0.6579835385519024,0.0,1.0,0.0,0.0,0.0,1.0,0.0
-1.51123262096751,-0.01908279750862427,1.4592179969657801,0.941970480985618,-0.5452486968744712,0.2854386473258599,-0.47605672622701134,0.0,1.0,0.0,0.0,1.0,0.0,0.0
0.9150711556940316,-1.190819434282323,-0.07212893311902044,-0.275349191935892,-1.6481344160598994,-0.1405265111290989,1.324391381953807,1.0,0.0,0.0,0.0,0.0,1.0,0.0
-1.241643312449561,1.8676117871269928,0.23926201453701987,-0.6566782461040755,1.0994862343811829,0.7557751764532092,-0.7269902604682403,0.0,1.0,0.0,1.0,0.0,0.0,0.0
0.6454818471760826,0.6230553593673577,-0.21143540970198552,0.6633069414011754,1.0994862343811829,1.1018718676978634,0.5214040723818739,1.0,0.0,0.0,0.0,0.0,1.0,0.0
-0.7024646954136627,-1.64318480252829,-1.2541853594185928,0.3113108913997759,-1.247503695520725,-0.3890061868944915,-1.407647472097574,1.0,0.0,0.0,0.0,0.0,1.0,0.0
-1.51123262096751,-1.3827988832452456,-1.2193587402728512,-1.4780023627740106,-1.7586532355189826,-0.9924568280390156,-0.67994022279801,0.0,1.0,1.0,0.0,0.0,0.0,0.0
-0.16328607837776465,1.1195539342714673,1.5411629831910536,1.0153029914025762,1.0994862343811829,-0.9392111832321454,-0.45096337280288845,1.0,0.0,0.0,0.0,1.0,0.0,0.0
-0.7024646954136627,0.2082032167808125,0.04925207772716631,-1.0526738023556517,0.802466907084898,1.5455855744217784,0.947991080591963,1.0,0.0,0.0,0.0,1.0,0.0,0.0
-0.9720540039316119,-1.0275265696471938,-1.926134246465835,0.003314347648550597,-1.3541850559708117,0.7735237247221662,0.17009712444415323,1.0,0.0,0.0,0.0,0.0,1.0,0.0
0.10630323014018443,-0.40083503510156204,-0.029107815350751628,0.2819778872329919,0.5215649076263965,1.7940652501871701,1.5000448559226673,0.0,1.0,0.0,0.0,1.0,0.0,0.0
0.6454818471760826,-0.3809750921053977,-1.416026707213508,-1.2873378356899188,-0.13080312390291085,0.587163967898122,1.8576251422164183,1.0,0.0,0.0,0.0,0.0,0.0,1.0
0.3758925386581335,0.5480289080485145,0.5250451539976607,-0.275349191935892,1.0994862343811829,0.738026628184253,-0.4195966810227349,1.0,0.0,0.0,0.0,0.0,1.0,0.0
-1.51123262096751,0.629675340366079,0.6653759429084423,1.8366271080725112,0.3895563177169368,-0.2558920748773167,2.258334629707881,0.0,1.0,1.0,0.0,0.0,0.0,0.0
0.10630323014018443,-1.2680525459340737,-1.2685257320080157,-0.9206752836051267,-1.1185650728184624,-1.0989481176527554,-1.197490637170545,1.0,0.0,0.0,0.0,0.0,0.0,1.0
1.993428389765828,0.08463023813801213,1.454096435326701,0.7073064476513509,1.0994862343811829,0.019210423291510258,-1.1253472460761915,0.0,1.0,0.0,0.0,0.0,0.0,1.0
-1.51123262096751,-0.5707478807354128,-0.7256401982655769,-0.3780147065196342,-1.3879546952499757,1.7940652501871701,1.3024346977076993,1.0,0.0,0.0,1.0,0.0,0.0,0.0
-0.9720540039316119,0.22806315977697683,-0.7584181927556871,0.4433094101503009,0.2375929409606978,0.34755856626720744,0.7629275990890567,1.0,0.0,0.0,0.0,0.0,1.0,0.0
-0.16328607837776465,0.19275659445046273,-1.3094982251206517,-0.11401766901858298,0.15777379357358315,0.019210423291510258,-0.07142640226302956,1.0,0.0,0.0,0.0,1.0,0.0,0.0
-0.4328753868957137,-0.8289271396855499,-0.0035000071553536296,-1.8446649148588028,-0.8230807291257755,1.731945331245822,2.258334629707881,0.0,1.0,0.0,0.0,1.0,0.0,0.0
1.4542497727299297,-0.8752670066766003,-1.4037349592797164,-0.5393462294369419,0.15777379357358315,1.7496938795147796,0.4806273730676742,1.0,0.0,0.0,0.0,0.0,0.0,1.0
-0.4328753868957137,-0.9525001183283507,-0.9602077213354232,-1.1700058190227853,0.003507941411946553,0.45404985588094715,-0.3035399214361665,1.0,0.0,0.0,0.0,0.0,1.0,0.0
-1.241643312449561,0.4156292880740853,0.2556510117820742,1.3379660372371929,0.4770503831220439,-1.1788165848630598,-0.6172068392377027,1.0,0.0,0.0,0.0,1.0,0.0,0.0
-1.51123262096751,0.020637088483704446,-0.6621328339409909,-0.5980122377705087,-0.975811597683814,0.5782896937636438,-1.1033905618300839,0.0,1.0,0.0,0.0,0.0,0.0,1.0
-1.51123262096751,-0.7980338950248496,1.03003113161091,0.487308916400475,0.9759200542915142,0.36530711453616443,1.0201344716863165,1.0,0.0,0.0,0.0,0.0,1.0,0.0
-0.4328753868957137,-0.8642337050120644,1.0187636960049349,0.06198035598211609,0.05109243312349638,0.3120614697292942,0.47121736553362803,1.0,0.0,0.0,0.0,0.0,1.0,0.0
-0.16328607837776465,0.04270369181277591,-0.8557278638981998,0.3993099039001255,1.0994862343811829,-1.8355128708144544,0.19205380869026087,1.0,0.0,0.0,1.0,0.0,0.0,0.0
1.993428389765828,1.0379075019539024,0.7667828633622178,0.13531286639907555,1.0994862343811829,0.019210423291510258,0.03208368061147743,1.0,0.0,0.0,0.0,0.0,1.0,0.0
0.9150711556940316,-1.851714203988016,-0.31079370550012964,0.487308916400475,-2.0788891898196917,0.019210423291510258,-0.3913666584205967,0.0,1.0,1.0,0.0,0.0,0.0,0.0
-0.9720540039316119,-0.6634276147175133,-1.0493228938554087,-0.3486817023528502,-1.4224918263309392,-0.016286673246402185,0.028947011433462132,1.0,0.0,1.0,0.0,0.0,0.0,0.0
-0.4328753868957137,-0.8554070636804356,0.3693496801696413,-0.3926812086030256,-0.36642310705526016,-0.33576054208762124,1.057774501822501,1.0,0.0,0.0,0.0,0.0,1.0,0.0
-0.9720540039316119,-1.5946382752043324,-1.3023280388259408,-1.8446649148588028,-0.577483352550036,-0.8948398125597541,-0.705033576222133,0.0,1.0,0.0,0.0,0.0,1.0,0.0
0.9150711556940316,1.262986855910432,0.23823770220920343,0.06198035598211609,1.0994862343811829,-0.07840659218775053,0.5527707641620274,1.0,0.0,0.0,0.0,1.0,0.0,0.0
-1.51123262096751,0.42886925007152793,0.1644872146064573,0.7953054601517003,-0.10624338624533634,1.2172374314460803,-0.20630317691769007,0.0,1.0,0.0,0.0,0.0,0.0,1.0
0.3758925386581335,0.16848333078848376,0.33349874869608326,-0.7153442544376423,0.9275680707781659,-0.5221202989116656,-0.6140701700596874,1.0,0.0,0.0,0.0,0.0,0.0,1.0
-0.16328607837776465,-0.7097674817085637,-0.22782440694703987,-0.1726836773521498,-1.0901678761518923,0.48067267828438226,-0.04633304883890664,1.0,0.0,0.0,0.0,1.0,0.0,0.0
-0.4328753868957137,-0.9789800423232363,0.17473033788461592,-1.5953343794411443,0.04111503970010623,0.48954695241886037,-0.23453319951982857,1.0,0.0,0.0,0.0,0.0,0.0,1.0
-0.9720540039316119,-0.01908279750862427,0.41646804724917297,1.57263007057146,-2.047230152995476,0.9687577556806886,-0.9559671104633619,0.0,1.0,0.0,0.0,0.0,1.0,0.0
-0.16328607837776465,0.2126165374466271,0.9603778933194267,-0.3926812086030256,-0.11929074687592263,1.2616088021184726,2.1085586764576476,0.0,1.0,0.0,0.0,0.0,1.0,0.0
0.6454818471760826,-0.33904854578016147,-1.2685257320080157,-0.20201668151893384,-1.955898628581373,1.1107461418323414,-0.7959969823845784,1.0,0.0,0.0,0.0,0.0,0.0,1.0
-0.9720540039316119,-1.6189115388663111,0.04925207772716631,0.06198035598211609,0.003507941411946553,-0.6907315074667536,1.038954486754409,0.0,1.0,0.0,0.0,1.0,0.0,0.0
1.993428389765828,-0.8863003083411358,-1.926134246465835,-1.8446649148588028,-1.5928750063303583,0.613786790301557,0.797430960047226,1.0,0.0,0.0,0.0,0.0,0.0,1.0
-0.9720540039316119,0.20599655644790538,-1.1189761321468905,-0.24601618776910925,0.9536627920393373,1.7940652501871701,2.258334629707881,1.0,0.0,0.0,0.0,0.0,0.0,1.0
-0.4328753868957137,-0.37435511110667596,-0.11207711390384138,0.8833044726520513,-0.7862411226394143,-1.8355128708144544,-0.15297980089142893,1.0,0.0,0.0,0.0,0.0,0.0,1.0
0.6454818471760826,-1.2768791872657024,-0.3456203246458713,-1.2140053252729595,-0.9796490566928098,-0.33576054208762124,-0.9841971330655002,1.0,0.0,0.0,0.0,0.0,0.0,1.0
1.993428389765828,0.6098153973699146,1.469461120243939,0.07664685806550876,1.0994862343811829,0.276564373191381,0.6311874936124114,1.0,0.0,0.0,1.0,0.0,0.0,0.0
0.6454818471760826,0.6693952263584076,0.8579466605378347,1.1473015101531012,0.7932570054633085,-0.2913891714152299,0.07286037992567711,0.0,1.0,0.0,0.0,0.0,0.0,1.0
0.9150711556940316,0.8635813356542374,0.9880343261704562,1.8366271080725112,1.0994862343811829,0.15232453530868506,-0.18120982349356743,1.0,0.0,0.0,0.0,0.0,0.0,1.0
-0.9720540039316119,-0.8068605363564785,-0.38761713008632365,-1.2286718273563522,-1.3257878593042416,0.8711407402014277,0.4555340196435513,1.0,0.0,0.0,1.0,0.0,0.0,0.0
1.4542497727299297,-0.7428673867021708,-0.09261517967533914,0.2233118788994251,-0.1661077467856729,0.5427925972257306,-0.10279309404318336,1.0,0.0,0.0,0.0,0.0,1.0,0.0
0.9150711556940316,1.2982934212369466,0.9634508303028746,0.003314347648550597,0.078722137988267,1.7940652501871701,0.16382378608812265,1.0,0.0,0.0,0.0,0.0,1.0,0.0
-1.51123262096751,-0.21768222747026825,-1.209115616994691,-0.8913422794383427,1.0994862343811829,0.6404096127049914,0.43044066621942834,1.0,0.0,0.0,0.0,0.0,1.0,0.0
-0.16328607837776465,-1.851714203988016,-0.5945282203051391,0.14997936848246693,-1.5353131211954194,0.1700730835776421,-1.4099999739810856,1.0,0.0,0.0,0.0,0.0,0.0,1.0
-1.51123262096751,0.7510416586759726,-0.49516992450699493,0.7366394518181348,0.8155142677154843,0.8445179177979927,-0.2564898837659359,0.0,1.0,0.0,0.0,0.0,0.0,1.0
-1.51123262096751,0.30088295076291294,-0.13768492209923938,0.10597986223229151,1.0994862343811829,-0.9303369090976673,-1.1190739077201608,1.0,0.0,0.0,1.0,0.0,0.0,0.0
-1.51123262096751,-1.215092697944302,0.04925207772716631,-0.29001569401928334,-2.0788891898196917,-1.8355128708144544,-0.44155336526884226,1.0,0.0,0.0,0.0,1.0,0.0,0.0
-1.51123262096751,1.8676117871269928,0.4205652965604373,0.9566369830690094,0.5300073174461875,1.1196204159668197,-1.4099999739810856,1.0,0.0,0.0,0.0,0.0,0.0,1.0
-1.51123262096751,-1.190819434282323,-1.0534201431666717,-1.067340304439043,-0.6066480410184059,-0.5309945730461436,-0.7552202830703787,0.0,1.0,1.0,0.0,0.0,0.0,0.0
-0.16328607837776465,0.33839617642233455,0.43695429380549167,-0.7006777523542509,0.05646487573609015,0.11682743877077184,1.3463480661999145,0.0,1.0,0.0,0.0,0.0,0.0,1.0
0.9150711556940316,-0.01908279750862427,1.5411629831910536,1.4406315518209352,1.0994862343811829,-0.9569597315011024,0.05717703403560035,0.0,1.0,0.0,0.0,0.0,0.0,1.0
1.4542497727299297,0.6605685850267793,-1.617816235793244,0.23797838098281646,0.6029190386171103,1.0220034004875589,0.7001942155287496,1.0,0.0,1.0,0.0,0.0,0.0,0.0
-0.7024646954136627,-0.8421671016829929,-0.901821918649915,0.9126374768188339,0.07795464618646743,-0.24701780074283858,-0.2690365604779974,0.0,1.0,1.0,0.0,0.0,0.0,0.0
0.6454818471760826,1.8676117871269928,-0.48595111355665277,-0.08468466485180025,1.0994862343811829,-0.5309945730461436,0.7315609073089032,1.0,0.0,0.0,0.0,0.0,1.0,0.0
-1.241643312449561,0.8371014116593518,0.04925207772716631,1.4112985476541524,0.7625573333913407,1.2882316245219068,0.6217774860783656,0.0,1.0,1.0,0.0,0.0,0.0,0.0
1.7238390812478788,-0.01908279750862427,-0.2606024014371501,0.780638958068309,0.682738186004225,-1.3651763416871041,0.6970575463507344,1.0,0.0,0.0,0.0,0.0,1.0,0.0
0.10630323014018443,-0.016876137175717162,-1.6966882850350695,0.2233118788994251,-0.00493446840784444,1.3858486400011691,-0.5011500796511343,0.0,1.0,0.0,0.0,1.0,0.0,0.0
0.10630323014018443,-0.12941581415398198,-0.43268687251022386,0.003314347648550597,0.6144314156440985,0.8533921919324707,-0.00241968034669166,1.0,0.0,0.0,0.0,0.0,0.0,1.0
-1.241643312449561,-0.4692415054216836,-0.647792461351568,1.8366271080725112,-0.8936899748913006,0.16119880944316317,0.48376404224568953,1.0,0.0,0.0,0.0,0.0,0.0,1.0
0.9150711556940316,-0.5045480707481981,-0.2370432178973835,-1.5953343794411443,-0.5137815330007038,1.4124714624046035,-1.4099999739810856,1.0,0.0,0.0,0.0,0.0,1.0,0.0
-0.7024646954136627,-0.15810239848177515,-0.4183464999208009,-0.6273452419372928,-0.030261697867217417,0.05470751982942349,-0.24707987623189004,0.0,1.0,0.0,0.0,1.0,0.0,0.0
0.9150711556940316,0.700288471019108,0.544507088226163,-1.5806678773577516,-1.1960817448001795,0.24994155078794664,0.18578047033423026,1.0,0.0,0.0,0.0,0.0,0.0,1.0
0.6454818471760826,-0.7097674817085637,1.5411629831910536,-0.436680714853201,0.8968683987061981,0.39192993693959954,2.0646453079654323,1.0,0.0,0.0,0.0,0.0,1.0,0.0
-0.4328753868957137,0.03387705048114748,1.5411629831910536,-0.9646747898553009,1.0994862343811829,-1.1433194883251467,1.107961208670747,1.0,0.0,0.0,0.0,0.0,0.0,1.0
0.9150711556940316,-0.6744609163820492,-1.926134246465835,-0.7153442544376423,-1.3703023838085953,-0.44225183170136095,-0.3066765906141818,1.0,0.0,0.0,0.0,0.0,1.0,0.0
0.10630323014018443,0.3450161574210563,0.7821475482794572,-0.3486817023528502,1.0281094968138582,0.9066378367393402,-1.0469305166258074,1.0,0.0,0.0,0.0,0.0,1.0,0.0
-1.51123262096751,1.8676117871269928,0.9224783371902372,1.1473015101531012,1.0994862343811829,-1.782267226007584,0.7723376066231031,1.0,0.0,0.0,0.0,1.0,0.0,0.0
0.10630323014018443,-0.01908279750862427,0.7708801126734821,1.4112985476541524,1.0994862343811829,0.12570171290524995,0.4178939895073669,0.0,1.0,0.0,0.0,0.0,0.0,1.0
0.3758925386581335,-1.1952327549481376,0.8589709728656512,1.4259650497375438,-0.5099440739917082,0.6581581609739484,-0.127886447467306,1.0,0.0,0.0,0.0,0.0,0.0,1.0
-0.4328753868957137,1.671219017498256,1.5411629831910536,0.648640439317784,1.0994862343811829,-0.619737314390927,-0.17493648513753654,1.0,0.0,0.0,0.0,0.0,0.0,1.0
0.9150711556940316,0.6142287180357289,-0.7276888229212098,1.1326350080697098,1.0994862343811829,1.1018718676978634,0.8538910052515025,1.0,0.0,1.0,0.0,0.0,0.0,0.0
-1.51123262096751,-1.3960388452426886,-0.8854329214048606,-0.5833457356871173,-1.012651204170174,0.21444445425003342,-1.3010007200450517,1.0,0.0,0.0,0.0,1.0,0.0,0.0
1.993428389765828,-0.023496118174438484,-0.10490692760912919,-1.8446649148588028,-1.9044766778608275,1.048626222890993,-1.4099999739810856,1.0,0.0,1.0,0.0,0.0,0.0,0.0
0.10630323014018443,0.2501297631060487,1.5411629831910536,-0.994007794022085,-0.1561303533622838,-1.1166966659217115,-1.3919641262074973,1.0,0.0,1.0,0.0,0.0,0.0,0.0
1.993428389765828,0.1773099721201126,0.31198818981194953,-0.8913422794383427,-0.6143229590363972,-1.356302067552626,-0.8995070652590853,0.0,1.0,0.0,0.0,0.0,0.0,1.0
1.4542497727299297,0.3825293830804779,0.415443734921358,1.073968999736143,1.0994862343811829,1.2704830762529506,0.1073637408838462,1.0,0.0,0.0,1.0,0.0,0.0,0.0
1.993428389765828,0.15745002912394823,-0.20324091107945833,1.8366271080725112,0.905310808525989,-0.9835825539045375,1.7321583750958036,1.0,0.0,0.0,1.0,0.0,0.0,0.0
-0.9720540039316119,1.5057194925302193,1.5411629831910536,1.1326350080697098,1.0994862343811829,-1.8355128708144544,0.8789843586756254,1.0,0.0,0.0,0.0,1.0,0.0,0.0
0.9150711556940316,0.5789221527092148,0.04925207772716631,0.5166419205672591,1.0994862343811829,1.5899569450941688,-0.10279309404318336,0.0,1.0,1.0,0.0,0.0,0.0,0.0
0.3758925386581335,-0.22430220846898957,0.46665935131215397,-0.2166831836023252,-0.9642992206568258,1.2882316245219068,-0.28158323719005884,1.0,0.0,0.0,0.0,0.0,1.0,0.0
-0.9720540039316119,-1.3210123939238454,-1.4324157044585624,-0.9646747898553009,0.15777379357358315,1.3947229141356474,0.041493688145523594,0.0,1.0,0.0,0.0,1.0,0.0,0.0
0.3758925386581335,0.36487610041722063,-0.3497175739571341,-0.8180097690213846,0.11479425267282861,1.7940652501871701,0.36143394430309045,1.0,0.0,0.0,0.0,1.0,0.0,0.0
0.9150711556940316,-1.3629389402490812,-0.7123241380039704,-1.8446649148588028,1.0994862343811829,1.2616088021184726,-1.1253472460761915,1.0,0.0,0.0,1.0,0.0,0.0,0.0
-0.9720540039316119,0.16627667045557665,-0.813731058457746,-0.46601371901998373,1.0994862343811829,-0.34463481622209935,0.640597501146458,1.0,0.0,1.0,0.0,0.0,0.0,0.0
0.9150711556940316,1.8676117871269928,-0.36713088353000495,1.073968999736143,1.0994862343811829,1.2438602538495163,-1.4099999739810856,1.0,0.0,0.0,0.0,0.0,0.0,1.0
-0.4328753868957137,0.4906557393929285,-0.50643736011297,1.4846310580711104,1.0994862343811829,-1.8355128708144544,-0.9528304412853466,1.0,0.0,1.0,0.0,0.0,0.0,0.0
0.10630323014018443,1.1681004615954245,1.2820119642536256,0.9859699872357934,1.0994862343811829,-1.6935244846628013,-1.4099999739810856,1.0,0.0,0.0,1.0,0.0,0.0,0.0
-0.7024646954136627,1.3049134022356683,0.28535606928873514,0.6633069414011754,1.0994862343811829,-0.09615514045670755,0.6719641929266115,1.0,0.0,0.0,0.0,1.0,0.0,0.0
0.3758925386581335,-0.8796803273424145,-1.1066843842130991,-1.8446649148588028,-0.5206889592168967,0.6226610644360352,-0.7709036289604554,1.0,0.0,0.0,0.0,1.0,0.0,0.0
1.4542497727299297,-0.23754217046643258,-0.63447640108996,-0.8620092752715599,0.41027859636551445,0.019210423291510258,0.07599704910369241,1.0,0.0,0.0,0.0,0.0,0.0,1.0
-0.7024646954136627,-1.4467920328995532,-0.2872345219603631,-1.5953343794411443,-2.0788891898196917,-0.10502941459118566,-0.8995070652590853,1.0,0.0,1.0,0.0,0.0,0.0,0.0
-0.16328607837776465,0.2633697251034913,-0.967377907630134,0.06198035598211609,-0.41861254957760524,0.7291523540497749,-0.7081702454001483,0.0,1.0,0.0,0.0,0.0,0.0,1.0
0.9150711556940316,1.318153364233111,0.2034110830634618,0.10597986223229151,-0.38330792669484215,-0.3801319127600126,0.022673673077431265,0.0,1.0,1.0,0.0,0.0,0.0,0.0
-0.7024646954136627,-1.5858116338727037,-0.8475333652756711,-0.18735017943554247,-1.2505736627279223,0.028084697425989156,1.4529948182524368,0.0,1.0,0.0,0.0,1.0,0.0,0.0
1.4542497727299297,0.5943687750395645,0.1644872146064573,0.5606414268174345,0.9268005789763664,-1.8355128708144544,0.08227038745972327,1.0,0.0,0.0,1.0,0.0,0.0,0.0
0.9150711556940316,-1.851714203988016,-1.5092391290447562,-0.7740102627712091,-1.5399180720062147,-0.5132460247771874,1.7666617360539731,1.0,0.0,0.0,0.0,0.0,1.0,0.0
-0.7024646954136627,-1.851714203988016,0.04925207772716631,-1.8446649148588028,-0.9535543354316371,-0.9569597315011024,-0.5732934707454878,0.0,1.0,0.0,0.0,1.0,0.0,0.0
1.993428389765828,-1.4820985982260675,-1.926134246465835,0.003314347648550597,-0.06710130435357861,-0.610863040256449,-0.9465571029293157,1.0,0.0,0.0,0.0,0.0,1.0,0.0
-1.241643312449561,0.9518477489705233,-0.020913316728224444,1.8366271080725112,1.0994862343811829,1.3592258175977334,1.1487379079849465,1.0,0.0,0.0,1.0,0.0,0.0,0.0
-0.4328753868957137,-0.01908279750862427,1.071003624723546,-0.3340152002694588,1.0994862343811829,1.2438602538495163,1.6004182696191585,0.0,1.0,0.0,0.0,1.0,0.0,0.0
-0.16328607837776465,1.084247368944953,-1.14663256499792,1.0593024976527516,0.01962526924973005,0.24106727665346775,-0.4321433577347964,0.0,1.0,1.0,0.0,0.0,0.0,0.0
-0.4328753868957137,0.7157350933494582,0.17473033788461592,0.6339739372343927,1.0994862343811829,-0.24701780074283858,1.0452278251104394,1.0,0.0,0.0,0.0,0.0,0.0,1.0
-1.51123262096751,-0.689907538712399,-0.981718280219557,0.06198035598211609,-1.1477297612868311,0.888889288470384,0.7754742758011184,1.0,0.0,0.0,1.0,0.0,0.0,0.0
0.6454818471760826,-1.6387714818624755,-1.068784828083911,1.2059675184866678,-0.6680473851623404,-0.9747082797700586,0.39280063608324395,0.0,1.0,1.0,0.0,0.0,0.0,0.0
-0.4328753868957137,0.6738085470242223,-1.003228839103692,0.47264241431708365,0.15777379357358315,1.7940652501871701,-1.0720238700499303,0.0,1.0,0.0,0.0,1.0,0.0,0.0
0.10630323014018443,1.507926152863127,0.8733113454550742,1.235300522653452,1.0994862343811829,-0.6552344109288404,0.013263665543385098,0.0,1.0,0.0,0.0,0.0,0.0,1.0
1.4542497727299297,-0.4979280897494767,1.5411629831910536,1.0299694934859676,0.37727644888815004,0.9155121108738183,1.2961613593516688,0.0,1.0,0.0,0.0,1.0,0.0,0.0
0.10630323014018443,-0.5530945980721556,0.09688260097060694,-1.2726713336065263,-0.03947159948880799,-1.8355128708144544,-0.792860313206563,1.0,0.0,0.0,0.0,0.0,1.0,0.0
0.9150711556940316,1.8676117871269928,1.5411629831910536,1.7632945976555519,1.0994862343811829,-1.8355128708144544,0.7001942155287496,1.0,0.0,0.0,0.0,0.0,0.0,1.0
0.6454818471760826,-0.06983598516548892,0.14912252968921794,1.1326350080697098,0.17082115420416943,-1.0190796504424506,-0.1592531392474598,1.0,0.0,0.0,0.0,0.0,1.0,0.0
1.993428389765828,-0.15589573814886767,0.04156973526854662,-1.4340028565238352,-1.6266446456095223,-0.300263445549708,-0.1623898084254751,1.0,0.0,0.0,0.0,0.0,0.0,1.0
-0.4328753868957137,-1.645391462861197,-0.1346119851157915,-1.3460038440234856,-0.7048869916487016,-0.9569597315011024,-0.5419267789653339,0.0,1.0,0.0,1.0,0.0,0.0,0.0
1.1846604642119807,-0.6148810873935557,0.5619203977990338,-0.23134968568571657,-1.0917028597554903,-0.6552344109288404,-1.0751605392279457,1.0,0.0,0.0,0.0,0.0,1.0,0.0
-0.7024646954136627,-0.023496118174438484,-0.5689204121097411,-0.29001569401928334,0.15777379357358315,1.2261117055805602,1.3839880963360986,1.0,0.0,0.0,0.0,0.0,1.0,0.0
0.3758925386581335,-0.3898017334370261,-1.926134246465835,-0.8473427731881673,-0.2958138612897361,0.34755856626720744,-0.7552202830703787,1.0,0.0,0.0,0.0,0.0,0.0,1.0
-0.7024646954136627,1.3490466088938113,-0.49004836286791564,0.8393049664018758,1.0994862343811829,1.0131291263530806,0.20773715458033762,0.0,1.0,0.0,0.0,0.0,1.0,0.0
-1.241643312449561,0.7973815256670227,1.5411629831910536,1.8366271080725112,1.0994862343811829,-0.6552344109288404,0.3175205758108755,1.0,0.0,0.0,0.0,0.0,1.0,0.0
-1.51123262096751,0.3825293830804779,1.41414825454188,1.7486280955721605,0.15777379357358315,-0.3623833644910564,-0.1623898084254751,1.0,0.0,1.0,0.0,0.0,0.0,0.0
1.993428389765828,-1.757931139839462,-0.8239741817359061,-1.8446649148588028,-0.5951356639914176,-1.8355128708144544,-0.2627632221219668,1.0,0.0,0.0,0.0,0.0,0.0,1.0
-1.241643312449561,0.4906557393929285,-1.0124476500540356,0.6633069414011754,-0.5245264182258924,0.03695897156046727,0.6468708395024885,0.0,1.0,0.0,0.0,0.0,0.0,1.0
0.10630323014018443,0.45755583439932107,-0.04037525095672669,0.941970480985618,0.5676144157343471,-0.5132460247771874,-1.4099999739810856,1.0,0.0,0.0,1.0,0.0,0.0,0.0
-0.4328753868957137,0.25674974410477003,-1.1650701868986073,0.9126374768188339,-0.7002820408379063,-0.593114491987492,-0.05260638719493751,0.0,1.0,1.0,0.0,0.0,0.0,0.0
1.1846604642119807,-1.1731661516190661,0.12351472149381992,-0.6566782461040755,-2.0788891898196917,0.23219300251898964,0.23596717718247584,1.0,0.0,0.0,0.0,1.0,0.0,0.0
-0.16328607837776465,-0.7472807073679854,-0.24216477953646282,-1.8446649148588028,-1.503845957321653,-0.2913891714152299,0.22655716964842995,1.0,0.0,0.0,0.0,0.0,1.0,0.0
1.993428389765828,1.0357008416209958,-0.04447250026799101,-1.1700058190227853,0.6267112844728852,0.4185527593430339,-0.1623898084254751,0.0,1.0,0.0,0.0,0.0,1.0,0.0
-1.51123262096751,-0.901746930671486,-1.0984898855905718,-0.6273452419372928,-0.42398499219019903,0.12570171290524995,0.8633010127855484,1.0,0.0,0.0,1.0,0.0,0.0,0.0
-0.4328753868957137,0.40459598640954936,1.5411629831910536,-0.15801717526875841,-0.23901946795659568,0.06358179396390239,0.7315609073089032,1.0,0.0,0.0,0.0,0.0,0.0,1.0
0.6454818471760826,1.5983992265123195,0.0016215544837256794,-0.12868417110197566,1.0994862343811829,-0.40675473516344773,-0.033786372126845175,0.0,1.0,0.0,0.0,0.0,0.0,1.0
-0.16328607837776465,-1.851714203988016,-1.926134246465835,-0.7593437606878177,0.15777379357358315,-0.22926925247388158,-0.11220310157722925,0.0,1.0,0.0,1.0,0.0,0.0,0.0
1.4542497727299297,1.8676117871269928,-0.7461264448218956,-1.8446649148588028,1.0994862343811829,-0.6641086850633184,-0.5419267789653339,1.0,0.0,0.0,0.0,0.0,0.0,1.0
-0.9720540039316119,-0.12941581415398198,-1.926134246465835,0.09131336014890014,-1.7433033994829985,-1.329679245149191,-1.0500671858038229,1.0,0.0,1.0,0.0,0.0,0.0,0.0
1.993428389765828,-0.9833933629890508,-0.7768558146563729,-1.5073353669407934,-0.7816361718286201,-1.1610680365941028,-1.2163106522386369,0.0,1.0,0.0,0.0,0.0,0.0,1.0
0.6454818471760826,1.5719193025174343,-0.428589623198961,1.2646335268202347,0.6789007269952292,-1.027953924576929,0.615504147722335,0.0,1.0,0.0,0.0,1.0,0.0,0.0
1.4542497727299297,-1.851714203988016,0.04925207772716631,-1.8446649148588028,-0.577483352550036,0.3386842921327293,0.0007169888313236357,1.0,0.0,0.0,0.0,0.0,0.0,1.0
0.9150711556940316,-0.01908279750862427,1.5411629831910536,-1.8446649148588028,1.0994862343811829,-0.4866232023737523,2.258334629707881,1.0,0.0,0.0,0.0,0.0,0.0,1.0
1.4542497727299297,-0.3324285647814402,-0.8803113597657813,-1.2726713336065263,0.09176949861885328,-0.619737314390927,0.20773715458033762,1.0,0.0,0.0,1.0,0.0,0.0,0.0
0.9150711556940316,-0.8377537810171787,0.04925207772716631,-0.5833457356871173,-1.419421859123742,-0.32688626795314313,0.4210306586853825,1.0,0.0,1.0,0.0,0.0,0.0,0.0
-0.7024646954136627,-1.6343581611966613,-0.7573938804278707,0.13531286639907555,-0.754773958765648,0.45404985588094715,-0.36313663581845823,1.0,0.0,0.0,0.0,1.0,0.0,0.0
0.6454818471760826,0.6230553593673577,0.6090387648785669,0.7366394518181348,0.020392761051528537,0.9066378367393402,-0.792860313206563,0.0,1.0,0.0,0.0,0.0,1.0,0.0
0.10630323014018443,-0.43614160042807654,0.6643516305806259,0.47264241431708365,-0.6995145490361068,-1.1433194883251467,0.013263665543385098,1.0,0.0,0.0,0.0,1.0,0.0,0.0
-0.9720540039316119,-0.08528260749583906,-0.10285830295349775,1.8366271080725112,-0.041006583092406054,0.5782896937636438,-0.05260638719493751,0.0,1.0,0.0,1.0,0.0,0.0,0.0
-1.51123262096751,1.1063139722740247,-0.26879690005967727,0.6633069414011754,0.5906391697883236,-0.9214626349631891,0.8789843586756254,0.0,1.0,0.0,1.0,0.0,0.0,0.0
1.993428389765828,0.23247648044279146,-1.0257637103156423,0.003314347648550597,-1.206826630025368,0.6492838868394702,-1.4099999739810856,1.0,0.0,0.0,0.0,0.0,1.0,0.0
0.10630323014018443,0.7488349983430655,0.9337457727962123,-0.2166831836023252,1.0994862343811829,1.5544598485562564,-0.0620163947289834,1.0,0.0,1.0,0.0,0.0,0.0,0.0
0.9150711556940316,-0.42952161942935485,-0.45419743139435903,-1.5953343794411443,0.15777379357358315,0.019210423291510258,-0.011829687880737827,1.0,0.0,0.0,0.0,1.0,0.0,0.0
0.3758925386581335,0.6186420387015434,0.5373369019314522,0.5606414268174345,0.5292398256443879,1.0575004970254713,1.0483644942884547,1.0,0.0,0.0,1.0,0.0,0.0,0.0
-0.16328607837776465,0.8591680149884232,0.441051543116756,0.809971962235093,1.0994862343811829,-0.8327198936184065,-0.6924868995100715,0.0,1.0,0.0,0.0,1.0,0.0,0.0
-0.16328607837776465,0.6627752453596863,0.35910655689148124,-0.12868417110197566,1.0994862343811829,1.2349859797150382,0.9197610579898248,0.0,1.0,0.0,0.0,0.0,0.0,1.0
-0.7024646954136627,0.34942947808687047,-0.2708455247153087,1.5872965726548514,0.32585449816760453,-0.3535090903565783,-1.11280056936413,0.0,1.0,0.0,0.0,0.0,0.0,1.0
-0.9720540039316119,-0.01908279750862427,-0.7768558146563729,-1.8446649148588028,-1.8407748583114953,0.9243863850082964,-1.0594771933378688,1.0,0.0,1.0,0.0,0.0,0.0,0.0
1.993428389765828,0.6517419436951505,1.5227253612903662,1.5579635684880686,1.0994862343811829,-0.8948398125597541,0.8193876442933337,0.0,1.0,1.0,0.0,0.0,0.0,0.0
1.993428389765828,0.19937657544918405,1.5411629831910536,0.23797838098281646,-0.4109376315596138,0.9332606591427761,-0.290993244724105,0.0,1.0,0.0,1.0,0.0,0.0,0.0
1.1846604642119807,-1.2923258095960521,-0.011694505777880814,0.19397887473264236,-1.6105273177717399,-0.6286115885254052,-1.2915907125110058,0.0,1.0,0.0,0.0,1.0,0.0,0.0
0.10630323014018443,-1.4997518808893249,-0.8567521762260148,0.4579759122336923,-0.9028998765128913,0.5250440489567736,-0.783450305672517,1.0,0.0,0.0,0.0,0.0,0.0,1.0
0.6454818471760826,-1.6762847075218972,-1.0564930801501196,-0.46601371901998373,-2.0788891898196917,-1.1610680365941028,0.2767438764966758,1.0,0.0,0.0,0.0,1.0,0.0,0.0
-0.16328607837776465,-1.2989457905947737,-1.3863216497068456,-0.7593437606878177,-1.765560661735175,-1.8355128708144544,0.7692009374450879,1.0,0.0,1.0,0.0,0.0,0.0,0.0
-0.7024646954136627,-1.4070721469072243,-0.32820701507300043,-0.7300107565210336,-2.0788891898196917,0.14345026117420695,-1.0594771933378688,1.0,0.0,0.0,0.0,0.0,0.0,1.0
-0.4328753868957137,0.7157350933494582,-0.2595780891093336,-0.5980122377705087,0.5054475797886141,0.0724560680983805,0.4555340196435513,1.0,0.0,0.0,0.0,0.0,1.0,0.0
-1.241643312449561,-0.30153532012073986,0.21365420634162188,-0.6273452419372928,-0.1576653369658819,-1.0013311021734936,-0.7771769673164862,1.0,0.0,0.0,0.0,0.0,1.0,0.0
0.3758925386581335,-0.8995402703385789,0.3539849952524019,-0.8180097690213846,0.3665315636629614,-1.8355128708144544,0.03208368061147743,0.0,1.0,0.0,0.0,1.0,0.0,0.0
1.7238390812478788,0.5193423237207213,1.5411629831910536,0.01798084973194197,0.8009319234812999,0.1700730835776421,-0.5042867488291496,0.0,1.0,1.0,0.0,0.0,0.0,0.0
-1.51123262096751,0.6340886610318935,0.11839315985474062,-0.8180097690213846,1.0994862343811829,0.3120614697292942,0.6060941401882886,0.0,1.0,0.0,0.0,0.0,1.0,0.0
0.3758925386581335,-0.8399604413500859,0.1552684036561137,-0.15801717526875841,-0.5751808771446384,0.019210423291510258,-0.5105600871851804,1.0,0.0,0.0,0.0,1.0,0.0,0.0
-0.7024646954136627,-1.851714203988016,0.028253675006940124,-1.5073353669407934,-1.2920182200250776,-0.9214626349631891,-0.7113069145781635,1.0,0.0,0.0,0.0,0.0,0.0,1.0
-0.7024646954136627,-0.8907136290069501,0.058983044841417434,-0.7153442544376423,-1.4992410065108577,-0.9569597315011024,-0.2690365604779974,0.0,1.0,0.0,0.0,0.0,1.0,0.0
-0.16328607837776465,0.08021691747219752,-0.695935140758916,0.35531039764995004,1.0994862343811829,-1.7290215812007146,0.44926068128752067,0.0,1.0,0.0,0.0,0.0,0.0,1.0
-1.51123262096751,-1.5968449355372396,-1.0605903294613839,-1.8446649148588028,-1.5261032195738289,0.1789473577121202,-0.7207169221122097,0.0,1.0,0.0,1.0,0.0,0.0,0.0
1.1846604642119807,1.812445278804314,0.8466792249318597,0.3113108913997759,1.0994862343811829,-0.24701780074283858,-0.4572367111589193,1.0,0.0,0.0,0.0,1.0,0.0,0.0
-0.16328607837776465,-0.4162816574319122,0.9880343261704562,-0.07001816276840887,-0.4086351561542162,0.5782896937636438,-1.1441672611442837,1.0,0.0,0.0,0.0,0.0,0.0,1.0
-0.4328753868957137,-0.28829535812329726,1.474582681883018,-0.5833457356871173,-0.559063549306856,-0.2558920748773167,-0.17493648513753654,1.0,0.0,0.0,1.0,0.0,0.0,0.0
0.6454818471760826,-1.186406113616509,0.6725461292031529,0.09131336014890014,-0.21215725489362464,-0.76172570054258,-0.9591037796413773,1.0,0.0,0.0,0.0,1.0,0.0,0.0
0.3758925386581335,0.3339828557565203,0.159365652967378,1.3379660372371929,1.0994862343811829,0.2055701801155553,2.258334629707881,0.0,1.0,0.0,0.0,1.0,0.0,0.0
-0.16328607837776465,-1.851714203988016,0.04925207772716631,0.6339739372343927,-2.0788891898196917,-0.025160947380881083,-0.1843464926715827,1.0,0.0,0.0,0.0,0.0,0.0,1.0
-0.4328753868957137,-1.4313454105692032,-1.4836313208493583,0.6926399455679595,-0.19603992705584114,-1.8355128708144544,-0.27844656801204354,1.0,0.0,0.0,0.0,1.0,0.0,0.0
-1.51123262096751,0.7554549793417868,1.3322032683166052,0.8246384643184844,0.5868017107793267,-0.22926925247388158,-1.4099999739810856,1.0,0.0,0.0,1.0,0.0,0.0,0.0
-1.51123262096751,0.1773099721201126,1.1304137397368692,0.7219729497347422,0.11863171168182432,0.2588158249224248,0.9228977271678401,1.0,0.0,0.0,0.0,0.0,1.0,0.0
0.10630323014018443,-1.851714203988016,-1.1876050581105573,-1.8446649148588028,-1.3802797772319844,-0.9392111832321454,2.258334629707881,1.0,0.0,0.0,0.0,0.0,0.0,1.0
0.6454818471760826,1.066594086281696,1.5411629831910536,1.8366271080725112,0.15777379357358315,-0.06953231805327242,-0.16552647760349037,1.0,0.0,0.0,0.0,1.0,0.0,0.0
-0.7024646954136627,0.8812346183174943,-0.9847912172030048,1.6312960789050268,0.34887925222157984,0.5960382420326,-0.8085436590966398,1.0,0.0,0.0,1.0,0.0,0.0,0.0
1.1846604642119807,-0.01908279750862427,-1.926134246465835,-1.1113398106892185,-1.552965432636801,-0.025160947380881083,1.4937715175666362,1.0,0.0,0.0,0.0,0.0,0.0,1.0
-0.4328753868957137,1.8676117871269928,0.2843317569609201,1.3819655434873683,1.0994862343811829,1.3503515434632551,0.1795071319781994,1.0,0.0,0.0,0.0,0.0,0.0,1.0
-1.51123262096751,-1.1533062086229016,0.04925207772716631,0.5019754184838677,-0.8606878274139362,0.21444445425003342,0.7284242381308879,1.0,0.0,0.0,0.0,0.0,1.0,0.0
0.10630323014018443,1.8676117871269928,1.2164559752734068,0.003314347648550597,1.0994862343811829,0.1700730835776421,0.6531441778585191,1.0,0.0,0.0,0.0,1.0,0.0,0.0
0.9150711556940316,-1.0319398903130081,0.45846485268962683,0.809971962235093,-0.4424047954333802,-0.318011993818665,-0.6987602378661021,1.0,0.0,0.0,0.0,0.0,0.0,1.0
-1.241643312449561,0.653948604028058,-0.16636566727808524,1.073968999736143,0.21840564591571818,0.0724560680983805,-1.1567139378563451,1.0,0.0,0.0,0.0,1.0,0.0,0.0
-0.16328607837776465,0.1111101621328978,0.04925207772716631,0.7366394518181348,0.19461340005994326,0.9243863850082964,0.20146381622430704,1.0,0.0,0.0,0.0,0.0,0.0,1.0
-1.51123262096751,-0.7119741420414708,-1.340227594955129,-0.7153442544376423,-1.8338674320953023,-0.0429094956498373,0.6343241627904268,1.0,0.0,0.0,0.0,0.0,1.0,0.0
1.4542497727299297,-1.851714203988016,-0.275967086354388,-1.8446649148588028,-1.2851107938088846,-1.010205376307972,-0.965377117997408,1.0,0.0,1.0,0.0,0.0,0.0,0.0
0.3758925386581335,1.5432327181896406,-0.404006127331378,0.14997936848246693,0.6021515468153107,1.3947229141356474,1.1926512764771617,1.0,0.0,0.0,0.0,1.0,0.0,0.0
-1.241643312449561,1.8676117871269928,1.3649812628067155,0.5019754184838677,1.0994862343811829,1.7053225088423876,1.155011246340977,0.0,1.0,0.0,1.0,0.0,0.0,0.0
-0.16328607837776465,0.022843748816611553,-1.4989960057665976,0.10597986223229151,0.9444528904177479,0.48954695241886037,0.5339507490939356,0.0,1.0,1.0,0.0,0.0,0.0,0.0
1.7238390812478788,0.9077145423123804,0.9552563316803474,-1.654000387774711,1.0994862343811829,0.4185527593430339,-0.6046601625256413,1.0,0.0,0.0,0.0,0.0,1.0,0.0
0.6454818471760826,-0.05880268350095299,-0.38864144241414006,-0.08468466485180025,0.17005366240236985,1.3858486400011691,-0.705033576222133,1.0,0.0,0.0,1.0,0.0,0.0,0.0
-1.51123262096751,0.6098153973699146,0.6674245675640736,1.3966320455707597,-0.9405069748010509,-0.4777489282392742,-0.3129499289702126,0.0,1.0,0.0,0.0,0.0,1.0,0.0
1.7238390812478788,-0.8267204793526428,-0.48697542588446774,0.6779734434845681,-0.38330792669484215,-0.06065804391879431,0.5245407415598892,0.0,1.0,1.0,0.0,0.0,0.0,0.0
-0.9720540039316119,-0.5553012584050627,-1.5133363783560192,-0.568679233603726,-2.0788891898196917,-1.8355128708144544,1.4937715175666362,1.0,0.0,0.0,0.0,0.0,0.0,1.0
-1.51123262096751,0.2832296680996557,1.0320797562665414,0.5166419205672591,0.02883517087131953,-0.7705999746770581,2.020731939473217,1.0,0.0,0.0,0.0,0.0,0.0,1.0
-0.4328753868957137,1.8676117871269928,1.429512939459118,0.2233118788994251,1.0994862343811829,0.019210423291510258,-0.940283764573285,1.0,0.0,0.0,0.0,1.0,0.0,0.0
-0.7024646954136627,-0.8002405553577567,-0.39581162870885084,-0.4806802211033751,0.4072086291583183,0.738026628184253,-0.8806870501909931,1.0,0.0,0.0,0.0,0.0,1.0,0.0
-0.16328607837776465,-1.0937263796344086,-0.2186055959966977,1.8366271080725112,-1.001138827143187,-1.8355128708144544,-0.8054069899186246,0.0,1.0,0.0,0.0,1.0,0.0,0.0
-0.16328607837776465,1.443933003208819,1.194945416389273,-0.5980122377705087,1.0994862343811829,-1.5870331950490617,-0.47919339540502665,1.0,0.0,0.0,0.0,1.0,0.0,0.0
0.10630323014018443,-0.19120230347538217,-0.000427070171905753,-0.7593437606878177,0.09023451501525412,-0.08728086632222865,-1.3856907878514666,0.0,1.0,0.0,0.0,1.0,0.0,0.0
1.993428389765828,-0.11838251248944606,0.13273353244416355,-1.8446649148588028,-0.8783401388553167,0.08133034223285861,0.07286037992567711,1.0,0.0,0.0,0.0,1.0,0.0,0.0
0.9150711556940316,-0.28608869779039015,-1.0165448993652986,0.3259773934831673,1.0994862343811829,-0.4600003799703172,-0.9340104262172543,1.0,0.0,0.0,0.0,0.0,0.0,1.0
-0.9720540039316119,1.2607801955775253,1.5411629831910536,1.073968999736143,-0.984254007503605,-0.5043717506427093,-0.5952501549915951,1.0,0.0,0.0,0.0,1.0,0.0,0.0
-0.9720540039316119,-0.9414668166638147,-1.630107983727034,0.4579759122336923,-0.13157061570471043,0.2055701801155553,-0.20002983856165948,0.0,1.0,0.0,0.0,0.0,0.0,1.0
1.4542497727299297,0.8569613546555161,0.42466254587170016,-0.3780147065196342,1.0994862343811829,1.7940652501871701,-0.999880478955577,0.0,1.0,1.0,0.0,0.0,0.0,0.0
-0.7024646954136627,0.014017107484983122,1.5411629831910536,-1.8446649148588028,0.38495136690614146,1.1196204159668197,-1.4099999739810856,1.0,0.0,0.0,0.0,0.0,0.0,1.0
-0.9720540039316119,-1.3099790922593095,0.3099395651563181,-1.1700058190227853,-0.27662656624475646,-1.7467701294696707,-1.1692606145684066,1.0,0.0,0.0,1.0,0.0,0.0,0.0
-1.51123262096751,0.42886925007152793,-0.49516992450699493,0.03264735181533334,-0.8860150568733093,1.5544598485562564,-0.3537266282844123,1.0,0.0,0.0,0.0,0.0,0.0,1.0
0.3758925386581335,1.8676117871269928,0.9429645837465559,0.7513059539015262,1.0994862343811829,0.019210423291510258,-0.8461836892328242,0.0,1.0,0.0,0.0,0.0,0.0,1.0
0.10630323014018443,-0.9260201943334647,-0.6283305271230657,-0.568679233603726,-0.201412369668436,-0.6641086850633184,0.6656908545705809,1.0,0.0,0.0,0.0,1.0,0.0,0.0
0.10630323014018443,1.5277860958592913,0.8446306002762283,0.3259773934831673,1.0994862343811829,-1.7201473070662365,-0.3160865981482279,1.0,0.0,1.0,0.0,0.0,0.0,0.0
-1.51123262096751,-1.3386656765871026,-1.5758194303527917,-0.8326762711047759,-2.0788891898196917,0.2854386473258599,-1.363734103605359,1.0,0.0,0.0,1.0,0.0,0.0,0.0
-1.241643312449561,0.027257069482426156,-0.8874815460604921,-0.568679233603726,1.0994862343811829,-1.5515360985111484,-0.1623898084254751,0.0,1.0,0.0,0.0,0.0,0.0,1.0
0.9150711556940316,0.8040015066657444,-1.3289601593491538,0.23797838098281646,0.3465767768161822,0.9776320298151667,0.9605377573040248,1.0,0.0,0.0,0.0,0.0,0.0,1.0
1.993428389765828,0.44652253273478515,0.40929786095446224,-0.42201421276980833,0.6712258089772378,1.474591381345952,0.6562808470365344,1.0,0.0,1.0,0.0,0.0,0.0,0.0
0.10630323014018443,-0.0676293248325818,-1.926134246465835,0.6046409330676086,-1.419421859123742,0.613786790301557,0.719014230596842,0.0,1.0,0.0,0.0,1.0,0.0,0.0
0.6454818471760826,1.5983992265123195,1.5411629831910536,0.8833044726520513,1.0994862343811829,-0.4777489282392742,0.6594175162145497,0.0,1.0,0.0,0.0,1.0,0.0,0.0
-0.4328753868957137,-1.2570192442695378,1.5411629831910536,1.3086330330704101,-0.7747287456124272,-1.8355128708144544,0.35829727512507514,1.0,0.0,0.0,0.0,1.0,0.0,0.0
0.10630323014018443,-0.01908279750862427,-1.913842498532045,-1.0526738023556517,-2.0788891898196917,-1.8355128708144544,-1.4099999739810856,0.0,1.0,1.0,0.0,0.0,0.0,0.0
-0.9720540039316119,0.5458222477156074,0.313012502139766,1.2499670247368433,1.0994862343811829,-1.6580273881248881,-1.4099999739810856,1.0,0.0,0.0,0.0,1.0,0.0,0.0
-1.51123262096751,-0.008049495844088343,-0.7041296393814432,0.4433094101503009,-0.4170775659740072,0.5516668713602088,-0.0620163947289834,0.0,1.0,1.0,0.0,0.0,0.0,0.0
0.3758925386581335,-0.7781739520286852,-1.6444483563164571,-1.8446649148588028,-1.0049762861521827,1.2172374314460803,-1.068887200871915,1.0,0.0,0.0,0.0,0.0,0.0,1.0
0.6454818471760826,1.40421311721649,0.7381021181833719,-1.0820068065224344,0.5852667271757287,0.24994155078794664,-1.0249738323796997,1.0,0.0,1.0,0.0,0.0,0.0,0.0
-0.4328753868957137,0.3075029317616347,1.079198123346073,1.103302003902927,0.021160252853328117,-0.7972227970804933,-1.4099999739810856,1.0,0.0,0.0,0.0,1.0,0.0,0.0
1.1846604642119807,1.856578485462457,1.5411629831910536,1.7192950914053777,1.0994862343811829,-0.9037140866942321,-0.05260638719493751,0.0,1.0,0.0,0.0,0.0,0.0,1.0
-0.9720540039316119,-1.0385598713117297,-1.926134246465835,-1.8446649148588028,-0.42321750038840056,1.7940652501871701,-0.8210903358087013,1.0,0.0,1.0,0.0,0.0,0.0,0.0
1.7238390812478788,0.5259623047194429,0.06205598182486531,-0.24601618776910925,-0.07400873056977153,1.6964482347079095,0.33320392170095225,1.0,0.0,1.0,0.0,0.0,0.0,0.0
0.6454818471760826,0.34060283675524206,0.04925207772716631,0.6339739372343927,0.5691493993379463,0.47179840414990415,1.067184509356547,0.0,1.0,1.0,0.0,0.0,0.0,0.0
-1.241643312449561,-1.0540064936420797,0.11327159821566131,-1.8446649148588028,-0.6780247785857295,-0.0340352215153592,-0.1623898084254751,1.0,0.0,0.0,0.0,1.0,0.0,0.0
-0.16328607837776465,1.5961925661794127,0.903016402961735,0.09131336014890014,1.0994862343811829,1.0841233194289073,-0.5042867488291496,1.0,0.0,1.0,0.0,0.0,0.0,0.0
1.7238390812478788,-0.7825872726944999,0.876384282438522,-0.15801717526875841,1.0994862343811829,-0.3712576386255345,-0.7991336515625937,1.0,0.0,0.0,0.0,1.0,0.0,0.0
-0.16328607837776465,1.2078203475877531,1.5411629831910536,1.6752955851552023,1.0994862343811829,-0.46887465410479606,-0.5262434330752572,0.0,1.0,0.0,0.0,0.0,1.0,0.0
-1.51123262096751,-1.7822044035014406,-0.9765967185804776,-1.8006654086086273,-2.0788891898196917,0.9332606591427761,-1.1347572536102375,1.0,0.0,1.0,0.0,0.0,0.0,0.0
-0.16328607837776465,-0.0014295148453670203,0.04925207772716631,-0.08468466485180025,1.0994862343811829,0.47179840414990415,1.8356684579703106,1.0,0.0,1.0,0.0,0.0,0.0,0.0
-1.51123262096751,1.8676117871269928,0.3365716856795311,1.6899620872385936,1.0994862343811829,-0.149400785263577,2.258334629707881,1.0,0.0,0.0,0.0,0.0,1.0,0.0
0.6454818471760826,-1.2106793772784876,-0.5043887354573385,0.6633069414011754,-0.21138976309182506,0.6759067092429046,-1.078297208405961,1.0,0.0,0.0,1.0,0.0,0.0,0.0
0.3758925386581335,-1.6586314248586398,-0.17456016590061244,-0.45134721693659235,-1.424794301736337,-1.8355128708144544,-1.4099999739810856,1.0,0.0,0.0,0.0,0.0,0.0,1.0
-0.4328753868957137,-0.9127802323360217,-0.3609850095631092,0.36997689973334275,0.75334743176975,1.7940652501871701,1.1895146072991465,0.0,1.0,0.0,0.0,0.0,0.0,1.0
-0.4328753868957137,-0.01908279750862427,1.5411629831910536,-1.4780023627740106,0.5230998912299946,0.2676900990569029,0.2798805456746911,1.0,0.0,1.0,0.0,0.0,0.0,0.0
-1.241643312449561,1.4990995115314978,1.5411629831910536,1.8366271080725112,0.8945659233008004,1.6254540416320828,-1.1253472460761915,1.0,0.0,0.0,1.0,0.0,0.0,0.0
-1.51123262096751,-0.22871552913480378,0.954232019352531,-0.20201668151893384,0.27443254744705897,-1.8355128708144544,2.070918646321463,1.0,0.0,0.0,0.0,0.0,1.0,0.0
-0.4328753868957137,1.3269800055647403,1.334251892972238,1.7779610997389446,1.0994862343811829,-1.4450448088974088,-1.4099999739810856,0.0,1.0,0.0,0.0,0.0,0.0,1.0
-1.51123262096751,-0.43834826076098365,0.6520598826468343,1.8366271080725112,0.8124443005082881,0.6581581609739484,2.061508638787417,0.0,1.0,0.0,0.0,0.0,0.0,1.0
-0.4328753868957137,0.23688980110860566,0.47895109924594403,-0.6273452419372928,-0.1077783698489355,-0.7972227970804933,-0.28785657554608973,1.0,0.0,0.0,0.0,0.0,0.0,1.0
0.10630323014018443,-0.5023414104152909,-0.24626202884772713,-1.5953343794411443,0.7840471038417179,-1.356302067552626,0.5464974258059968,1.0,0.0,1.0,0.0,0.0,0.0,0.0
0.6454818471760826,0.8017948463328373,-0.3128423301557611,1.6312960789050268,0.699623005643808,0.4185527593430339,0.6688275237485961,0.0,1.0,0.0,0.0,0.0,0.0,1.0
0.10630323014018443,0.19054993411755522,-0.7502236941331599,-0.436680714853201,-0.10240592723634065,1.7940652501871701,-1.2194473214166524,1.0,0.0,0.0,0.0,0.0,0.0,1.0
1.1846604642119807,1.062180765615881,-0.8987489816664672,-0.36334820443624155,1.0994862343811829,0.5427925972257306,-0.7771769673164862,1.0,0.0,0.0,1.0,0.0,0.0,0.0
-0.4328753868957137,-1.851714203988016,-1.610646049498532,-1.463335860690618,-1.3511150887636156,0.5339183230912518,-0.7959969823845784,1.0,0.0,0.0,0.0,1.0,0.0,0.0
1.4542497727299297,0.6605685850267793,1.2707445286476506,-0.45134721693659235,0.8132117923100867,1.731945331245822,-0.8430470200548088,1.0,0.0,1.0,0.0,0.0,0.0,0.0
1.1846604642119807,-0.8951269496727646,-0.7655883790503979,0.12064636431568289,-0.8860150568733093,0.14345026117420695,0.1732337936221688,0.0,1.0,1.0,0.0,0.0,0.0,0.0
0.10630323014018443,-0.01908279750862427,-0.7410048831828163,-1.5806678773577516,-2.0788891898196917,0.2676900990569029,-0.5262434330752572,1.0,0.0,1.0,0.0,0.0,0.0,0.0
1.1846604642119807,-0.8796803273424145,-0.07417755777465188,0.6633069414011754,-0.1730151730018658,-0.619737314390927,0.6845108696386726,1.0,0.0,0.0,0.0,0.0,0.0,1.0
0.3758925386581335,0.8525480339897015,-0.24216477953646282,0.5019754184838677,1.0994862343811829,0.7114038057808179,2.258334629707881,1.0,0.0,0.0,0.0,1.0,0.0,0.0
-1.241643312449561,1.0334941812880882,0.17370602555680092,1.7192950914053777,0.19921835087073853,0.8178950953945575,0.18891713951224556,1.0,0.0,0.0,1.0,0.0,0.0,0.0
0.10630323014018443,-0.005842835511181235,-0.9468916610738167,-1.2433383294397435,-0.3740980250732526,0.1878216318465983,-0.6517102001958718,1.0,0.0,0.0,0.0,0.0,0.0,1.0
1.993428389765828,-0.22871552913480378,-0.5146318587354972,-0.3340152002694588,-0.27662656624475646,1.4213457365390816,0.6594175162145497,1.0,0.0,0.0,0.0,1.0,0.0,0.0
0.10630323014018443,-0.4626215244229622,-0.5965768449607719,0.25264488306620914,-0.9911614337197968,-1.4272962606284525,2.258334629707881,1.0,0.0,1.0,0.0,0.0,0.0,0.0
-1.241643312449561,-1.3408723369200097,0.47895109924594403,-0.26068268985250065,-0.788543598044812,1.3059801727908646,0.5559074333400427,1.0,0.0,0.0,0.0,1.0,0.0,0.0
-1.241643312449561,1.8676117871269928,0.026205050351307234,-1.6246673836079268,-1.7916553829963475,0.09020461636733672,-1.2884540433329903,1.0,0.0,0.0,0.0,0.0,1.0,0.0
0.6454818471760826,0.24571644244023408,0.8897003427001284,-1.0820068065224344,1.0994862343811829,1.1018718676978634,2.258334629707881,1.0,0.0,0.0,1.0,0.0,0.0,0.0
-0.7024646954136627,-0.023496118174438484,1.5411629831910536,-0.6273452419372928,1.0994862343811829,0.03695897156046727,-1.0375205090917612,1.0,0.0,0.0,0.0,0.0,0.0,1.0
-0.4328753868957137,-0.21768222747026825,-0.6426708997124871,0.5606414268174345,-1.2260139250703477,1.7496938795147796,-0.3474532899283814,1.0,0.0,0.0,0.0,0.0,1.0,0.0
1.1846604642119807,-0.7892072536932212,-0.747150757149712,-1.0086742961054762,0.2045907934833334,1.3858486400011691,2.230888774400247,1.0,0.0,0.0,0.0,0.0,0.0,1.0
1.993428389765828,-1.6829046885206187,-0.9643049706466861,-0.6126787398539014,0.15777379357358315,0.8533921919324707,-1.0061538173116076,1.0,0.0,1.0,0.0,0.0,0.0,0.0
1.7238390812478788,0.07580359680638331,0.8282416030311739,1.4406315518209352,0.3711365144737567,1.7940652501871701,0.3081105682768293,1.0,0.0,0.0,0.0,0.0,1.0,0.0
0.6454818471760826,-1.230539320274652,-1.0646875787726466,0.7953054601517003,-0.6173929262435944,-0.3890061868944915,-1.018700494023669,0.0,1.0,0.0,0.0,0.0,1.0,0.0
0.9150711556940316,1.7241788654880272,0.8487278495874911,1.8366271080725112,1.0994862343811829,1.7940652501871701,0.6531441778585191,1.0,0.0,1.0,0.0,0.0,0.0,0.0
-1.51123262096751,0.1486233877923194,0.06820185579176107,0.5166419205672591,1.0994862343811829,0.5250440489567736,1.6568783148234356,0.0,1.0,0.0,1.0,0.0,0.0,0.0
0.3758925386581335,1.6999056018260488,-0.1632927302946374,1.4992975601545018,0.9068457921295872,0.019210423291510258,2.258334629707881,0.0,1.0,0.0,0.0,0.0,1.0,0.0
-1.51123262096751,-0.47365482608749815,0.9900829508260891,-0.24601618776910925,0.49930764537422073,-1.1344452141906685,-0.3913666584205967,1.0,0.0,0.0,0.0,0.0,1.0,0.0
1.7238390812478788,-0.8002405553577567,1.2973766491708651,-0.011352154434842079,1.0994862343811829,-1.7201473070662365,-1.2414040056627598,1.0,0.0,0.0,0.0,0.0,1.0,0.0
-1.51123262096751,0.05373699347731184,1.5411629831910536,1.103302003902927,0.9352429887961573,-0.167149333532534,0.010126996365369801,1.0,0.0,0.0,0.0,0.0,1.0,0.0
-0.7024646954136627,-0.8686470256778785,0.7381021181833719,-1.258004831523135,-0.46619704128915507,0.43630130761199093,0.12618375595193826,0.0,1.0,0.0,0.0,0.0,0.0,1.0
-0.16328607837776465,-0.6523943130529773,0.6909837511038402,-1.067340304439043,-0.9719741386748172,0.019210423291510258,2.1869754059080315,1.0,0.0,1.0,0.0,0.0,0.0,0.0
-0.4328753868957137,-0.2441621514651539,-0.3548391355962149,0.9126374768188339,-0.8783401388553167,-0.9747082797700586,0.44298734293148984,0.0,1.0,0.0,0.0,0.0,0.0,1.0
-0.9720540039316119,0.7400083570114367,0.5578231484877709,1.367299041403977,0.5468921370857694,-0.2647663490117948,-1.4099999739810856,1.0,0.0,0.0,0.0,0.0,0.0,1.0
-0.16328607837776465,0.7995881859999302,0.04925207772716631,0.7513059539015262,0.6919480876258155,0.6847809833773827,2.258334629707881,1.0,0.0,0.0,0.0,0.0,0.0,1.0
-0.4328753868957137,0.6318820006989861,0.28535606928873514,-0.29001569401928334,0.8063043660938948,-1.8355128708144544,-0.3913666584205967,1.0,0.0,0.0,0.0,1.0,0.0,0.0
-0.7024646954136627,-1.851714203988016,-0.8352416173418812,-0.36334820443624155,-2.0788891898196917,0.3298100179982512,-0.1623898084254751,1.0,0.0,0.0,0.0,0.0,0.0,1.0
-0.7024646954136627,-0.22650886880189666,1.5411629831910536,0.7219729497347422,1.0994862343811829,1.039751948756515,-0.9967438097775616,0.0,1.0,0.0,0.0,0.0,1.0,0.0
-0.7024646954136627,-0.9392601563309076,-1.2777445429583578,-0.07001816276840887,0.5077500551940117,-1.2409365038044082,-0.23139653034181298,1.0,0.0,0.0,0.0,0.0,0.0,1.0
-1.241643312449561,-0.30153532012073986,0.15321977900048225,0.003314347648550597,0.11172428546563139,1.1639917866392118,-1.4099999739810856,0.0,1.0,0.0,0.0,0.0,1.0,0.0
0.6454818471760826,-0.0014295148453670203,1.5411629831910536,0.5753079289008258,0.17312362960956706,-1.8355128708144544,0.01640033472140067,0.0,1.0,0.0,1.0,0.0,0.0,0.0
0.9150711556940316,-0.04997604216932456,-0.07929911941373119,1.8219606059891187,-0.721004319486484,0.8800150143359059,1.3808514271580834,0.0,1.0,1.0,0.0,0.0,0.0,0.0
0.10630323014018443,-1.3408723369200097,-1.5655763070746316,-0.9500082877719095,-0.3042562711095271,-0.09615514045670755,-0.5293801022532725,1.0,0.0,0.0,0.0,0.0,0.0,1.0
0.6454818471760826,1.5476460388554556,1.5411629831910536,0.2233118788994251,1.0994862343811829,1.2527345279839943,-0.7018969070441174,1.0,0.0,0.0,0.0,0.0,0.0,1.0
1.4542497727299297,0.7576616396746939,0.03849679828509874,-0.40734771068641695,0.5791267927613354,-0.6818572333322747,0.038357018967508025,1.0,0.0,0.0,0.0,0.0,0.0,1.0
-0.16328607837776465,-0.12058917282235355,0.6776676908422323,-0.5833457356871173,0.040347547898307745,0.24994155078794664,2.258334629707881,1.0,0.0,0.0,1.0,0.0,0.0,0.0
0.10630323014018443,1.7771387134777994,0.5496286498652423,1.8366271080725112,1.0994862343811829,-1.2143136814009732,-0.2282598611637977,1.0,0.0,1.0,0.0,0.0,0.0,0.0
0.3758925386581335,0.8040015066657444,0.3611551815471141,-0.11401766901858298,1.0994862343811829,-0.593114491987492,0.10109040252781533,1.0,0.0,0.0,0.0,0.0,1.0,0.0
1.4542497727299297,-1.029733229980101,-0.7666126913782143,-1.8446649148588028,-0.8100333684951893,0.7202780799152959,-0.2251231919857824,1.0,0.0,1.0,0.0,0.0,0.0,0.0
1.993428389765828,-1.6851113488535256,-1.7919493315219508,0.09131336014890014,-1.6796015799336663,-1.2941821486112777,-0.7520836138923632,1.0,0.0,0.0,0.0,0.0,0.0,1.0
-0.4328753868957137,-0.6148810873935557,-1.2664771073523828,-0.42201421276980833,-1.606689858762744,-0.016286673246402185,1.6317849613993125,1.0,0.0,0.0,0.0,0.0,1.0,0.0
0.6454818471760826,-0.25740211346259695,1.5411629831910536,-1.8446649148588028,-1.0402809090349447,-1.8355128708144544,0.6970575463507344,1.0,0.0,0.0,0.0,0.0,0.0,1.0
0.3758925386581335,-1.4335520709021101,-1.603475863203821,-1.5806678773577516,-2.0788891898196917,-1.1699423107285818,1.2365646449693763,1.0,0.0,0.0,0.0,1.0,0.0,0.0
-0.9720540039316119,-0.2353355101335255,1.4827771805055467,-0.055351660685016194,0.6297812516800814,1.3148544469253427,-0.9873338022435154,1.0,0.0,0.0,1.0,0.0,0.0,0.0
1.993428389765828,0.7686949413392299,0.19214364745748674,1.3086330330704101,0.9881999231203009,-1.8355128708144544,-0.852457027588855,0.0,1.0,1.0,0.0,0.0,0.0,0.0
0.6454818471760826,1.5851592645148769,0.4646107266565211,1.2059675184866678,1.0135271525796739,0.9421349332772543,-1.0030171481335923,1.0,0.0,0.0,0.0,1.0,0.0,0.0
0.6454818471760826,0.5237556443865359,-0.3548391355962149,1.073968999736143,0.6765982515898316,0.3031871955948161,0.640597501146458,1.0,0.0,0.0,0.0,0.0,0.0,1.0
0.10630323014018443,-0.054389362835138774,-0.2882588342881795,-0.08468466485180025,-1.4539589902047056,-0.9835825539045375,-0.13729645500135218,1.0,0.0,0.0,0.0,0.0,1.0,0.0
0.10630323014018443,0.15303670845813364,-0.9305026638287609,1.0006364893191848,-0.42705495939739624,-1.027953924576929,-0.05260638719493751,1.0,0.0,0.0,1.0,0.0,0.0,0.0
0.6454818471760826,0.6649819056925935,-0.46956211631159694,0.003314347648550597,0.930638037985362,0.43630130761199093,0.4178939895073669,1.0,0.0,0.0,0.0,0.0,0.0,1.0
0.3758925386581335,0.0007771454875400869,0.65820575661373,0.34064389556655866,-0.11545328786692692,-1.8355128708144544,1.7384317134518348,0.0,1.0,0.0,0.0,0.0,1.0,0.0
1.993428389765828,0.32956953509070613,-1.886186065681014,1.0153029914025762,-1.2022216792145728,0.5250440489567736,-1.4099999739810856,1.0,0.0,0.0,0.0,0.0,1.0,0.0
1.993428389765828,-0.3103619614523687,1.5411629831910536,1.3526325393205856,1.0994862343811829,-1.782267226007584,-1.1284839152542068,0.0,1.0,0.0,0.0,1.0,0.0,0.0
-1.241643312449561,0.5127223427219999,0.17473033788461592,-0.3340152002694588,0.4647705142932572,-0.318011993818665,2.258334629707881,1.0,0.0,0.0,0.0,1.0,0.0,0.0
0.6454818471760826,-0.3147752821181829,-0.4193708122486174,-1.4046698523570524,0.34350680960898605,0.06358179396390239,-0.940283764573285,1.0,0.0,0.0,0.0,0.0,0.0,1.0
0.9150711556940316,0.14200340679359807,-0.301574894549786,-0.9646747898553009,1.0994862343811829,-0.9747082797700586,1.0358178175763935,1.0,0.0,0.0,0.0,0.0,0.0,1.0
-0.16328607837776465,0.2721963664351202,-0.2319216562583042,-0.040685158601624825,-0.4477772380459739,-1.6846502105283232,2.258334629707881,0.0,1.0,0.0,0.0,0.0,0.0,1.0
1.993428389765828,-0.01908279750862427,-0.8731411734710692,-0.45134721693659235,-1.6043873833573465,0.12570171290524995,0.7158775614188266,0.0,1.0,0.0,1.0,0.0,0.0,0.0
-1.51123262096751,1.8676117871269928,1.5411629831910536,1.8366271080725112,1.0994862343811829,-0.3801319127600126,-1.3951007953855128,1.0,0.0,0.0,0.0,0.0,0.0,1.0
1.7238390812478788,-0.12279583315526066,1.5411629831910536,0.5313084226506505,0.6873431368150202,-0.5132460247771874,-0.44782670362487315,1.0,0.0,0.0,0.0,0.0,1.0,0.0
1.4542497727299297,0.4619691550651353,-1.2726229813192786,-1.199338823189568,0.4824228257346377,-0.3801319127600126,-1.4099999739810856,1.0,0.0,0.0,0.0,0.0,0.0,1.0
1.4542497727299297,-0.0632160041667672,0.9603778933194267,0.23797838098281646,0.048789957718098735,-1.1788165848630598,-0.13729645500135218,1.0,0.0,0.0,0.0,0.0,0.0,1.0
-0.16328607837776465,-0.021289457841531377,-1.095416948607124,0.4579759122336923,0.4931677109598263,0.294312921460338,-1.3856907878514666,1.0,0.0,0.0,1.0,0.0,0.0,0.0
-0.16328607837776465,-0.7472807073679854,0.49534009649099986,-0.2166831836023252,0.3834163833025434,1.785190976052692,-0.48546673376105753,0.0,1.0,1.0,0.0,0.0,0.0,0.0
-0.16328607837776465,-0.12279583315526066,0.49431578416318345,-1.1113398106892185,0.15854128537538165,-1.3917991640905392,-0.3317699440383047,1.0,0.0,0.0,0.0,0.0,0.0,1.0
0.6454818471760826,-0.2353355101335255,-0.18890053849003538,-0.040685158601624825,0.7387650875355658,-0.8327198936184065,-0.3913666584205967,1.0,0.0,0.0,0.0,1.0,0.0,0.0
0.6454818471760826,-1.2106793772784876,-1.1005385102462049,-1.360670346106877,-0.25590428759617767,1.5100884778838644,-0.8336370125207627,1.0,0.0,0.0,0.0,1.0,0.0,0.0
-1.51123262096751,0.43107591040443505,0.04925207772716631,0.6193074351510013,0.6121289402387009,-1.6136560174524968,1.3338013894878529,0.0,1.0,0.0,0.0,0.0,0.0,1.0
-1.51123262096751,0.4068026467424565,0.24028632686483486,-0.07001816276840887,0.5637769567253514,-1.6136560174524968,-0.723853591290225,0.0,1.0,0.0,0.0,0.0,0.0,1.0
1.4542497727299297,0.4597624947322282,0.4082735486266458,0.07664685806550876,1.0994862343811829,-0.6286115885254052,-0.13729645500135218,0.0,1.0,0.0,0.0,1.0,0.0,0.0
0.9150711556940316,-0.01908279750862427,1.4520478106710681,-0.02601865651823345,0.23912792456429693,-1.356302067552626,-0.1623898084254751,0.0,1.0,0.0,0.0,0.0,1.0,0.0
0.9150711556940316,1.715352224156399,0.4881699101962877,-0.3340152002694588,1.0994862343811829,-0.610863040256449,-1.0281105015577152,1.0,0.0,0.0,0.0,1.0,0.0,0.0
-0.7024646954136627,-0.24857547213096812,-1.926134246465835,0.648640439317784,0.15777379357358315,0.019210423291510258,2.258334629707881,0.0,1.0,0.0,0.0,1.0,0.0,0.0
-1.51123262096751,1.8676117871269928,0.46256210200088965,1.8366271080725112,0.9912698903274981,-0.025160947380881083,-1.4099999739810856,1.0,0.0,0.0,0.0,1.0,0.0,0.0
-1.51123262096751,1.8676117871269928,0.04925207772716631,-0.9500082877719095,-0.5206889592168967,-1.791141500142062,0.0791337182817077,1.0,0.0,0.0,0.0,0.0,0.0,1.0
-0.4328753868957137,-0.200028944807011,-1.8810645040419347,0.047313853898724716,-2.0288103497522956,0.019210423291510258,0.33006725252293695,1.0,0.0,0.0,1.0,0.0,0.0,0.0
-0.16328607837776465,-1.851714203988016,-0.2452377165199107,-1.785998906525236,-2.0788891898196917,-1.8355128708144544,-0.783450305672517,1.0,0.0,0.0,0.0,0.0,0.0,1.0
-0.16328607837776465,-0.2353355101335255,0.3109638774841331,-1.1113398106892185,0.9636401854627276,0.019210423291510258,0.37084395183713664,1.0,0.0,0.0,0.0,0.0,0.0,1.0
-0.7024646954136627,1.0974873309423956,1.5411629831910536,-0.568679233603726,-0.08321863219136101,0.0724560680983805,1.1738312614090693,1.0,0.0,0.0,0.0,0.0,0.0,1.0
-1.51123262096751,0.6826351883558507,0.4082735486266458,1.1913010164032765,0.284409940870448,-1.4272962606284525,-0.1623898084254751,1.0,0.0,0.0,1.0,0.0,0.0,0.0
0.10630323014018443,0.044910352145683015,0.7565397400840592,1.235300522653452,-0.7102594342612953,0.6049125161670782,0.44926068128752067,0.0,1.0,0.0,0.0,1.0,0.0,0.0
0.3758925386581335,-0.42731495909644773,0.5824066443553525,-1.0380073002722603,-1.5268707113756284,0.6936552575118616,0.6186408169003503,1.0,0.0,0.0,0.0,0.0,1.0,0.0
0.10630323014018443,0.243509782107327,-0.3650822588743735,0.648640439317784,1.0994862343811829,-0.07840659218775053,1.8043017661901573,1.0,0.0,0.0,0.0,1.0,0.0,0.0
0.6454818471760826,-1.8219242894937693,-1.373005589445239,-0.8913422794383427,-1.8875918582212456,0.6049125161670782,-0.8744137118349624,1.0,0.0,0.0,0.0,0.0,0.0,1.0
0.3758925386581335,-1.851714203988016,-1.926134246465835,-1.8446649148588028,-2.0788891898196917,1.2704830762529506,0.2610605306065988,1.0,0.0,1.0,0.0,0.0,0.0,0.0
-1.241643312449561,-0.36332180944214043,0.009816053106252864,1.4112985476541524,-1.3871872034481771,1.5810826709596908,-0.5576101248554107,0.0,1.0,0.0,0.0,0.0,1.0,0.0
0.3758925386581335,-1.7491044985078332,0.04925207772716631,0.648640439317784,-0.9804165484946082,-0.743977152273623,-0.23139653034181298,1.0,0.0,0.0,0.0,1.0,0.0,0.0
-0.7024646954136627,-0.5244080137443624,-0.19607072478474613,-0.6420117440206842,-2.009623054707316,-0.2913891714152299,-0.3913666584205967,1.0,0.0,0.0,0.0,1.0,0.0,0.0
-0.16328607837776465,0.6252620197002647,-0.5115589217520508,0.5313084226506505,0.15777379357358315,1.1639917866392118,1.5470948935928974,0.0,1.0,0.0,0.0,0.0,1.0,0.0
-0.7024646954136627,0.9518477489705233,0.04925207772716631,0.5899744309842172,-0.5736458935410403,-0.4777489282392742,1.3087080360637298,1.0,0.0,0.0,0.0,0.0,0.0,1.0
1.7238390812478788,-0.21988888780317534,1.5411629831910536,-0.5833457356871173,-0.7931485488556073,-0.8859655384252759,-1.0814338775839765,1.0,0.0,0.0,0.0,0.0,0.0,1.0
1.1846604642119807,1.203407026921939,0.3007207542059745,0.648640439317784,0.078722137988267,0.6670324351084265,-0.1623898084254751,1.0,0.0,0.0,0.0,1.0,0.0,0.0
-1.241643312449561,-1.851714203988016,0.6407924470408592,-0.5980122377705087,-1.715673694618228,0.5072955006878174,0.11677374841789209,1.0,0.0,0.0,0.0,0.0,0.0,1.0
-0.9720540039316119,-0.2971219994549257,0.3744712418087206,1.2646335268202347,1.0994862343811829,0.09907889050181562,-1.2194473214166524,1.0,0.0,1.0,0.0,0.0,0.0,0.0
-1.51123262096751,0.15524336879104073,1.5411629831910536,-1.5073353669407934,1.0994862343811829,-1.2498107779388863,1.026407810042347,1.0,0.0,0.0,0.0,0.0,0.0,1.0
-1.51123262096751,0.5325822857181643,-1.926134246465835,0.29664438931638326,-1.3419051871420251,0.22331872838451153,-0.8744137118349624,0.0,1.0,0.0,0.0,1.0,0.0,0.0
1.993428389765828,-1.3563189592503597,-1.343300531938577,-1.5953343794411443,-1.2060591382235695,-0.7173543298701879,0.5119940648478281,1.0,0.0,0.0,0.0,0.0,0.0,1.0
0.10630323014018443,0.2898496490983774,-0.004524319483170073,0.10597986223229151,0.8400740053730588,-1.5426618243766703,-1.0312471707357305,0.0,1.0,0.0,0.0,1.0,0.0,0.0
-0.4328753868957137,0.770901601672137,0.6315736360905171,0.4579759122336923,1.0994862343811829,-1.0723252952493203,0.869574351141579,1.0,0.0,1.0,0.0,0.0,0.0,0.0
0.6454818471760826,0.19937657544918405,-0.5115589217520508,1.8366271080725112,0.4148835471763097,0.0014618750225540366,1.7697984052319884,1.0,0.0,0.0,0.0,0.0,0.0,1.0
-1.51123262096751,-0.8951269496727646,-0.4490758697552797,-0.40734771068641695,-1.5330106457900217,1.2704830762529506,-1.1755339529244373,1.0,0.0,0.0,0.0,0.0,1.0,0.0
0.3758925386581335,-0.023496118174438484,0.8108282934583031,1.235300522653452,0.7825121202381199,-0.300263445549708,-0.783450305672517,1.0,0.0,0.0,0.0,0.0,0.0,1.0
-0.4328753868957137,-0.35890848877632586,1.0023746987598792,0.7219729497347422,0.44404823564467844,-0.1405265111290989,-0.41332334266670406,1.0,0.0,0.0,0.0,0.0,1.0,0.0
-1.51123262096751,-0.5707478807354128,-1.3156440990875473,-0.6126787398539014,-0.6795597621893287,-1.808890048411019,-0.6172068392377027,1.0,0.0,0.0,0.0,1.0,0.0,0.0
-1.51123262096751,-1.3342523559212882,-0.7666126913782143,-1.6100008815245355,0.15777379357358315,0.6759067092429046,-0.2941299139021203,1.0,0.0,0.0,0.0,1.0,0.0,0.0
0.10630323014018443,1.2828467989065964,0.2669184473880493,-0.12868417110197566,1.0994862343811829,0.2676900990569029,-1.304137389223067,0.0,1.0,0.0,0.0,0.0,0.0,1.0
1.4542497727299297,1.6028125471781345,1.5411629831910536,-0.12868417110197566,1.0994862343811829,-1.1255709400561897,0.8476176668954719,0.0,1.0,0.0,0.0,0.0,1.0,0.0
-1.51123262096751,-1.6652514058573613,0.031326611990388,-0.275349191935892,0.15777379357358315,-0.1582750593980551,1.3683047504460222,1.0,0.0,0.0,0.0,0.0,0.0,1.0
0.9150711556940316,-0.6413610113884418,-1.0482985815275923,-0.4806802211033751,-0.16303777957847673,-1.4450448088974088,-0.9151904111491621,1.0,0.0,1.0,0.0,0.0,0.0,0.0
-0.9720540039316119,1.8676117871269928,0.979839827547929,1.4406315518209352,1.0994862343811829,-1.0190796504424506,-0.601523493347626,0.0,1.0,0.0,0.0,0.0,0.0,1.0
-0.7024646954136627,-1.851714203988016,-1.926134246465835,-0.9353417856885181,-1.9405487925453893,1.776316701918214,-0.0588797255509681,1.0,0.0,0.0,1.0,0.0,0.0,0.0
-0.16328607837776465,0.13759008612778387,1.514530862667839,0.25264488306620914,0.8853560216792098,1.7940652501871701,2.258334629707881,1.0,0.0,1.0,0.0,0.0,0.0,0.0
-0.7024646954136627,1.0952806706094889,1.5411629831910536,0.003314347648550597,0.8009319234812999,0.05470751982942349,0.781747614157149,0.0,1.0,0.0,0.0,0.0,0.0,1.0
0.3758925386581335,1.4924795305327767,-1.3852973373790292,0.003314347648550597,0.7963269726705047,0.2676900990569029,-1.4099999739810856,1.0,0.0,0.0,0.0,0.0,0.0,1.0
-0.16328607837776465,0.7355950363456225,0.3304258117126368,0.36997689973334275,1.0994862343811829,0.45404985588094715,-0.1843464926715827,1.0,0.0,0.0,0.0,0.0,1.0,0.0
0.10630323014018443,-0.630327709723906,-1.706931408313228,-0.3486817023528502,-0.43933482822618297,1.6698254123044751,-0.5231067638972419,0.0,1.0,0.0,1.0,0.0,0.0,0.0
0.3758925386581335,-0.4692415054216836,-0.6262819024674328,1.2206340205700592,-1.3664649247995984,-0.593114491987492,0.49003738060172036,1.0,0.0,0.0,0.0,0.0,0.0,1.0
-1.51123262096751,0.969501031633781,1.5411629831910536,1.0886355018195344,0.5760568255541393,-0.12277796286014188,-1.3731441111394052,0.0,1.0,0.0,0.0,0.0,1.0,0.0
-0.9720540039316119,-0.8090671966893855,-0.28211296032128375,0.5313084226506505,-0.4761744347125441,0.9865063039496448,1.2961613593516688,1.0,0.0,0.0,0.0,0.0,1.0,0.0
-0.16328607837776465,0.5215489840536284,0.1388794064110593,0.42864290806690825,1.0941137917685892,-0.8060970712149713,-1.4099999739810856,1.0,0.0,0.0,1.0,0.0,0.0,0.0
0.9150711556940316,1.774932053144892,1.1140247424918148,1.0006364893191848,1.0994862343811829,1.7940652501871701,0.7096042230627956,1.0,0.0,0.0,0.0,1.0,0.0,0.0
0.9150711556940316,-0.0632160041667672,-0.32820701507300043,0.003314347648550597,0.5914066615901221,0.6581581609739484,0.9103510504557789,0.0,1.0,0.0,0.0,0.0,1.0,0.0
0.6454818471760826,0.25674974410477003,1.0351526932499893,-0.055351660685016194,1.0994862343811829,0.45404985588094715,0.16696045526613792,0.0,1.0,0.0,0.0,0.0,1.0,0.0
1.4542497727299297,-0.38538841277121194,0.08766379002026331,-1.1700058190227853,0.9805250051023094,1.1551175125047337,-0.5482001173213649,1.0,0.0,0.0,0.0,0.0,1.0,0.0
-0.4328753868957137,1.0864540292778604,1.5411629831910536,-0.436680714853201,1.0994862343811829,1.7940652501871701,-0.20002983856165948,1.0,0.0,0.0,0.0,0.0,0.0,1.0
-1.51123262096751,-0.4891014484178483,-0.9714751569413983,-1.82999841277541,-1.3649299411960003,1.4124714624046035,2.258334629707881,1.0,0.0,0.0,0.0,0.0,1.0,0.0
-0.9720540039316119,0.1486233877923194,-0.09568811665878701,0.4433094101503009,-1.1116576466022694,1.7940652501871701,1.3557580737339605,0.0,1.0,0.0,1.0,0.0,0.0,0.0
0.10630323014018443,-0.7671406503641497,0.4205652965604373,-0.8326762711047759,-0.23134454993860426,0.03695897156046727,-0.4635100495149499,0.0,1.0,0.0,0.0,0.0,0.0,1.0
0.3758925386581335,-0.714180802374378,-0.4490758697552797,0.003314347648550597,-0.0003295175970491545,-0.007412399111924074,0.6280508244343962,0.0,1.0,1.0,0.0,0.0,0.0,0.0
-1.241643312449561,0.12435012413034084,1.0853439973129688,0.25264488306620914,0.15777379357358315,-0.8415941677528846,2.258334629707881,1.0,0.0,1.0,0.0,0.0,0.0,0.0
0.10630323014018443,-0.22650886880189666,-0.36405794654655704,-0.1726836773521498,0.15777379357358315,-0.08728086632222865,0.47121736553362803,0.0,1.0,1.0,0.0,0.0,0.0,0.0
1.1846604642119807,-0.5530945980721556,-1.926134246465835,-0.8033432669379932,-1.1561721711066222,1.1994888831771242,-1.4099999739810856,0.0,1.0,0.0,0.0,0.0,0.0,1.0
0.10630323014018443,0.29426296976419164,-0.9960586528089799,0.5753079289008258,0.11863171168182432,0.9598834815462105,2.258334629707881,0.0,1.0,0.0,0.0,0.0,1.0,0.0
-1.241643312449561,-0.5972278047302986,-1.4252455181638501,1.0299694934859676,-1.935943841734594,1.0575004970254713,0.5778641175861503,0.0,1.0,0.0,0.0,0.0,1.0,0.0
-0.9720540039316119,-0.5398546360747125,0.38369005275906426,-0.9793412919386936,-0.6074155328202043,-1.4539190830318869,0.6813742004606573,1.0,0.0,0.0,0.0,0.0,1.0,0.0
-0.9720540039316119,1.8676117871269928,1.337324829955686,1.4406315518209352,1.0994862343811829,0.019210423291510258,-1.2978640508670365,0.0,1.0,0.0,0.0,0.0,1.0,0.0
0.9150711556940316,-1.4622386552299032,-1.926134246465835,0.5019754184838677,-2.0788891898196917,0.9421349332772543,0.4241673278633978,1.0,0.0,0.0,0.0,0.0,0.0,1.0
0.10630323014018443,-0.19561562414119676,0.04925207772716631,0.003314347648550597,0.24450036717689072,0.6581581609739484,-1.1598506070343604,0.0,1.0,0.0,0.0,1.0,0.0,0.0
1.4542497727299297,-0.01908279750862427,-1.2685257320080157,-1.5220018690241848,0.15777379357358315,1.2616088021184726,-0.585840147457549,1.0,0.0,0.0,0.0,0.0,1.0,0.0
-0.16328607837776465,-1.7270378951787617,-1.926134246465835,-0.14335067318536704,-2.0788891898196917,-0.610863040256449,2.165018721661924,0.0,1.0,0.0,0.0,1.0,0.0,0.0
-1.51123262096751,0.5325822857181643,-0.33230426438426475,1.601963074738244,1.0994862343811829,0.7025295316463398,2.258334629707881,1.0,0.0,0.0,0.0,0.0,0.0,1.0
0.3758925386581335,0.3251562144248919,0.2536023871264428,-0.6566782461040755,-1.424794301736337,0.13457598703972884,-1.0469305166258074,1.0,0.0,0.0,1.0,0.0,0.0,0.0
-1.51123262096751,1.1747204425941462,0.7964879208688801,-0.26068268985250065,1.0994862343811829,-1.507164727838757,-0.5105600871851804,1.0,0.0,0.0,1.0,0.0,0.0,0.0
-0.7024646954136627,0.07359693647347619,1.5411629831910536,0.42864290806690825,1.0994862343811829,0.5250440489567736,-0.5952501549915951,1.0,0.0,0.0,0.0,0.0,0.0,1.0
-0.9720540039316119,1.0379075019539024,0.6080144525507505,1.6312960789050268,1.0994862343811829,-0.5753659437185358,0.13245709430796884,0.0,1.0,0.0,1.0,0.0,0.0,0.0
0.10630323014018443,0.8679946563200517,0.9491104577134517,-0.02601865651823345,1.0994862343811829,0.019210423291510258,-0.9779237947094694,1.0,0.0,0.0,0.0,1.0,0.0,0.0
-0.7024646954136627,-1.851714203988016,-1.3310087840047868,-0.5980122377705087,-1.9520611695723769,0.19669590598107642,0.5025840573137819,1.0,0.0,1.0,0.0,0.0,0.0,0.0
-0.16328607837776465,1.8676117871269928,-1.873894317747224,-1.1260063127726099,-0.5053391231809128,0.11682743877077184,1.3494847353779298,1.0,0.0,0.0,1.0,0.0,0.0,0.0
1.7238390812478788,-1.37176558158071,0.10200416260968624,0.3993099039001255,0.5123550060048059,-0.32688626795314313,-1.2319939981287138,1.0,0.0,0.0,1.0,0.0,0.0,0.0
0.6454818471760826,-1.40265882624141,-0.7317860722324727,-0.7593437606878177,-1.4386091541687216,0.019210423291510258,-0.0933830865091372,0.0,1.0,0.0,0.0,0.0,1.0,0.0
0.6454818471760826,0.8812346183174943,-0.3189882041226568,-0.3486817023528502,1.0994862343811829,-0.3712576386255345,-1.4099999739810856,1.0,0.0,0.0,0.0,0.0,0.0,1.0
1.4542497727299297,-1.546091747880375,-0.6744245818747809,-1.8446649148588028,-2.0788891898196917,0.019210423291510258,0.6092308093663038,1.0,0.0,0.0,0.0,0.0,0.0,1.0
1.993428389765828,-1.4909252395576962,-0.6867163298085724,-0.436680714853201,-1.368767400204996,0.2854386473258599,-1.1504405995003144,1.0,0.0,0.0,0.0,0.0,0.0,1.0
-0.7024646954136627,-1.851714203988016,0.6233791374679899,-0.6273452419372928,-0.6949095982253115,0.9155121108738183,-0.47605672622701134,1.0,0.0,1.0,0.0,0.0,0.0,0.0
0.9150711556940316,-0.01908279750862427,0.2669184473880493,1.57263007057146,1.0994862343811829,-0.9658340056355805,2.258334629707881,1.0,0.0,0.0,1.0,0.0,0.0,0.0
0.3758925386581335,-0.11176253149072474,1.1119761178361833,0.8979709747354425,-1.2444337283135287,0.019210423291510258,-0.2564898837659359,1.0,0.0,0.0,0.0,0.0,1.0,0.0
0.6454818471760826,-0.01908279750862427,-1.0165448993652986,-0.5980122377705087,0.6082914812297041,1.6875739605734312,-0.1623898084254751,1.0,0.0,0.0,0.0,0.0,0.0,1.0
0.9150711556940316,0.6208486990344506,1.2523069067469648,1.6752955851552023,1.0994862343811829,0.9066378367393402,-0.1623898084254751,1.0,0.0,1.0,0.0,0.0,0.0,0.0
-0.9720540039316119,-0.16472237948049648,0.04925207772716631,-0.20201668151893384,-0.8054284176843939,-0.3623833644910564,1.4310381340063292,0.0,1.0,0.0,0.0,0.0,0.0,1.0
-1.51123262096751,-0.01908279750862427,0.23311614057012411,1.4112985476541524,1.0994862343811829,-0.4866232023737523,-0.127886447467306,1.0,0.0,0.0,1.0,0.0,0.0,0.0
-0.16328607837776465,0.34942947808687047,-0.5371667299474487,-0.9206752836051267,0.4678404815004533,1.323728721059821,-0.6485735310178563,1.0,0.0,0.0,1.0,0.0,0.0,0.0
-0.4328753868957137,0.2126165374466271,0.04925207772716631,0.5166419205672591,-0.22750709092960855,1.048626222890993,-0.1623898084254751,1.0,0.0,0.0,0.0,1.0,0.0,0.0
0.6454818471760826,-0.39200839376993324,-1.926134246465835,0.941970480985618,-0.9934639091251946,0.3386842921327293,-0.3129499289702126,0.0,1.0,1.0,0.0,0.0,0.0,0.0
0.9150711556940316,0.7466283380101584,0.8804815317497848,1.2499670247368433,0.8354690545622635,-0.0340352215153592,-0.585840147457549,0.0,1.0,1.0,0.0,0.0,0.0,0.0
1.4542497727299297,1.4549663048733548,-0.4214194369042488,1.6752955851552023,1.0994862343811829,-0.4954974765082304,-1.4099999739810856,0.0,1.0,0.0,0.0,0.0,1.0,0.0
-0.4328753868957137,-1.2548125839366306,-0.9325512884843938,-1.6246673836079268,-1.078655499124904,-0.0429094956498373,0.7378342456649337,0.0,1.0,0.0,0.0,0.0,0.0,1.0
-0.16328607837776465,0.2611630647705842,-1.926134246465835,-0.5100132252701591,-2.0788891898196917,0.1700730835776421,2.258334629707881,1.0,0.0,0.0,0.0,0.0,1.0,0.0
0.3758925386581335,0.9981876159615738,-0.21348403435761693,0.6779734434845681,0.4801203503292411,0.7114038057808179,-0.8116803282746553,0.0,1.0,0.0,0.0,0.0,1.0,0.0
-0.16328607837776465,-0.30153532012073986,0.04925207772716631,0.01798084973194197,-0.3349559431814938,-0.610863040256449,-0.20943984609570565,1.0,0.0,0.0,0.0,0.0,1.0,0.0
-1.241643312449561,-1.5416784272145607,-1.0892710746402297,-0.1726836773521498,-2.0788891898196917,0.48954695241886037,-0.3599999666404429,1.0,0.0,1.0,0.0,0.0,0.0,0.0
-0.16328607837776465,0.314122912760356,1.150899986293188,0.6633069414011754,1.0994862343811829,1.2438602538495163,1.2522479908594535,0.0,1.0,0.0,0.0,0.0,0.0,1.0
1.1846604642119807,1.2651935162433396,-0.05369131121833318,0.25264488306620914,1.0994862343811829,0.8267693695290357,0.18891713951224556,0.0,1.0,0.0,0.0,0.0,0.0,1.0
0.9150711556940316,0.20599655644790538,0.364228118530562,0.941970480985618,-0.046379025705000916,-1.0723252952493203,0.3175205758108755,0.0,1.0,1.0,0.0,0.0,0.0,0.0
-1.51123262096751,0.958467729969245,-0.7563695681000557,0.003314347648550597,-0.1323381075065089,1.1639917866392118,1.5721882470170203,1.0,0.0,0.0,0.0,0.0,0.0,1.0
-0.7024646954136627,1.8676117871269928,1.1683132958660587,-0.8473427731881673,1.0994862343811829,0.46292413001542526,-0.2690365604779974,1.0,0.0,0.0,0.0,0.0,0.0,1.0
1.1846604642119807,1.5983992265123195,0.3857386774146957,0.6633069414011754,1.0994862343811829,1.0663747711599494,0.15441377855407648,1.0,0.0,0.0,0.0,0.0,0.0,1.0
-1.51123262096751,-0.4140749970990047,0.3406689349907954,-0.6273452419372928,0.9498253330303417,-1.8355128708144544,0.9417177422359324,0.0,1.0,0.0,0.0,0.0,0.0,1.0
0.6454818471760826,-1.2923258095960521,0.083566540708999,0.6046409330676086,-0.7954510242610049,0.23219300251898964,-0.011829687880737827,0.0,1.0,1.0,0.0,0.0,0.0,0.0
0.10630323014018443,1.8676117871269928,0.6766433785144172,-0.08468466485180025,0.9321730215889601,-0.5576173954495788,1.3338013894878529,1.0,0.0,0.0,0.0,1.0,0.0,0.0
0.6454818471760826,0.03167039014824037,-0.22270284530796056,0.8539714684852672,-0.6173929262435944,1.767442427783736,-0.6736668844419792,0.0,1.0,0.0,0.0,0.0,1.0,0.0
0.10630323014018443,-1.851714203988016,-1.926134246465835,-1.8446649148588028,-2.0788891898196917,-1.1699423107285818,0.3896639669052287,1.0,0.0,0.0,0.0,0.0,0.0,1.0
-0.7024646954136627,-0.01908279750862427,-0.991961403497717,0.003314347648550597,0.777139677625525,0.14345026117420695,-0.6862135611540406,1.0,0.0,0.0,0.0,1.0,0.0,0.0
-1.51123262096751,0.9650877109679667,0.954232019352531,0.3993099039001255,1.0994862343811829,-0.07840659218775053,1.0954145319586852,1.0,0.0,0.0,0.0,1.0,0.0,0.0
0.6454818471760826,0.08021691747219752,-1.1476568773257365,0.8539714684852672,0.24296538357329264,1.0042548522186026,0.15441377855407648,1.0,0.0,0.0,0.0,0.0,0.0,1.0
-0.16328607837776465,0.22585649944406974,1.5411629831910536,1.3232995351538015,-0.6028105820094101,1.7940652501871701,0.1763704628001841,1.0,0.0,0.0,0.0,1.0,0.0,0.0
0.6454818471760826,0.9319878059743589,1.2963523368430485,1.8366271080725112,1.0994862343811829,0.15232453530868506,-0.40705000431067345,1.0,0.0,0.0,0.0,0.0,1.0,0.0
0.3758925386581335,-1.0650397953066155,-0.14485510839395013,-0.6713447481874681,0.15777379357358315,-0.6907315074667536,2.258334629707881,1.0,0.0,0.0,0.0,0.0,0.0,1.0
-0.4328753868957137,-1.228332659941745,0.6008442662560383,0.41397640598351687,-0.5176189920096995,-0.40675473516344773,-0.09024641733112189,1.0,0.0,0.0,0.0,0.0,0.0,1.0
0.10630323014018443,-1.444585372566646,-0.9468916610738167,-0.011352154434842079,-0.26050923840697293,0.9155121108738183,2.258334629707881,0.0,1.0,0.0,0.0,0.0,1.0,0.0
-0.16328607837776465,0.38473604341338496,-0.2575294644537022,-0.568679233603726,0.947522857624944,0.6226610644360352,0.14500377102003031,1.0,0.0,0.0,0.0,0.0,0.0,1.0
0.10630323014018443,1.0423208226197167,0.5793337073719046,0.6779734434845681,0.13705151492500436,0.6049125161670782,1.8827184956405412,1.0,0.0,0.0,0.0,0.0,1.0,0.0
-0.16328607837776465,0.991567634962852,0.2341404528979391,1.8366271080725112,0.15777379357358315,-0.6286115885254052,1.0452278251104394,0.0,1.0,0.0,0.0,0.0,0.0,1.0
1.4542497727299297,-1.5505050685461894,0.19624089676875106,-0.7886767648546005,-1.0663756302961174,-1.507164727838757,-0.7552202830703787,0.0,1.0,1.0,0.0,0.0,0.0,0.0
1.993428389765828,-0.14706909681723923,-0.050618374234886764,0.003314347648550597,0.2283830393391083,0.2854386473258599,0.16382378608812265,0.0,1.0,0.0,1.0,0.0,0.0,0.0
-0.7024646954136627,-1.851714203988016,0.5557745238321381,-1.2726713336065263,-1.6788340881318673,1.030877674622037,-0.2941299139021203,1.0,0.0,0.0,0.0,0.0,0.0,1.0
0.3758925386581335,1.4130397585481185,-0.4480515574274633,1.0446359955693603,0.32508700636580495,-0.619737314390927,-0.6234801775937333,1.0,0.0,0.0,1.0,0.0,0.0,0.0
0.9150711556940316,-1.0562131539749868,-1.926134246465835,-0.36334820443624155,0.15777379357358315,-0.4954974765082304,-0.8085436590966398,1.0,0.0,0.0,1.0,0.0,0.0,0.0
-0.16328607837776465,-0.8664403653449715,0.6397681347130443,-0.7740102627712091,-0.007236943813242082,-0.6729829591977966,0.18891713951224556,1.0,0.0,0.0,0.0,0.0,1.0,0.0
0.3758925386581335,0.26557638543639844,0.7831718606072722,-0.040685158601624825,0.770232251409332,-0.19377215593596833,-0.5544734556773955,1.0,0.0,1.0,0.0,0.0,0.0,0.0
0.3758925386581335,-1.4467920328995532,0.390860239053775,-0.5393462294369419,-0.908272319125485,-0.9747082797700586,1.076594516890593,1.0,0.0,0.0,0.0,0.0,0.0,1.0
-0.7024646954136627,0.7157350933494582,0.31198818981194953,-0.6420117440206842,0.3642290882575638,0.3120614697292942,0.988767779906163,1.0,0.0,0.0,0.0,0.0,0.0,1.0
0.9150711556940316,-0.12500249348816778,0.03952111061291518,1.2646335268202347,0.5115875142030074,0.1878216318465983,0.4367140045754592,0.0,1.0,0.0,0.0,0.0,1.0,0.0
0.6454818471760826,1.7969986564739637,1.5411629831910536,1.1913010164032765,1.0994862343811829,1.1817403349081679,-1.225720659772683,1.0,0.0,0.0,0.0,0.0,1.0,0.0
0.3758925386581335,0.40238932607664224,1.5411629831910536,-0.3780147065196342,0.1761935968167632,-1.8355128708144544,-0.5952501549915951,1.0,0.0,0.0,0.0,1.0,0.0,0.0
0.6454818471760826,1.6866656398286062,0.8753599701107055,-0.2166831836023252,0.15777379357358315,0.08133034223285861,1.1926512764771617,0.0,1.0,0.0,0.0,0.0,0.0,1.0
-1.51123262096751,-1.6211181991992183,-1.926134246465835,-0.9646747898553009,-2.0788891898196917,-1.8355128708144544,-0.3599999666404429,0.0,1.0,0.0,1.0,0.0,0.0,0.0
0.10630323014018443,0.3913560244121063,0.16858446391772017,0.8393049664018758,0.6090589730315037,-0.45112610583583906,-0.9120537419711469,0.0,1.0,0.0,0.0,1.0,0.0,0.0
-1.241643312449561,0.20378989611499826,-1.926134246465835,-0.7593437606878177,-0.6626749425497456,-0.7883485229460143,-0.1623898084254751,1.0,0.0,0.0,0.0,1.0,0.0,0.0
0.9150711556940316,-0.7053541610427492,0.5506529621930587,0.5313084226506505,-0.18759751723605014,-1.8355128708144544,-1.2570873515528367,1.0,0.0,0.0,0.0,0.0,1.0,0.0
-0.9720540039316119,0.9937742952957596,0.7196644962826861,-0.18735017943554247,0.15240135096098828,0.6492838868394702,-1.4099999739810856,1.0,0.0,1.0,0.0,0.0,0.0,0.0
0.10630323014018443,1.8676117871269928,1.3506408902172924,1.1913010164032765,1.0994862343811829,1.4923399296149082,-1.2288573289506983,0.0,1.0,1.0,0.0,0.0,0.0,0.0
0.3758925386581335,-0.8443737620159,-1.1865807457827409,-1.067340304439043,-2.0788891898196917,1.0220034004875589,0.27360720731866023,0.0,1.0,0.0,1.0,0.0,0.0,0.0
0.9150711556940316,0.8084148273315586,0.6920080634316552,-1.5953343794411443,0.8654012348324317,1.1817403349081679,-0.40391333513265815,0.0,1.0,0.0,0.0,1.0,0.0,0.0
1.993428389765828,0.036083710814054586,-0.9970829651367963,0.6926399455679595,0.11632923627642668,1.5100884778838644,-1.4099999739810856,0.0,1.0,0.0,0.0,0.0,1.0,0.0
1.993428389765828,1.5167527941947554,-0.8977246693386521,0.5313084226506505,1.0994862343811829,-1.1965651331320162,-1.2163106522386369,0.0,1.0,0.0,1.0,0.0,0.0,0.0
0.3758925386581335,-0.6413610113884418,-0.2636753384205979,1.8366271080725112,0.42946589141049407,-0.7173543298701879,1.067184509356547,0.0,1.0,0.0,0.0,0.0,1.0,0.0
-0.9720540039316119,0.3913560244121063,0.08766379002026331,-0.45134721693659235,1.0994862343811829,0.5339183230912518,-1.4099999739810856,1.0,0.0,0.0,0.0,0.0,0.0,1.0
-0.9720540039316119,0.8393080719922589,-0.7481750694775271,0.7219729497347422,-0.8768051552517186,-0.5043717506427093,0.6060941401882886,1.0,0.0,0.0,0.0,0.0,0.0,1.0
1.993428389765828,-0.18678898280956796,0.7268346825773968,-1.2140053252729595,0.8891934806882067,-0.6907315074667536,0.640597501146458,1.0,0.0,0.0,0.0,0.0,0.0,1.0
-0.16328607837776465,0.9386077869730807,0.2495051378151785,-0.11401766901858298,1.0994862343811829,-0.9125883608287111,-1.4099999739810856,0.0,1.0,0.0,0.0,1.0,0.0,0.0
0.9150711556940316,-0.4537948830913338,0.13580646942761143,0.12064636431568289,-0.41861254957760524,0.4185527593430339,0.973084434016086,1.0,0.0,0.0,0.0,0.0,1.0,0.0
-1.51123262096751,1.7771387134777994,1.1242678657699747,1.073968999736143,0.5453571534821714,0.5250440489567736,-0.6893502303320559,0.0,1.0,0.0,0.0,0.0,0.0,1.0
1.7238390812478788,-0.7539006883667067,-0.2370432178973835,0.14997936848246693,-1.397932088673366,1.7940652501871701,-0.1623898084254751,0.0,1.0,0.0,0.0,0.0,1.0,0.0
1.4542497727299297,0.9827409936312236,1.5411629831910536,1.4259650497375438,1.0994862343811829,-0.5487431213151006,-0.705033576222133,1.0,0.0,0.0,0.0,0.0,1.0,0.0
1.993428389765828,-0.7318340850376353,1.5411629831910536,0.19397887473264236,0.861563775823436,0.43630130761199093,-1.0061538173116076,1.0,0.0,0.0,1.0,0.0,0.0,0.0
1.993428389765828,0.32074289375907733,1.5411629831910536,-0.26068268985250065,0.3910913013205348,0.6759067092429046,0.5872741251201967,1.0,0.0,0.0,0.0,0.0,1.0,0.0
-0.9720540039316119,-1.2901191492631452,-0.30669645618886676,-0.5100132252701591,-0.5398762542618764,0.7823979988566443,-0.06515306390699897,1.0,0.0,0.0,1.0,0.0,0.0,0.0
-1.241643312449561,0.40459598640954936,-0.22065422065232915,0.4433094101503009,1.0994862343811829,-1.5515360985111484,2.258334629707881,1.0,0.0,0.0,1.0,0.0,0.0,0.0
0.9150711556940316,-0.9458801373296292,-1.926134246465835,-0.5980122377705087,-1.4539589902047056,0.6670324351084265,0.6813742004606573,1.0,0.0,0.0,0.0,1.0,0.0,0.0
1.4542497727299297,0.24571644244023408,0.37651986646435204,-0.5540127315203346,1.051901742669633,0.47179840414990415,-0.6297535159497643,1.0,0.0,0.0,0.0,0.0,1.0,0.0
0.6454818471760826,-0.6634276147175133,1.3322032683166052,-0.8766757773549513,-0.704119499846902,0.45404985588094715,0.07286037992567711,1.0,0.0,0.0,0.0,1.0,0.0,0.0
-0.7024646954136627,1.8212719201359424,0.04259404759636306,-0.24601618776910925,1.0994862343811829,1.4568428330769958,-1.4099999739810856,1.0,0.0,0.0,0.0,1.0,0.0,0.0
1.1846604642119807,-1.1157929829634798,0.5762607703884567,0.20864537681603373,-0.9689041714676211,0.43630130761199093,0.7566542607330261,1.0,0.0,0.0,0.0,0.0,1.0,0.0
-0.9720540039316119,-0.01908279750862427,-0.12129592485418501,0.1646458705658583,1.0994862343811829,1.4302200106735599,-1.279044035798944,1.0,0.0,0.0,0.0,0.0,0.0,1.0
0.10630323014018443,-1.7071779521825974,0.7104456853323425,-1.6393338856913182,-0.8514779257923457,-0.5487431213151006,-0.7959969823845784,1.0,0.0,0.0,0.0,0.0,0.0,1.0
0.3758925386581335,1.4284863808784687,0.4717809129512333,1.3966320455707597,-0.1852950418306525,-0.8682169901563197,-1.4099999739810856,0.0,1.0,0.0,0.0,1.0,0.0,0.0
1.993428389765828,-0.4493815624255192,-0.000427070171905753,-0.45134721693659235,1.0994862343811829,-1.8355128708144544,-1.122210576898176,1.0,0.0,0.0,0.0,0.0,0.0,1.0
-0.9720540039316119,-0.6612209543846062,-1.3105225374484681,0.41397640598351687,-0.2528343203889815,1.7141967829768656,0.5935474634762273,0.0,1.0,1.0,0.0,0.0,0.0,0.0
-0.9720540039316119,0.8194481289960945,0.17985189952369524,-0.3926812086030256,0.32355202276220685,0.14345026117420695,0.4649440271775975,1.0,0.0,0.0,0.0,0.0,0.0,1.0
-0.9720540039316119,-0.8730603463436928,-0.9909370911699006,1.1179685059863185,1.0994862343811829,1.3503515434632551,-1.2759073666209289,0.0,1.0,0.0,0.0,1.0,0.0,0.0
0.6454818471760826,-1.851714203988016,-0.4009331903479301,-0.36334820443624155,-1.0210936139899651,-0.3712576386255345,1.1801045997650998,0.0,1.0,1.0,0.0,0.0,0.0,0.0
-1.241643312449561,-0.01908279750862427,-0.4726350532950448,-0.30468219610267605,0.15777379357358315,-0.45112610583583906,0.19832714704629173,1.0,0.0,0.0,0.0,0.0,0.0,1.0
0.6454818471760826,-0.07424930583130313,1.337324829955686,1.1473015101531012,-0.42628746759559666,1.2172374314460803,0.1795071319781994,0.0,1.0,0.0,0.0,0.0,0.0,1.0
-1.241643312449561,-1.851714203988016,-0.6027227189276677,-1.0380073002722603,-1.7924228747981465,-0.5221202989116656,-0.9246004186832083,1.0,0.0,0.0,0.0,0.0,1.0,0.0
-0.9720540039316119,0.9099212026452879,0.32530425007355607,-1.1700058190227853,0.33966935059998926,-0.6463601367943622,-0.10279309404318336,0.0,1.0,0.0,0.0,0.0,0.0,1.0
-1.51123262096751,-0.01908279750862427,-1.1435596280144722,0.6046409330676086,0.06951223636667643,0.06358179396390239,-1.0594771933378688,1.0,0.0,0.0,0.0,0.0,1.0,0.0
-0.16328607837776465,0.08021691747219752,0.30276937886160593,-0.436680714853201,-0.17531764840726344,-0.42450328343240473,-0.723853591290225,1.0,0.0,0.0,1.0,0.0,0.0,0.0
0.10630323014018443,1.8190652598030348,1.5411629831910536,1.8366271080725112,1.0994862343811829,-1.4716676313008439,0.006990327187354506,0.0,1.0,0.0,0.0,0.0,0.0,1.0
1.7238390812478788,0.397976005410828,0.8323388523424368,0.6633069414011754,-0.03333166507441464,-0.45112610583583906,-0.1623898084254751,1.0,0.0,1.0,0.0,0.0,0.0,0.0
0.9150711556940316,0.2810230077667486,-1.6137189864819796,0.07664685806550876,-0.3349559431814938,-1.8355128708144544,0.7629275990890567,0.0,1.0,0.0,0.0,1.0,0.0,0.0
1.7238390812478788,-0.19120230347538217,-1.197848181388716,0.13531286639907555,-0.021051796245626846,-0.24701780074283858,0.11677374841789209,0.0,1.0,0.0,0.0,0.0,0.0,1.0
-0.9720540039316119,1.8080319581384998,0.04925207772716631,0.5606414268174345,0.15777379357358315,1.0929975935633853,0.3175205758108755,1.0,0.0,0.0,0.0,0.0,1.0,0.0
-0.16328607837776465,-0.07204264549839602,0.6551328196302821,0.6193074351510013,-0.14308299273169753,-0.2381435266083597,-0.783450305672517,0.0,1.0,0.0,0.0,0.0,1.0,0.0
-0.7024646954136627,0.20378989611499826,-0.8075851844908517,0.17931237264924968,0.41872100618530544,-0.7705999746770581,-0.2658998912999821,0.0,1.0,0.0,0.0,1.0,0.0,0.0
-0.4328753868957137,1.443933003208819,0.7790746112960093,0.047313853898724716,1.0994862343811829,0.2055701801155553,-0.6956235686880868,1.0,0.0,1.0,0.0,0.0,0.0,0.0
0.3758925386581335,1.7506587894829133,1.1611431095713478,-0.45134721693659235,1.0994862343811829,0.34755856626720744,-0.664256876907933,1.0,0.0,0.0,1.0,0.0,0.0,0.0
0.6454818471760826,-0.7494873677008924,-0.5289722313249201,-1.3900033502736597,-0.8614553192157347,0.40967848520855576,-0.1623898084254751,1.0,0.0,0.0,1.0,0.0,0.0,0.0
-1.51123262096751,1.8676117871269928,0.46153778967307324,0.6046409330676086,0.15777379357358315,0.8090208212600795,0.16068711691010734,0.0,1.0,0.0,1.0,0.0,0.0,0.0
1.1846604642119807,-0.5707478807354128,0.2597482610933371,-0.994007794022085,0.0219277446551266,-1.4627933571663658,1.6568783148234356,0.0,1.0,0.0,1.0,0.0,0.0,0.0
0.6454818471760826,0.41121596740827066,-1.300279414170308,0.5313084226506505,-0.03256417327261506,0.44517558174646904,2.258334629707881,1.0,0.0,0.0,0.0,0.0,1.0,0.0
-0.4328753868957137,0.7885548843353942,0.38369005275906426,-0.8913422794383427,-0.763216368585439,-0.4866232023737523,0.4210306586853825,1.0,0.0,0.0,0.0,1.0,0.0,0.0
-0.4328753868957137,-0.27064207546004,0.09278535165934261,-0.36334820443624155,-1.9060116614644256,-0.6996057816012317,-0.48546673376105753,1.0,0.0,0.0,0.0,0.0,1.0,0.0
0.10630323014018443,-0.01908279750862427,-1.618840548121059,-1.8446649148588028,-0.822313237323977,0.7291523540497749,2.258334629707881,1.0,0.0,0.0,0.0,0.0,0.0,1.0
0.9150711556940316,-0.8642337050120644,-1.789900706866318,-0.12868417110197566,-0.37486551687505115,1.518962752018344,0.47121736553362803,1.0,0.0,0.0,0.0,0.0,0.0,1.0
0.9150711556940316,-0.49572142941656966,-0.8690439241598064,-0.02601865651823345,-0.4447072708387778,0.40967848520855576,-1.3323674118252053,0.0,1.0,1.0,0.0,0.0,0.0,0.0
1.7238390812478788,1.262986855910432,-0.09261517967533914,1.6899620872385936,1.0994862343811829,-0.6463601367943622,0.1826438011562147,0.0,1.0,0.0,1.0,0.0,0.0,0.0
0.9150711556940316,-0.2441621514651539,-1.5686492440580795,-1.1113398106892185,-0.4193800413794048,-1.4450448088974088,-0.6046601625256413,1.0,0.0,0.0,0.0,1.0,0.0,0.0
-0.16328607837776465,0.6716018866913152,-0.000427070171905753,0.5899744309842172,0.2989922851046324,0.8178950953945575,-0.1623898084254751,1.0,0.0,0.0,0.0,0.0,0.0,1.0
1.993428389765828,0.4001826657437351,-0.05983718518522894,0.8393049664018758,0.5745218419505401,-0.5309945730461436,1.6662883223574814,1.0,0.0,0.0,0.0,0.0,0.0,1.0
-0.4328753868957137,-1.851714203988016,-1.4098808332466122,-1.492668864857402,-2.0788891898196917,0.23219300251898964,0.2046004854023223,1.0,0.0,1.0,0.0,0.0,0.0,0.0
-0.16328607837776465,0.713528433016551,0.10200416260968624,0.12064636431568289,0.13398154771780824,1.075249045294429,-0.498013410473119,1.0,0.0,0.0,0.0,0.0,1.0,0.0
-0.7024646954136627,0.24130312177441987,-1.4477803893758017,0.3113108913997759,0.1677511869969722,0.019210423291510258,-0.4352800269128117,0.0,1.0,0.0,0.0,0.0,0.0,1.0
0.3758925386581335,1.8676117871269928,1.5411629831910536,-0.08468466485180025,1.0994862343811829,-0.300263445549708,-1.3668707727833744,1.0,0.0,0.0,1.0,0.0,0.0,0.0
1.1846604642119807,0.2545430837718629,-0.028083503022935184,0.23797838098281646,0.7825121202381199,0.24994155078794664,0.6217774860783656,0.0,1.0,0.0,0.0,0.0,0.0,1.0
-1.51123262096751,0.8900612596491235,0.34783912128550615,1.176634514319885,0.8891934806882067,0.019210423291510258,-0.1623898084254751,0.0,1.0,0.0,0.0,0.0,0.0,1.0
0.9150711556940316,0.7863482240024872,0.7841961729350886,0.13531286639907555,1.0994862343811829,1.1462432383702539,-0.6109335008816719,1.0,0.0,0.0,0.0,0.0,1.0,0.0
0.6454818471760826,-1.517405163552582,-0.7963177488848752,0.20864537681603373,0.06030233474508586,-0.33576054208762124,0.18578047033423026,1.0,0.0,0.0,0.0,0.0,0.0,1.0
-0.9720540039316119,0.24130312177441987,1.5411629831910536,0.003314347648550597,1.0994862343811829,1.1373689642357758,-0.19689316938364418,1.0,0.0,1.0,0.0,0.0,0.0,0.0
0.9150711556940316,0.32074289375907733,-0.8434361159644083,-0.9500082877719095,0.47091044870765053,0.0724560680983805,-0.9496937721073312,1.0,0.0,0.0,0.0,0.0,1.0,0.0
0.9150711556940316,0.34060283675524206,-1.926134246465835,-0.7593437606878177,-1.1676845481336102,0.09020461636733672,-0.7113069145781635,0.0,1.0,0.0,0.0,1.0,0.0,0.0
0.6454818471760826,1.4130397585481185,-0.7563695681000557,1.8366271080725112,-0.23134454993860426,-0.06953231805327242,-1.285317374154975,0.0,1.0,0.0,0.0,0.0,0.0,1.0
1.993428389765828,0.44872919306769227,0.20955695703035757,-0.46601371901998373,1.0994862343811829,1.7940652501871701,-0.5387901097873187,1.0,0.0,0.0,1.0,0.0,0.0,0.0
0.10630323014018443,-1.7226245745129474,-1.926134246465835,-0.2166831836023252,0.2414303999696935,-0.46887465410479606,0.21401049293636848,1.0,0.0,0.0,0.0,1.0,0.0,0.0
-1.51123262096751,-0.5619212394037845,-0.7276888229212098,-0.7006777523542509,-0.11008084525433315,0.5960382420326,0.06972371074766182,0.0,1.0,0.0,0.0,0.0,0.0,1.0
-0.7024646954136627,0.3251562144248919,-0.34049876300679194,0.13531286639907555,0.7134378580761928,1.4302200106735599,0.2641971997846143,1.0,0.0,0.0,0.0,1.0,0.0,0.0
1.1846604642119807,-0.5332346550759912,1.2553798437304111,-0.14335067318536704,0.32355202276220685,-1.3208049710147127,0.96367442648204,1.0,0.0,1.0,0.0,0.0,0.0,0.0
-0.9720540039316119,0.34060283675524206,1.3301546436609737,-0.8473427731881673,1.0994862343811829,-0.6907315074667536,2.258334629707881,1.0,0.0,0.0,0.0,0.0,0.0,1.0
0.10630323014018443,1.8676117871269928,1.1427054876706606,0.3259773934831673,1.0994862343811829,-0.2558920748773167,-0.9371470953952697,0.0,1.0,0.0,0.0,0.0,0.0,1.0
-0.16328607837776465,-0.559714579070877,-1.6874694740847258,-0.3486817023528502,-0.3357234349832934,1.1462432383702539,-1.3323674118252053,1.0,0.0,0.0,1.0,0.0,0.0,0.0
0.6454818471760826,1.8676117871269928,0.6346465730739649,1.8366271080725112,1.0994862343811829,0.23219300251898964,1.3683047504460222,0.0,1.0,0.0,0.0,0.0,0.0,1.0
-0.16328607837776465,0.2986762904300058,-0.5187291080467615,0.7953054601517003,-0.3480033038120801,-0.0340352215153592,1.7478417209858808,1.0,0.0,0.0,0.0,0.0,1.0,0.0
-0.4328753868957137,-0.7649339900312426,-0.2595780891093336,-1.331337341940093,1.0864388737505968,1.2172374314460803,0.5621807716960738,1.0,0.0,0.0,0.0,1.0,0.0,0.0
0.6454818471760826,0.15745002912394823,1.5411629831910536,0.7953054601517003,0.4164185307799078,-0.4600003799703172,-1.4099999739810856,1.0,0.0,0.0,0.0,0.0,0.0,1.0
-0.4328753868957137,-1.851714203988016,-0.011694505777880814,-0.15801717526875841,-2.0788891898196917,1.048626222890993,-1.4099999739810856,0.0,1.0,0.0,0.0,0.0,0.0,1.0
0.9150711556940316,-1.2790858475986093,1.0290068192830935,-1.4486693586072266,-1.5314756621864236,-0.4600003799703172,0.7754742758011184,1.0,0.0,0.0,0.0,0.0,1.0,0.0
-0.4328753868957137,0.7951748653341155,0.04925207772716631,0.9273039789022266,1.0994862343811829,-0.7528514264081011,0.6625541853925655,1.0,0.0,0.0,0.0,0.0,0.0,1.0
1.1846604642119807,0.08463023813801213,0.927599898829318,1.4846310580711104,-1.6450644488527033,1.0575004970254713,-0.07769974061906043,1.0,0.0,0.0,0.0,1.0,0.0,0.0
-0.9720540039316119,0.5105156823890928,-0.6406222750568558,0.2673113851496005,0.1025143838440419,0.6492838868394702,0.6374608319684426,1.0,0.0,0.0,0.0,0.0,0.0,1.0
-0.16328607837776465,1.730798846486749,0.41646804724917297,1.8366271080725112,1.0634141196966214,0.2676900990569029,-1.4099999739810856,1.0,0.0,0.0,0.0,0.0,0.0,1.0
-0.7024646954136627,-0.22650886880189666,-0.12334454950981644,-0.8473427731881673,0.16237874438437844,-0.7883485229460143,-0.2564898837659359,0.0,1.0,0.0,0.0,0.0,1.0,0.0
0.10630323014018443,-0.6104677667277416,0.3263285624013725,1.235300522653452,-0.8921549912877026,-1.6047817433180178,0.2202838312923991,0.0,1.0,0.0,1.0,0.0,0.0,0.0
-0.7024646954136627,0.4619691550651353,-0.09466380433097056,-0.24601618776910925,0.6113614484369013,-1.8355128708144544,0.4367140045754592,0.0,1.0,0.0,0.0,0.0,1.0,0.0
1.4542497727299297,0.1442100671265052,-0.5535557271925031,-1.5366683711075775,-0.0018645012006472193,0.7646494505876881,1.0954145319586852,1.0,0.0,1.0,0.0,0.0,0.0,0.0
0.9150711556940316,1.3005000815698542,0.159365652967378,1.7779610997389446,1.0994862343811829,0.6404096127049914,0.2798805456746911,0.0,1.0,0.0,0.0,1.0,0.0,0.0
-0.4328753868957137,0.8569613546555161,-0.198119349440379,0.7073064476513509,0.15086636735739023,-1.8355128708144544,1.1456012388069312,1.0,0.0,0.0,1.0,0.0,0.0,0.0
-0.16328607837776465,1.8676117871269928,0.08049360372555112,1.2646335268202347,1.0994862343811829,0.6315353385705132,-0.24394320705387446,1.0,0.0,0.0,0.0,0.0,0.0,1.0
0.10630323014018443,-0.32801524411562594,0.04925207772716631,1.3966320455707597,0.5952441205991189,0.40080421107407765,-0.2658998912999821,1.0,0.0,0.0,1.0,0.0,0.0,0.0
0.10630323014018443,-1.245985942605002,-0.9622563459910547,-1.5073353669407934,-0.15920032056948105,-1.0013311021734936,0.5088573956698125,1.0,0.0,0.0,0.0,0.0,0.0,1.0
-0.16328607837776465,-0.041149400837695735,0.36320380620274556,-1.7126663961082778,1.0994862343811829,0.36530711453616443,0.5214040723818739,1.0,0.0,0.0,1.0,0.0,0.0,0.0
0.6454818471760826,-0.398628374768655,0.04925207772716631,-0.26068268985250065,0.6075239894279055,-1.0013311021734936,-1.0877072159400072,1.0,0.0,0.0,0.0,0.0,0.0,1.0
-0.9720540039316119,-0.8840936480082288,0.9470618330578202,1.0153029914025762,0.15777379357358315,0.39192993693959954,-1.0626138625158843,1.0,0.0,0.0,0.0,0.0,1.0,0.0
-0.9720540039316119,-0.01908279750862427,1.0761251863626253,0.2819778872329919,1.050366759066035,0.37418138867064255,0.09168039499376916,0.0,1.0,0.0,0.0,0.0,0.0,1.0
-1.241643312449561,1.6954922811602344,-0.1428064837383187,1.1179685059863185,1.0994862343811829,-0.8060970712149713,-0.4352800269128117,1.0,0.0,0.0,0.0,1.0,0.0,0.0
-1.51123262096751,-1.4225187692375745,-1.926134246465835,0.20864537681603373,0.17005366240236985,-0.1760236076670121,0.4116206511513363,0.0,1.0,1.0,0.0,0.0,0.0,0.0
0.9150711556940316,0.0007771454875400869,-0.7123241380039704,-1.8446649148588028,-1.068678105701515,0.019210423291510258,-0.9967438097775616,0.0,1.0,0.0,0.0,0.0,1.0,0.0
0.6454818471760826,-0.01908279750862427,0.5844552690109839,1.1179685059863185,-1.572920219483579,-0.9125883608287111,-0.3254966056822741,1.0,0.0,0.0,0.0,0.0,1.0,0.0
0.3758925386581335,1.8676117871269928,0.09380966398715906,0.003314347648550597,1.0994862343811829,0.294312921460338,-1.0657505316938995,1.0,0.0,0.0,1.0,0.0,0.0,0.0
-0.7024646954136627,-1.245985942605002,-0.30669645618886676,-1.2140053252729595,1.0994862343811829,-0.44225183170136095,0.08540705663773858,1.0,0.0,0.0,0.0,0.0,0.0,1.0
-0.16328607837776465,-1.0098732869839366,0.5004616581300791,-0.20201668151893384,-1.0372109418277486,-0.593114491987492,0.5402240874499662,1.0,0.0,0.0,0.0,1.0,0.0,0.0
0.6454818471760826,-0.01908279750862427,-0.7696856283616622,0.14997936848246693,-1.3127404986736564,0.46292413001542526,-0.792860313206563,0.0,1.0,0.0,0.0,0.0,1.0,0.0
1.4542497727299297,0.5634755303788646,-0.016816067416960123,0.8833044726520513,0.6412936287070695,-0.0340352215153592,-1.338640750181236,0.0,1.0,0.0,0.0,1.0,0.0,0.0
-0.16328607837776465,-0.23754217046643258,-0.060861497513045384,1.2059675184866678,0.6082914812297041,0.8445179177979927,1.387124765514114,0.0,1.0,1.0,0.0,0.0,0.0,0.0
-0.9720540039316119,-0.213268906804454,0.8702384084716263,0.23797838098281646,1.0994862343811829,-0.12277796286014188,0.8476176668954719,1.0,0.0,1.0,0.0,0.0,0.0,0.0
-1.51123262096751,-0.559714579070877,0.09893122562623836,-1.5073353669407934,-1.054863253269129,0.2055701801155553,2.258334629707881,1.0,0.0,0.0,0.0,0.0,0.0,1.0
-0.9720540039316119,1.084247368944953,1.0945628082633125,-0.08468466485180025,1.0994862343811829,0.06358179396390239,1.3651680812680063,0.0,1.0,1.0,0.0,0.0,0.0,0.0
0.3758925386581335,0.3229495540919848,0.7565397400840592,-0.07001816276840887,1.0994862343811829,0.08133034223285861,-1.2037639755265757,1.0,0.0,0.0,0.0,0.0,1.0,0.0
-0.9720540039316119,-0.3765617714395831,-0.802463622851771,-1.1553393169393926,-1.6005499243483507,0.40080421107407765,-0.27217322965601265,1.0,0.0,1.0,0.0,0.0,0.0,0.0
0.10630323014018443,-0.6832875577136777,1.2994252738264964,-0.5246797273535505,-0.2459268941727886,0.6581581609739484,-0.15297980089142893,1.0,0.0,0.0,0.0,1.0,0.0,0.0
1.993428389765828,0.6054020767041004,0.660254381269363,-0.5100132252701591,1.0994862343811829,-0.13165223699462078,-0.5231067638972419,1.0,0.0,0.0,0.0,0.0,1.0,0.0
-0.9720540039316119,-0.6546009733858849,-0.10285830295349775,-1.2140053252729595,0.5069825633922121,1.7940652501871701,-0.1623898084254751,1.0,0.0,0.0,0.0,0.0,1.0,0.0
-0.7024646954136627,0.7201484140152723,0.08663947769244687,0.03264735181533334,1.0994862343811829,0.7735237247221662,-1.0594771933378688,1.0,0.0,0.0,0.0,0.0,0.0,1.0
0.3758925386581335,0.30529627142872756,-0.5525314148646867,0.09131336014890014,-0.2213671565152141,1.7141967829768656,-0.17179981595952126,1.0,0.0,0.0,0.0,0.0,0.0,1.0
0.9150711556940316,-0.023496118174438484,-0.9223081652062337,-1.1260063127726099,-0.12082573047952179,-0.2558920748773167,-0.4666467186929652,1.0,0.0,0.0,1.0,0.0,0.0,0.0
0.3758925386581335,-0.19782228447410388,0.3283771870570039,-0.568679233603726,0.7134378580761928,0.3031871955948161,-0.1623898084254751,1.0,0.0,0.0,0.0,0.0,0.0,1.0
0.9150711556940316,0.7422150173443438,0.04925207772716631,-0.3780147065196342,1.0994862343811829,-0.6374858626598833,-0.027513033770814585,1.0,0.0,0.0,0.0,0.0,1.0,0.0
-0.7024646954136627,-1.6851113488535256,0.2290188912588598,-0.6126787398539014,-0.6358127294867745,-0.32688626795314313,2.258334629707881,1.0,0.0,0.0,0.0,1.0,0.0,0.0
-0.4328753868957137,-0.3059486407865545,0.5834309566831689,-0.6126787398539014,0.16851867879877178,1.0220034004875589,-0.47919339540502665,0.0,1.0,0.0,1.0,0.0,0.0,0.0
-0.9720540039316119,0.8326880909935371,0.7135186223157903,0.5753079289008258,0.7403000711391639,-0.5221202989116656,-0.4635100495149499,1.0,0.0,0.0,0.0,0.0,1.0,0.0
1.7238390812478788,0.05153033314440473,0.939891646763108,-0.040685158601624825,-0.4508472052531712,-0.2913891714152299,-0.027513033770814585,1.0,0.0,0.0,0.0,0.0,0.0,1.0
-0.7024646954136627,-0.01908279750862427,1.5411629831910536,0.3993099039001255,1.0994862343811829,-1.4539190830318869,0.6907842079947037,1.0,0.0,0.0,0.0,0.0,0.0,1.0
1.7238390812478788,0.5524422287143287,0.2925262555834473,-1.8446649148588028,0.4286983996086956,-0.5043717506427093,-1.310410727579098,1.0,0.0,0.0,0.0,0.0,1.0,0.0
-1.51123262096751,1.2916734402382257,0.11532022287129275,0.34064389556655866,1.0994862343811829,-1.205439407266495,0.5715907792301197,1.0,0.0,0.0,0.0,0.0,1.0,0.0
-0.4328753868957137,-0.003636175178274128,-0.5699447244375575,0.3259773934831673,1.0964162671739857,0.9510092074117323,0.08540705663773858,1.0,0.0,0.0,0.0,0.0,0.0,1.0
0.10630323014018443,1.181340423592868,1.5411629831910536,1.733961593488769,0.8423764807784564,-1.0900738435182773,0.9072143812777637,1.0,0.0,0.0,0.0,1.0,0.0,0.0
-1.51123262096751,0.13979674646069098,0.6274763867792528,1.8366271080725112,-0.5705759263338442,-0.6374858626598833,0.4555340196435513,0.0,1.0,0.0,0.0,1.0,0.0,0.0
-0.4328753868957137,0.14200340679359807,-0.40912768897045876,-0.275349191935892,-0.4876868117395324,0.14345026117420695,-0.31922326732624323,0.0,1.0,0.0,0.0,0.0,1.0,0.0
-0.9720540039316119,0.16848333078848376,-0.3456203246458713,-0.9793412919386936,0.6190363664548927,0.21444445425003342,-1.3919641262074973,1.0,0.0,0.0,0.0,0.0,1.0,0.0
0.3758925386581335,1.7462454688170992,-0.10490692760912919,0.003314347648550597,1.0994862343811829,1.4923399296149082,-1.338640750181236,1.0,0.0,0.0,0.0,0.0,1.0,0.0
0.10630323014018443,-1.0231132489813795,-0.7440778201662642,-0.6420117440206842,-1.1738244825480038,1.6520768640355172,-0.5262434330752572,1.0,0.0,1.0,0.0,0.0,0.0,0.0
-0.9720540039316119,0.8437213926580731,1.418245503853143,0.047313853898724716,1.0994862343811829,-1.8355128708144544,-0.6548468693738871,0.0,1.0,0.0,0.0,0.0,1.0,0.0
0.6454818471760826,-1.6542181041928257,1.5411629831910536,0.8979709747354425,1.0994862343811829,0.8711407402014277,1.3275280511318222,0.0,1.0,0.0,0.0,0.0,0.0,1.0
-0.4328753868957137,1.40421311721649,0.031326611990388,0.9566369830690094,1.0994862343811829,-0.7351028781391449,-1.4099999739810856,1.0,0.0,0.0,0.0,1.0,0.0,0.0
1.993428389765828,-0.032322759506067306,-0.46546486700033407,-0.40734771068641695,1.0994862343811829,1.2172374314460803,-0.6893502303320559,1.0,0.0,0.0,0.0,1.0,0.0,0.0
0.6454818471760826,1.6226724901742988,-0.8147553707855625,0.23797838098281646,1.0994862343811829,0.5427925972257306,-0.7175802529341945,1.0,0.0,0.0,0.0,0.0,1.0,0.0
1.4542497727299297,0.6760152073571294,1.4530721229988846,1.5286305643212845,1.0994862343811829,0.6581581609739484,-0.32863327486028937,0.0,1.0,0.0,0.0,0.0,0.0,1.0
1.1846604642119807,0.23909646144151278,-0.8096338091464831,0.6339739372343927,-0.7555414505674476,0.3031871955948161,-0.4572367111589193,0.0,1.0,0.0,0.0,0.0,0.0,1.0
-0.7024646954136627,-1.2702592062669809,-0.7676370037060307,-1.4046698523570524,-0.42628746759559666,1.4035971882701255,1.5094548634567133,1.0,0.0,1.0,0.0,0.0,0.0,0.0
0.9150711556940316,0.3229495540919848,0.734004868872109,1.4259650497375438,0.9928048739310962,-1.1699423107285818,-0.930873757039239,1.0,0.0,0.0,0.0,0.0,1.0,0.0
0.3758925386581335,0.2788163474338415,0.4195409842326209,1.8366271080725112,0.2122657115013248,0.5960382420326,-1.0500671858038229,0.0,1.0,0.0,1.0,0.0,0.0,0.0
-0.16328607837776465,-0.3059486407865545,0.04925207772716631,-1.8446649148588028,-0.7992884832700006,1.7940652501871701,-0.5513367864993801,0.0,1.0,0.0,0.0,0.0,0.0,1.0
-0.16328607837776465,-0.7384540660363565,-0.22680009461922487,-0.3780147065196342,-1.3158104658808525,1.1196204159668197,-0.8838237193690086,0.0,1.0,0.0,0.0,0.0,1.0,0.0
0.6454818471760826,-1.0429731919775438,-0.35074188628495057,-0.8473427731881673,-1.3411376953402254,0.09020461636733672,-0.1561164700694445,1.0,0.0,0.0,0.0,0.0,0.0,1.0
-0.9720540039316119,-0.16472237948049648,-1.926134246465835,-1.0820068065224344,-1.3365327445294302,0.8445179177979927,-0.33490661321632,0.0,1.0,0.0,0.0,1.0,0.0,0.0
0.10630323014018443,0.20378989611499826,1.238990846485357,1.8366271080725112,0.6021515468153107,1.6786996864389532,-1.009290486489623,1.0,0.0,1.0,0.0,0.0,0.0,0.0
-1.51123262096751,1.5454393785225482,1.5411629831910536,0.2233118788994251,1.0994862343811829,0.0724560680983805,-0.0588797255509681,0.0,1.0,0.0,0.0,0.0,1.0,0.0
1.993428389765828,-0.01908279750862427,0.5936740799613276,-0.5100132252701591,1.0994862343811829,0.569415419629165,2.258334629707881,1.0,0.0,1.0,0.0,0.0,0.0,0.0
-0.16328607837776465,1.6999056018260488,1.5411629831910536,0.003314347648550597,1.0994862343811829,-0.8504684418873627,-0.1623898084254751,0.0,1.0,0.0,0.0,1.0,0.0,0.0
0.6454818471760826,0.8702013166529592,0.5117290937360542,-0.5540127315203346,0.6850406614096226,1.7940652501871701,-1.0657505316938995,1.0,0.0,0.0,0.0,1.0,0.0,0.0
-0.9720540039316119,1.1923737252574031,0.33247443636826823,1.8366271080725112,0.24680284258228835,-0.2558920748773167,1.2522479908594535,1.0,0.0,0.0,0.0,0.0,0.0,1.0
-0.7024646954136627,0.700288471019108,0.5229965293420293,-0.40734771068641695,1.0994862343811829,-1.8355128708144544,-0.290993244724105,1.0,0.0,0.0,0.0,1.0,0.0,0.0
-1.51123262096751,-0.32139526311690425,0.6592300689415465,1.6752955851552023,0.699623005643808,0.9243863850082964,0.32693058334492137,1.0,0.0,0.0,0.0,1.0,0.0,0.0
0.3758925386581335,-0.8487870826817142,-0.24626202884772713,0.3259773934831673,-2.064882464436857,1.6964482347079095,-0.6485735310178563,1.0,0.0,0.0,0.0,0.0,1.0,0.0
-1.51123262096751,-1.0826930779698727,0.7934149838854322,0.3993099039001255,-1.4539589902047056,0.0014618750225540366,-0.37254664335250437,0.0,1.0,0.0,0.0,1.0,0.0,0.0
0.6454818471760826,-1.5416784272145607,-0.147928045377398,-1.4193363544404438,0.28364244906864955,-1.8355128708144544,2.2434354511123082,1.0,0.0,1.0,0.0,0.0,0.0,0.0
0.6454818471760826,0.3825293830804779,1.5411629831910536,0.29664438931638326,0.5737543501487417,1.030877674622037,2.165018721661924,1.0,0.0,0.0,0.0,1.0,0.0,0.0
1.993428389765828,-0.703147500709842,-0.6027227189276677,-0.5246797273535505,0.09176949861885328,0.6670324351084265,-1.0626138625158843,1.0,0.0,0.0,0.0,1.0,0.0,0.0
